section	path
tracked	.dracon/data/keys/owner_age15xjl.pub
tracked	.dracon/data/keys/owner_age1f7y5.pub
tracked	.dracon/data/keys/owner_nixos.pub
tracked	.env
tracked	SamAI/.dracon/data/keys/owner_age1f7y5.pub
tracked	SamAI/.dracon/data/keys/owner_nixos.pub
tracked	SamAI/.env
tracked	SamAI/.env.example
tracked	SamAI/.env.production
tracked	SamAI/ai-job-finder/.ralph/deep-bug-fix-loop.md
tracked	SamAI/ai-job-finder/.ralph/deep-bug-fix-loop.state.json
tracked	SamAI/ai-job-finder/.ralph/fix-review-bugs.md
tracked	SamAI/ai-job-finder/.ralph/fix-review-bugs.state.json
tracked	SamAI/ai-job-finder/.ralph/fix-review-round2.md
tracked	SamAI/ai-job-finder/.ralph/fix-review-round2.state.json
tracked	SamAI/ai-job-finder/.ralph/full-polish-loop.md
tracked	SamAI/ai-job-finder/.ralph/full-polish-loop.state.json
tracked	SamAI/ai-job-finder/.ralph/full-redesign.md
tracked	SamAI/ai-job-finder/.ralph/full-redesign.state.json
tracked	SamAI/ai-job-finder/.ralph/loop-todos.md
tracked	SamAI/ai-job-finder/.ralph/loop-todos.state.json
tracked	SamAI/ai-job-finder/.ralph/make-it-work.md
tracked	SamAI/ai-job-finder/.ralph/make-it-work.state.json
tracked	SamAI/ai-job-finder/.ralph/next-pass-audit-fix.md
tracked	SamAI/ai-job-finder/.ralph/next-pass-audit-fix.state.json
tracked	SamAI/ai-job-finder/.ralph/next-phase-features.md
tracked	SamAI/ai-job-finder/.ralph/next-phase-features.state.json
tracked	SamAI/ai-job-finder/.ralph/options-overhaul-models.md
tracked	SamAI/ai-job-finder/.ralph/options-overhaul-models.state.json
tracked	SamAI/ai-job-finder/.ralph/popup-dark-redesign.md
tracked	SamAI/ai-job-finder/.ralph/popup-dark-redesign.state.json
tracked	SamAI/ai-job-finder/.ralph/remove-server-byok-only.md
tracked	SamAI/ai-job-finder/.ralph/remove-server-byok-only.state.json
tracked	SamAI/ai-job-finder/.ralph/ui-ux-improvements.md
tracked	SamAI/ai-job-finder/.ralph/ui-ux-improvements.state.json
tracked	SamAI/ai-job-finder/public/icon/128.png
tracked	SamAI/ai-job-finder/public/icon/16.png
tracked	SamAI/ai-job-finder/public/icon/32.png
tracked	SamAI/ai-job-finder/public/icon/48.png
tracked	SamAI/ai-job-finder/public/icon/96.png
tracked	SamAI/ai-job-finder/public/wxt.svg
tracked	SamAI/ai-job-finder/server/.env.example
tracked	SamAI/ai-job-finder/src/lib/styles/tokens.css
tracked	SamAI/assets/unnamed (1).png
tracked	SamAI/assets/unnamed (2).png
tracked	SamAI/assets/unnamed (3).png
tracked	SamAI/assets/unnamed (4).png
tracked	SamAI/assets/unnamed.png
tracked	SamAI/coverage/block-navigation.js
tracked	SamAI/coverage/favicon.png
tracked	SamAI/coverage/services/background/handlers/navigation.ts.html
tracked	SamAI/coverage/sort-arrow-sprite.png
tracked	SamAI/coverage/utils/formFiller/profileMapper.ts.html
tracked	SamAI/coverage/utils/formProfileTemplates.json.html
tracked	SamAI/coverage/utils/simpleFormProfiles.ts.html
tracked	SamAI/docs/CHROME_STORE_LISTING.md
tracked	SamAI/docs/FIREFOX_AMO_GUIDE.md
tracked	SamAI/docs/FIREFOX_SUBMISSION_GUIDE.md
tracked	SamAI/docs/assets/screenshots/1.png
tracked	SamAI/docs/assets/screenshots/2.png
tracked	SamAI/docs/assets/screenshots/3.png
tracked	SamAI/docs/assets/screenshots/4.png
tracked	SamAI/docs/assets/screenshots/5.png
tracked	SamAI/docs/assets/screenshots/SCREENSHOTS.md
tracked	SamAI/docs/assets/screenshots/t1.png
tracked	SamAI/entrypoints/profile-editor-page/index.html
tracked	SamAI/entrypoints/profile-editor-page/main.tsx
tracked	SamAI/entrypoints/profiles-page/index.html
tracked	SamAI/entrypoints/profiles-page/main.tsx
tracked	SamAI/public/1.png
tracked	SamAI/public/2.png
tracked	SamAI/public/3.png
tracked	SamAI/public/4.png
tracked	SamAI/public/440x280.png
tracked	SamAI/public/5.png
tracked	SamAI/public/icon/128.png
tracked	SamAI/public/icon/16.png
tracked	SamAI/public/icon/32.png
tracked	SamAI/public/icon/48.png
tracked	SamAI/public/icon/96.png
tracked	SamAI/public/wxt.svg
tracked	SamAI/services/background/handlers/navigation.ts
tracked	SamAI/src/content/SearchPanel/components/ProfileEditorPage.css
tracked	SamAI/src/content/SearchPanel/components/ProfileEditorPage.tsx
tracked	SamAI/src/content/SearchPanel/components/ProfilesPage.css
tracked	SamAI/src/content/SearchPanel/components/ProfilesPage.tsx
tracked	SamAI/src/content/SearchPanel/components/TabNavigation.tsx
tracked	SamAI/test/profile-editor-page.test.tsx
tracked	SamAI/test/profileMapper.test.ts
tracked	SamAI/test/simpleFormProfiles.test.ts
tracked	SamAI/utils/formFiller/profileMapper.ts
tracked	SamAI/utils/formProfileTemplates.json
tracked	SamAI/utils/simpleFormProfiles.ts
tracked	ai-ats/.dracon/data/keys/owner_age1f7y5.pub
tracked	ai-ats/.dracon/data/keys/owner_nixos.pub
tracked	ai-ats/.env
tracked	ai-ats/.env.example
tracked	ai-ats/docs/FIREFOX_AMO_GUIDE.md
tracked	ai-ats/docs/FIREFOX_SUBMISSION_GUIDE.md
tracked	ai-ats/public/icon/128.png
tracked	ai-ats/public/icon/16.png
tracked	ai-ats/public/icon/32.png
tracked	ai-ats/public/icon/48.png
tracked	ai-ats/public/icon/96.png
tracked	ai-ats/public/pdf.worker.min.mjs
tracked	ai-ats/public/wxt.svg
tracked	ai-ats/test-cvs/cv4_david_kim.txt
tracked	ai-ats/test-cvs/final/cv4_david_kim.txt
tracked	ai-ats/test-cvs/mixed/cv4_david_kim.txt
tracked	ai-ats/test-files/cv-david-kim.txt
tracked	api-debugger/.dracon/data/keys/owner_age1f7y5.pub
tracked	api-debugger/.dracon/data/keys/owner_nixos.pub
tracked	api-debugger/chrome-store.png
tracked	api-debugger/components/ProfileManager.tsx
tracked	api-debugger/docs/FIREFOX_AMO_GUIDE.md
tracked	api-debugger/docs/FIREFOX_SUBMISSION_GUIDE.md
tracked	api-debugger/docs/assets/icon.png
tracked	api-debugger/docs/assets/screenshot.png
tracked	api-debugger/lib/demoProfile.ts
tracked	api-debugger/lib/profiles.ts
tracked	api-debugger/public/_locales/en/messages.json
tracked	api-debugger/public/icon/128.png
tracked	api-debugger/public/icon/16.png
tracked	api-debugger/public/icon/32.png
tracked	api-debugger/public/icon/48.png
tracked	api-debugger/public/icon/96.png
tracked	api-debugger/public/thumb.png
tracked	api-debugger/scripts/fix-firefox-manifest.js
tracked	api-debugger/tests/profiles-crud.test.ts
tracked	auto-form-filler/.audit-ui/functional-profile-debug3/Default/Account Web Data
tracked	auto-form-filler/.audit-ui/functional-profile-debug3/Default/Account Web Data-journal
tracked	auto-form-filler/.audit-ui/functional-profile-debug3/Default/Affiliation Database
tracked	auto-form-filler/.audit-ui/functional-profile-debug3/Default/Affiliation Database-journal
tracked	auto-form-filler/.audit-ui/functional-profile-debug3/Default/BookmarkMergedSurfaceOrdering
tracked	auto-form-filler/.audit-ui/functional-profile-debug3/Default/Cache/Cache_Data/60275391413c5610_0
tracked	auto-form-filler/.audit-ui/functional-profile-debug3/Default/Cache/Cache_Data/7e0f8c4ddb5a9a1e_0
tracked	auto-form-filler/.audit-ui/functional-profile-debug3/Default/Cache/Cache_Data/8121ea39bde7a9ef_0
tracked	auto-form-filler/.audit-ui/functional-profile-debug3/Default/Cache/Cache_Data/eb1e553f9fc0ebeb_0
tracked	auto-form-filler/.audit-ui/functional-profile-debug3/Default/Cache/Cache_Data/index
tracked	auto-form-filler/.audit-ui/functional-profile-debug3/Default/Cache/Cache_Data/index-dir/the-real-index
tracked	auto-form-filler/.audit-ui/functional-profile-debug3/Default/Cache/No_Vary_Search/journal.baj
tracked	auto-form-filler/.audit-ui/functional-profile-debug3/Default/Cache/No_Vary_Search/snapshot.baf
tracked	auto-form-filler/.audit-ui/functional-profile-debug3/Default/ClientCertificates/LOCK
tracked	auto-form-filler/.audit-ui/functional-profile-debug3/Default/ClientCertificates/LOG
tracked	auto-form-filler/.audit-ui/functional-profile-debug3/Default/ClientCertificates/LOG.old
tracked	auto-form-filler/.audit-ui/functional-profile-debug3/Default/Code Cache/js/222f7c10de3ff926_0
tracked	auto-form-filler/.audit-ui/functional-profile-debug3/Default/Code Cache/js/43a7359bf7c63316_0
tracked	auto-form-filler/.audit-ui/functional-profile-debug3/Default/Code Cache/js/4bd3243c0e65bd9d_0
tracked	auto-form-filler/.audit-ui/functional-profile-debug3/Default/Code Cache/js/5a1883e0a1b9d887_0
tracked	auto-form-filler/.audit-ui/functional-profile-debug3/Default/Code Cache/js/89f8c785332f7f65_0
tracked	auto-form-filler/.audit-ui/functional-profile-debug3/Default/Code Cache/js/da47abc846fb5923_0
tracked	auto-form-filler/.audit-ui/functional-profile-debug3/Default/Code Cache/js/index
tracked	auto-form-filler/.audit-ui/functional-profile-debug3/Default/Code Cache/js/index-dir/the-real-index
tracked	auto-form-filler/.audit-ui/functional-profile-debug3/Default/Code Cache/wasm/index
tracked	auto-form-filler/.audit-ui/functional-profile-debug3/Default/Code Cache/wasm/index-dir/the-real-index
tracked	auto-form-filler/.audit-ui/functional-profile-debug3/Default/Cookies
tracked	auto-form-filler/.audit-ui/functional-profile-debug3/Default/Cookies-journal
tracked	auto-form-filler/.audit-ui/functional-profile-debug3/Default/DawnGraphiteCache/data_0
tracked	auto-form-filler/.audit-ui/functional-profile-debug3/Default/DawnGraphiteCache/data_1
tracked	auto-form-filler/.audit-ui/functional-profile-debug3/Default/DawnGraphiteCache/data_2
tracked	auto-form-filler/.audit-ui/functional-profile-debug3/Default/DawnGraphiteCache/data_3
tracked	auto-form-filler/.audit-ui/functional-profile-debug3/Default/DawnGraphiteCache/index
tracked	auto-form-filler/.audit-ui/functional-profile-debug3/Default/DawnWebGPUCache/data_0
tracked	auto-form-filler/.audit-ui/functional-profile-debug3/Default/DawnWebGPUCache/data_1
tracked	auto-form-filler/.audit-ui/functional-profile-debug3/Default/DawnWebGPUCache/data_2
tracked	auto-form-filler/.audit-ui/functional-profile-debug3/Default/DawnWebGPUCache/data_3
tracked	auto-form-filler/.audit-ui/functional-profile-debug3/Default/DawnWebGPUCache/index
tracked	auto-form-filler/.audit-ui/functional-profile-debug3/Default/Extension Rules/CURRENT
tracked	auto-form-filler/.audit-ui/functional-profile-debug3/Default/Extension Rules/LOCK
tracked	auto-form-filler/.audit-ui/functional-profile-debug3/Default/Extension Rules/LOG
tracked	auto-form-filler/.audit-ui/functional-profile-debug3/Default/Extension Rules/LOG.old
tracked	auto-form-filler/.audit-ui/functional-profile-debug3/Default/Extension Rules/MANIFEST-000001
tracked	auto-form-filler/.audit-ui/functional-profile-debug3/Default/Extension Scripts/CURRENT
tracked	auto-form-filler/.audit-ui/functional-profile-debug3/Default/Extension Scripts/LOCK
tracked	auto-form-filler/.audit-ui/functional-profile-debug3/Default/Extension Scripts/LOG
tracked	auto-form-filler/.audit-ui/functional-profile-debug3/Default/Extension Scripts/LOG.old
tracked	auto-form-filler/.audit-ui/functional-profile-debug3/Default/Extension Scripts/MANIFEST-000001
tracked	auto-form-filler/.audit-ui/functional-profile-debug3/Default/Extension State/CURRENT
tracked	auto-form-filler/.audit-ui/functional-profile-debug3/Default/Extension State/LOCK
tracked	auto-form-filler/.audit-ui/functional-profile-debug3/Default/Extension State/LOG
tracked	auto-form-filler/.audit-ui/functional-profile-debug3/Default/Extension State/LOG.old
tracked	auto-form-filler/.audit-ui/functional-profile-debug3/Default/Extension State/MANIFEST-000001
tracked	auto-form-filler/.audit-ui/functional-profile-debug3/Default/Favicons
tracked	auto-form-filler/.audit-ui/functional-profile-debug3/Default/Favicons-journal
tracked	auto-form-filler/.audit-ui/functional-profile-debug3/Default/GPUCache/data_0
tracked	auto-form-filler/.audit-ui/functional-profile-debug3/Default/GPUCache/data_1
tracked	auto-form-filler/.audit-ui/functional-profile-debug3/Default/GPUCache/data_2
tracked	auto-form-filler/.audit-ui/functional-profile-debug3/Default/GPUCache/data_3
tracked	auto-form-filler/.audit-ui/functional-profile-debug3/Default/GPUCache/index
tracked	auto-form-filler/.audit-ui/functional-profile-debug3/Default/History
tracked	auto-form-filler/.audit-ui/functional-profile-debug3/Default/History-journal
tracked	auto-form-filler/.audit-ui/functional-profile-debug3/Default/LOCK
tracked	auto-form-filler/.audit-ui/functional-profile-debug3/Default/LOG
tracked	auto-form-filler/.audit-ui/functional-profile-debug3/Default/LOG.old
tracked	auto-form-filler/.audit-ui/functional-profile-debug3/Default/Local Extension Settings/eainhgdjdmipbcjhbjbnhgmccchbaegd/CURRENT
tracked	auto-form-filler/.audit-ui/functional-profile-debug3/Default/Local Extension Settings/eainhgdjdmipbcjhbjbnhgmccchbaegd/LOCK
tracked	auto-form-filler/.audit-ui/functional-profile-debug3/Default/Local Extension Settings/eainhgdjdmipbcjhbjbnhgmccchbaegd/LOG
tracked	auto-form-filler/.audit-ui/functional-profile-debug3/Default/Local Extension Settings/eainhgdjdmipbcjhbjbnhgmccchbaegd/LOG.old
tracked	auto-form-filler/.audit-ui/functional-profile-debug3/Default/Local Extension Settings/eainhgdjdmipbcjhbjbnhgmccchbaegd/MANIFEST-000001
tracked	auto-form-filler/.audit-ui/functional-profile-debug3/Default/Local Storage/leveldb/CURRENT
tracked	auto-form-filler/.audit-ui/functional-profile-debug3/Default/Local Storage/leveldb/LOCK
tracked	auto-form-filler/.audit-ui/functional-profile-debug3/Default/Local Storage/leveldb/LOG
tracked	auto-form-filler/.audit-ui/functional-profile-debug3/Default/Local Storage/leveldb/LOG.old
tracked	auto-form-filler/.audit-ui/functional-profile-debug3/Default/Local Storage/leveldb/MANIFEST-000001
tracked	auto-form-filler/.audit-ui/functional-profile-debug3/Default/Login Data
tracked	auto-form-filler/.audit-ui/functional-profile-debug3/Default/Login Data For Account
tracked	auto-form-filler/.audit-ui/functional-profile-debug3/Default/Login Data For Account-journal
tracked	auto-form-filler/.audit-ui/functional-profile-debug3/Default/Login Data-journal
tracked	auto-form-filler/.audit-ui/functional-profile-debug3/Default/Network Persistent State
tracked	auto-form-filler/.audit-ui/functional-profile-debug3/Default/PersistentOriginTrials/LOCK
tracked	auto-form-filler/.audit-ui/functional-profile-debug3/Default/PersistentOriginTrials/LOG
tracked	auto-form-filler/.audit-ui/functional-profile-debug3/Default/PersistentOriginTrials/LOG.old
tracked	auto-form-filler/.audit-ui/functional-profile-debug3/Default/Preferences
tracked	auto-form-filler/.audit-ui/functional-profile-debug3/Default/README
tracked	auto-form-filler/.audit-ui/functional-profile-debug3/Default/Reporting and NEL
tracked	auto-form-filler/.audit-ui/functional-profile-debug3/Default/Reporting and NEL-journal
tracked	auto-form-filler/.audit-ui/functional-profile-debug3/Default/SCT Auditing Pending Reports
tracked	auto-form-filler/.audit-ui/functional-profile-debug3/Default/Safe Browsing Cookies
tracked	auto-form-filler/.audit-ui/functional-profile-debug3/Default/Safe Browsing Cookies-journal
tracked	auto-form-filler/.audit-ui/functional-profile-debug3/Default/Secure Preferences
tracked	auto-form-filler/.audit-ui/functional-profile-debug3/Default/Segmentation Platform/SegmentInfoDB/LOCK
tracked	auto-form-filler/.audit-ui/functional-profile-debug3/Default/Segmentation Platform/SegmentInfoDB/LOG
tracked	auto-form-filler/.audit-ui/functional-profile-debug3/Default/Segmentation Platform/SegmentInfoDB/LOG.old
tracked	auto-form-filler/.audit-ui/functional-profile-debug3/Default/Segmentation Platform/SignalDB/LOCK
tracked	auto-form-filler/.audit-ui/functional-profile-debug3/Default/Segmentation Platform/SignalDB/LOG
tracked	auto-form-filler/.audit-ui/functional-profile-debug3/Default/Segmentation Platform/SignalDB/LOG.old
tracked	auto-form-filler/.audit-ui/functional-profile-debug3/Default/Segmentation Platform/SignalStorageConfigDB/LOCK
tracked	auto-form-filler/.audit-ui/functional-profile-debug3/Default/Segmentation Platform/SignalStorageConfigDB/LOG
tracked	auto-form-filler/.audit-ui/functional-profile-debug3/Default/Segmentation Platform/SignalStorageConfigDB/LOG.old
tracked	auto-form-filler/.audit-ui/functional-profile-debug3/Default/ServerCertificate
tracked	auto-form-filler/.audit-ui/functional-profile-debug3/Default/ServerCertificate-journal
tracked	auto-form-filler/.audit-ui/functional-profile-debug3/Default/Service Worker/Database/CURRENT
tracked	auto-form-filler/.audit-ui/functional-profile-debug3/Default/Service Worker/Database/LOCK
tracked	auto-form-filler/.audit-ui/functional-profile-debug3/Default/Service Worker/Database/LOG
tracked	auto-form-filler/.audit-ui/functional-profile-debug3/Default/Service Worker/Database/LOG.old
tracked	auto-form-filler/.audit-ui/functional-profile-debug3/Default/Service Worker/Database/MANIFEST-000001
tracked	auto-form-filler/.audit-ui/functional-profile-debug3/Default/Service Worker/ScriptCache/2cc80dabc69f58b6_0
tracked	auto-form-filler/.audit-ui/functional-profile-debug3/Default/Service Worker/ScriptCache/2cc80dabc69f58b6_1
tracked	auto-form-filler/.audit-ui/functional-profile-debug3/Default/Service Worker/ScriptCache/index
tracked	auto-form-filler/.audit-ui/functional-profile-debug3/Default/Service Worker/ScriptCache/index-dir/the-real-index
tracked	auto-form-filler/.audit-ui/functional-profile-debug3/Default/Session Storage/CURRENT
tracked	auto-form-filler/.audit-ui/functional-profile-debug3/Default/Session Storage/LOCK
tracked	auto-form-filler/.audit-ui/functional-profile-debug3/Default/Session Storage/LOG
tracked	auto-form-filler/.audit-ui/functional-profile-debug3/Default/Session Storage/LOG.old
tracked	auto-form-filler/.audit-ui/functional-profile-debug3/Default/Session Storage/MANIFEST-000001
tracked	auto-form-filler/.audit-ui/functional-profile-debug3/Default/Sessions/Session_13425612140053305
tracked	auto-form-filler/.audit-ui/functional-profile-debug3/Default/Sessions/Tabs_13425612140071004
tracked	auto-form-filler/.audit-ui/functional-profile-debug3/Default/Shared Dictionary/cache/index
tracked	auto-form-filler/.audit-ui/functional-profile-debug3/Default/Shared Dictionary/cache/index-dir/the-real-index
tracked	auto-form-filler/.audit-ui/functional-profile-debug3/Default/Shared Dictionary/db
tracked	auto-form-filler/.audit-ui/functional-profile-debug3/Default/Shared Dictionary/db-journal
tracked	auto-form-filler/.audit-ui/functional-profile-debug3/Default/Site Characteristics Database/CURRENT
tracked	auto-form-filler/.audit-ui/functional-profile-debug3/Default/Site Characteristics Database/LOCK
tracked	auto-form-filler/.audit-ui/functional-profile-debug3/Default/Site Characteristics Database/LOG
tracked	auto-form-filler/.audit-ui/functional-profile-debug3/Default/Site Characteristics Database/LOG.old
tracked	auto-form-filler/.audit-ui/functional-profile-debug3/Default/Site Characteristics Database/MANIFEST-000001
tracked	auto-form-filler/.audit-ui/functional-profile-debug3/Default/Sync Data/LevelDB/CURRENT
tracked	auto-form-filler/.audit-ui/functional-profile-debug3/Default/Sync Data/LevelDB/LOCK
tracked	auto-form-filler/.audit-ui/functional-profile-debug3/Default/Sync Data/LevelDB/LOG
tracked	auto-form-filler/.audit-ui/functional-profile-debug3/Default/Sync Data/LevelDB/LOG.old
tracked	auto-form-filler/.audit-ui/functional-profile-debug3/Default/Sync Data/LevelDB/MANIFEST-000001
tracked	auto-form-filler/.audit-ui/functional-profile-debug3/Default/Sync Extension Settings/eainhgdjdmipbcjhbjbnhgmccchbaegd/CURRENT
tracked	auto-form-filler/.audit-ui/functional-profile-debug3/Default/Sync Extension Settings/eainhgdjdmipbcjhbjbnhgmccchbaegd/LOCK
tracked	auto-form-filler/.audit-ui/functional-profile-debug3/Default/Sync Extension Settings/eainhgdjdmipbcjhbjbnhgmccchbaegd/LOG
tracked	auto-form-filler/.audit-ui/functional-profile-debug3/Default/Sync Extension Settings/eainhgdjdmipbcjhbjbnhgmccchbaegd/LOG.old
tracked	auto-form-filler/.audit-ui/functional-profile-debug3/Default/Sync Extension Settings/eainhgdjdmipbcjhbjbnhgmccchbaegd/MANIFEST-000001
tracked	auto-form-filler/.audit-ui/functional-profile-debug3/Default/Top Sites
tracked	auto-form-filler/.audit-ui/functional-profile-debug3/Default/Top Sites-journal
tracked	auto-form-filler/.audit-ui/functional-profile-debug3/Default/TransportSecurity
tracked	auto-form-filler/.audit-ui/functional-profile-debug3/Default/Trust Tokens
tracked	auto-form-filler/.audit-ui/functional-profile-debug3/Default/Trust Tokens-journal
tracked	auto-form-filler/.audit-ui/functional-profile-debug3/Default/Web Data
tracked	auto-form-filler/.audit-ui/functional-profile-debug3/Default/Web Data-journal
tracked	auto-form-filler/.audit-ui/functional-profile-debug3/Default/WebStorage/QuotaManager
tracked	auto-form-filler/.audit-ui/functional-profile-debug3/Default/WebStorage/QuotaManager-journal
tracked	auto-form-filler/.audit-ui/functional-profile-debug3/Default/chrome_cart_db/LOCK
tracked	auto-form-filler/.audit-ui/functional-profile-debug3/Default/chrome_cart_db/LOG
tracked	auto-form-filler/.audit-ui/functional-profile-debug3/Default/chrome_cart_db/LOG.old
tracked	auto-form-filler/.audit-ui/functional-profile-debug3/Default/commerce_subscription_db/LOCK
tracked	auto-form-filler/.audit-ui/functional-profile-debug3/Default/commerce_subscription_db/LOG
tracked	auto-form-filler/.audit-ui/functional-profile-debug3/Default/commerce_subscription_db/LOG.old
tracked	auto-form-filler/.audit-ui/functional-profile-debug3/Default/discount_infos_db/LOCK
tracked	auto-form-filler/.audit-ui/functional-profile-debug3/Default/discount_infos_db/LOG
tracked	auto-form-filler/.audit-ui/functional-profile-debug3/Default/discount_infos_db/LOG.old
tracked	auto-form-filler/.audit-ui/functional-profile-debug3/Default/discounts_db/LOCK
tracked	auto-form-filler/.audit-ui/functional-profile-debug3/Default/discounts_db/LOG
tracked	auto-form-filler/.audit-ui/functional-profile-debug3/Default/discounts_db/LOG.old
tracked	auto-form-filler/.audit-ui/functional-profile-debug3/Default/parcel_tracking_db/LOCK
tracked	auto-form-filler/.audit-ui/functional-profile-debug3/Default/parcel_tracking_db/LOG
tracked	auto-form-filler/.audit-ui/functional-profile-debug3/Default/parcel_tracking_db/LOG.old
tracked	auto-form-filler/.audit-ui/functional-profile-debug3/Default/shared_proto_db/CURRENT
tracked	auto-form-filler/.audit-ui/functional-profile-debug3/Default/shared_proto_db/LOCK
tracked	auto-form-filler/.audit-ui/functional-profile-debug3/Default/shared_proto_db/LOG
tracked	auto-form-filler/.audit-ui/functional-profile-debug3/Default/shared_proto_db/LOG.old
tracked	auto-form-filler/.audit-ui/functional-profile-debug3/Default/shared_proto_db/MANIFEST-000001
tracked	auto-form-filler/.audit-ui/functional-profile-debug3/Default/shared_proto_db/metadata/CURRENT
tracked	auto-form-filler/.audit-ui/functional-profile-debug3/Default/shared_proto_db/metadata/LOCK
tracked	auto-form-filler/.audit-ui/functional-profile-debug3/Default/shared_proto_db/metadata/LOG
tracked	auto-form-filler/.audit-ui/functional-profile-debug3/Default/shared_proto_db/metadata/LOG.old
tracked	auto-form-filler/.audit-ui/functional-profile-debug3/Default/shared_proto_db/metadata/MANIFEST-000001
tracked	auto-form-filler/.audit-ui/functional-profile-debug3/Default/trusted_vault.pb
tracked	auto-form-filler/.audit-ui/functional-profile-debug3/GrShaderCache/data_0
tracked	auto-form-filler/.audit-ui/functional-profile-debug3/GrShaderCache/data_1
tracked	auto-form-filler/.audit-ui/functional-profile-debug3/GrShaderCache/data_2
tracked	auto-form-filler/.audit-ui/functional-profile-debug3/GrShaderCache/data_3
tracked	auto-form-filler/.audit-ui/functional-profile-debug3/GrShaderCache/index
tracked	auto-form-filler/.audit-ui/functional-profile-debug3/GraphiteDawnCache/data_0
tracked	auto-form-filler/.audit-ui/functional-profile-debug3/GraphiteDawnCache/data_1
tracked	auto-form-filler/.audit-ui/functional-profile-debug3/GraphiteDawnCache/data_2
tracked	auto-form-filler/.audit-ui/functional-profile-debug3/GraphiteDawnCache/data_3
tracked	auto-form-filler/.audit-ui/functional-profile-debug3/GraphiteDawnCache/index
tracked	auto-form-filler/.audit-ui/functional-profile-debug3/Last Version
tracked	auto-form-filler/.audit-ui/functional-profile-debug3/Local State
tracked	auto-form-filler/.audit-ui/functional-profile-debug3/ShaderCache/data_0
tracked	auto-form-filler/.audit-ui/functional-profile-debug3/ShaderCache/data_1
tracked	auto-form-filler/.audit-ui/functional-profile-debug3/ShaderCache/data_2
tracked	auto-form-filler/.audit-ui/functional-profile-debug3/ShaderCache/data_3
tracked	auto-form-filler/.audit-ui/functional-profile-debug3/ShaderCache/index
tracked	auto-form-filler/.audit-ui/functional-profile-debug3/Variations
tracked	auto-form-filler/.audit-ui/functional-profile-debug3/segmentation_platform/ukm_db
tracked	auto-form-filler/.audit-ui/functional-profile-debug4/Default/Account Web Data
tracked	auto-form-filler/.audit-ui/functional-profile-debug4/Default/Account Web Data-journal
tracked	auto-form-filler/.audit-ui/functional-profile-debug4/Default/Affiliation Database
tracked	auto-form-filler/.audit-ui/functional-profile-debug4/Default/Affiliation Database-journal
tracked	auto-form-filler/.audit-ui/functional-profile-debug4/Default/BookmarkMergedSurfaceOrdering
tracked	auto-form-filler/.audit-ui/functional-profile-debug4/Default/Cache/Cache_Data/16b9b55b11bf54df_0
tracked	auto-form-filler/.audit-ui/functional-profile-debug4/Default/Cache/Cache_Data/245558ab1ffa1acc_0
tracked	auto-form-filler/.audit-ui/functional-profile-debug4/Default/Cache/Cache_Data/60275391413c5610_0
tracked	auto-form-filler/.audit-ui/functional-profile-debug4/Default/Cache/Cache_Data/7e0f8c4ddb5a9a1e_0
tracked	auto-form-filler/.audit-ui/functional-profile-debug4/Default/Cache/Cache_Data/8121ea39bde7a9ef_0
tracked	auto-form-filler/.audit-ui/functional-profile-debug4/Default/Cache/Cache_Data/daf01940055749c3_0
tracked	auto-form-filler/.audit-ui/functional-profile-debug4/Default/Cache/Cache_Data/eb1e553f9fc0ebeb_0
tracked	auto-form-filler/.audit-ui/functional-profile-debug4/Default/Cache/Cache_Data/index
tracked	auto-form-filler/.audit-ui/functional-profile-debug4/Default/Cache/Cache_Data/index-dir/the-real-index
tracked	auto-form-filler/.audit-ui/functional-profile-debug4/Default/Cache/No_Vary_Search/journal.baj
tracked	auto-form-filler/.audit-ui/functional-profile-debug4/Default/Cache/No_Vary_Search/snapshot.baf
tracked	auto-form-filler/.audit-ui/functional-profile-debug4/Default/ClientCertificates/LOCK
tracked	auto-form-filler/.audit-ui/functional-profile-debug4/Default/ClientCertificates/LOG
tracked	auto-form-filler/.audit-ui/functional-profile-debug4/Default/Code Cache/js/4bd3243c0e65bd9d_0
tracked	auto-form-filler/.audit-ui/functional-profile-debug4/Default/Code Cache/js/5a1883e0a1b9d887_0
tracked	auto-form-filler/.audit-ui/functional-profile-debug4/Default/Code Cache/js/85f266a135d93264_0
tracked	auto-form-filler/.audit-ui/functional-profile-debug4/Default/Code Cache/js/da47abc846fb5923_0
tracked	auto-form-filler/.audit-ui/functional-profile-debug4/Default/Code Cache/js/index
tracked	auto-form-filler/.audit-ui/functional-profile-debug4/Default/Code Cache/js/index-dir/the-real-index
tracked	auto-form-filler/.audit-ui/functional-profile-debug4/Default/Code Cache/wasm/index
tracked	auto-form-filler/.audit-ui/functional-profile-debug4/Default/Code Cache/wasm/index-dir/the-real-index
tracked	auto-form-filler/.audit-ui/functional-profile-debug4/Default/Cookies
tracked	auto-form-filler/.audit-ui/functional-profile-debug4/Default/Cookies-journal
tracked	auto-form-filler/.audit-ui/functional-profile-debug4/Default/DawnGraphiteCache/data_0
tracked	auto-form-filler/.audit-ui/functional-profile-debug4/Default/DawnGraphiteCache/data_1
tracked	auto-form-filler/.audit-ui/functional-profile-debug4/Default/DawnGraphiteCache/data_2
tracked	auto-form-filler/.audit-ui/functional-profile-debug4/Default/DawnGraphiteCache/data_3
tracked	auto-form-filler/.audit-ui/functional-profile-debug4/Default/DawnGraphiteCache/index
tracked	auto-form-filler/.audit-ui/functional-profile-debug4/Default/DawnWebGPUCache/data_0
tracked	auto-form-filler/.audit-ui/functional-profile-debug4/Default/DawnWebGPUCache/data_1
tracked	auto-form-filler/.audit-ui/functional-profile-debug4/Default/DawnWebGPUCache/data_2
tracked	auto-form-filler/.audit-ui/functional-profile-debug4/Default/DawnWebGPUCache/data_3
tracked	auto-form-filler/.audit-ui/functional-profile-debug4/Default/DawnWebGPUCache/index
tracked	auto-form-filler/.audit-ui/functional-profile-debug4/Default/Extension Rules/CURRENT
tracked	auto-form-filler/.audit-ui/functional-profile-debug4/Default/Extension Rules/LOCK
tracked	auto-form-filler/.audit-ui/functional-profile-debug4/Default/Extension Rules/LOG
tracked	auto-form-filler/.audit-ui/functional-profile-debug4/Default/Extension Rules/MANIFEST-000001
tracked	auto-form-filler/.audit-ui/functional-profile-debug4/Default/Extension Scripts/CURRENT
tracked	auto-form-filler/.audit-ui/functional-profile-debug4/Default/Extension Scripts/LOCK
tracked	auto-form-filler/.audit-ui/functional-profile-debug4/Default/Extension Scripts/LOG
tracked	auto-form-filler/.audit-ui/functional-profile-debug4/Default/Extension Scripts/MANIFEST-000001
tracked	auto-form-filler/.audit-ui/functional-profile-debug4/Default/Extension State/CURRENT
tracked	auto-form-filler/.audit-ui/functional-profile-debug4/Default/Extension State/LOCK
tracked	auto-form-filler/.audit-ui/functional-profile-debug4/Default/Extension State/LOG
tracked	auto-form-filler/.audit-ui/functional-profile-debug4/Default/Extension State/MANIFEST-000001
tracked	auto-form-filler/.audit-ui/functional-profile-debug4/Default/Favicons
tracked	auto-form-filler/.audit-ui/functional-profile-debug4/Default/Favicons-journal
tracked	auto-form-filler/.audit-ui/functional-profile-debug4/Default/GPUCache/data_0
tracked	auto-form-filler/.audit-ui/functional-profile-debug4/Default/GPUCache/data_1
tracked	auto-form-filler/.audit-ui/functional-profile-debug4/Default/GPUCache/data_2
tracked	auto-form-filler/.audit-ui/functional-profile-debug4/Default/GPUCache/data_3
tracked	auto-form-filler/.audit-ui/functional-profile-debug4/Default/GPUCache/index
tracked	auto-form-filler/.audit-ui/functional-profile-debug4/Default/History
tracked	auto-form-filler/.audit-ui/functional-profile-debug4/Default/History-journal
tracked	auto-form-filler/.audit-ui/functional-profile-debug4/Default/LOCK
tracked	auto-form-filler/.audit-ui/functional-profile-debug4/Default/LOG
tracked	auto-form-filler/.audit-ui/functional-profile-debug4/Default/Local Extension Settings/eainhgdjdmipbcjhbjbnhgmccchbaegd/CURRENT
tracked	auto-form-filler/.audit-ui/functional-profile-debug4/Default/Local Extension Settings/eainhgdjdmipbcjhbjbnhgmccchbaegd/LOCK
tracked	auto-form-filler/.audit-ui/functional-profile-debug4/Default/Local Extension Settings/eainhgdjdmipbcjhbjbnhgmccchbaegd/LOG
tracked	auto-form-filler/.audit-ui/functional-profile-debug4/Default/Local Extension Settings/eainhgdjdmipbcjhbjbnhgmccchbaegd/MANIFEST-000001
tracked	auto-form-filler/.audit-ui/functional-profile-debug4/Default/Local Storage/leveldb/CURRENT
tracked	auto-form-filler/.audit-ui/functional-profile-debug4/Default/Local Storage/leveldb/LOCK
tracked	auto-form-filler/.audit-ui/functional-profile-debug4/Default/Local Storage/leveldb/LOG
tracked	auto-form-filler/.audit-ui/functional-profile-debug4/Default/Local Storage/leveldb/MANIFEST-000001
tracked	auto-form-filler/.audit-ui/functional-profile-debug4/Default/Login Data
tracked	auto-form-filler/.audit-ui/functional-profile-debug4/Default/Login Data For Account
tracked	auto-form-filler/.audit-ui/functional-profile-debug4/Default/Login Data For Account-journal
tracked	auto-form-filler/.audit-ui/functional-profile-debug4/Default/Login Data-journal
tracked	auto-form-filler/.audit-ui/functional-profile-debug4/Default/Network Persistent State
tracked	auto-form-filler/.audit-ui/functional-profile-debug4/Default/PersistentOriginTrials/LOCK
tracked	auto-form-filler/.audit-ui/functional-profile-debug4/Default/PersistentOriginTrials/LOG
tracked	auto-form-filler/.audit-ui/functional-profile-debug4/Default/Preferences
tracked	auto-form-filler/.audit-ui/functional-profile-debug4/Default/README
tracked	auto-form-filler/.audit-ui/functional-profile-debug4/Default/Reporting and NEL
tracked	auto-form-filler/.audit-ui/functional-profile-debug4/Default/Reporting and NEL-journal
tracked	auto-form-filler/.audit-ui/functional-profile-debug4/Default/SCT Auditing Pending Reports
tracked	auto-form-filler/.audit-ui/functional-profile-debug4/Default/Safe Browsing Cookies
tracked	auto-form-filler/.audit-ui/functional-profile-debug4/Default/Safe Browsing Cookies-journal
tracked	auto-form-filler/.audit-ui/functional-profile-debug4/Default/Secure Preferences
tracked	auto-form-filler/.audit-ui/functional-profile-debug4/Default/Segmentation Platform/SegmentInfoDB/LOCK
tracked	auto-form-filler/.audit-ui/functional-profile-debug4/Default/Segmentation Platform/SegmentInfoDB/LOG
tracked	auto-form-filler/.audit-ui/functional-profile-debug4/Default/Segmentation Platform/SignalDB/LOCK
tracked	auto-form-filler/.audit-ui/functional-profile-debug4/Default/Segmentation Platform/SignalDB/LOG
tracked	auto-form-filler/.audit-ui/functional-profile-debug4/Default/Segmentation Platform/SignalStorageConfigDB/LOCK
tracked	auto-form-filler/.audit-ui/functional-profile-debug4/Default/Segmentation Platform/SignalStorageConfigDB/LOG
tracked	auto-form-filler/.audit-ui/functional-profile-debug4/Default/ServerCertificate
tracked	auto-form-filler/.audit-ui/functional-profile-debug4/Default/ServerCertificate-journal
tracked	auto-form-filler/.audit-ui/functional-profile-debug4/Default/Service Worker/Database/CURRENT
tracked	auto-form-filler/.audit-ui/functional-profile-debug4/Default/Service Worker/Database/LOCK
tracked	auto-form-filler/.audit-ui/functional-profile-debug4/Default/Service Worker/Database/LOG
tracked	auto-form-filler/.audit-ui/functional-profile-debug4/Default/Service Worker/Database/MANIFEST-000001
tracked	auto-form-filler/.audit-ui/functional-profile-debug4/Default/Service Worker/ScriptCache/2cc80dabc69f58b6_0
tracked	auto-form-filler/.audit-ui/functional-profile-debug4/Default/Service Worker/ScriptCache/2cc80dabc69f58b6_1
tracked	auto-form-filler/.audit-ui/functional-profile-debug4/Default/Service Worker/ScriptCache/index
tracked	auto-form-filler/.audit-ui/functional-profile-debug4/Default/Service Worker/ScriptCache/index-dir/the-real-index
tracked	auto-form-filler/.audit-ui/functional-profile-debug4/Default/Session Storage/CURRENT
tracked	auto-form-filler/.audit-ui/functional-profile-debug4/Default/Session Storage/LOCK
tracked	auto-form-filler/.audit-ui/functional-profile-debug4/Default/Session Storage/LOG
tracked	auto-form-filler/.audit-ui/functional-profile-debug4/Default/Session Storage/MANIFEST-000001
tracked	auto-form-filler/.audit-ui/functional-profile-debug4/Default/Sessions/Session_13425612160080106
tracked	auto-form-filler/.audit-ui/functional-profile-debug4/Default/Sessions/Tabs_13425612160098927
tracked	auto-form-filler/.audit-ui/functional-profile-debug4/Default/Shared Dictionary/cache/index
tracked	auto-form-filler/.audit-ui/functional-profile-debug4/Default/Shared Dictionary/cache/index-dir/the-real-index
tracked	auto-form-filler/.audit-ui/functional-profile-debug4/Default/Shared Dictionary/db
tracked	auto-form-filler/.audit-ui/functional-profile-debug4/Default/Shared Dictionary/db-journal
tracked	auto-form-filler/.audit-ui/functional-profile-debug4/Default/Site Characteristics Database/CURRENT
tracked	auto-form-filler/.audit-ui/functional-profile-debug4/Default/Site Characteristics Database/LOCK
tracked	auto-form-filler/.audit-ui/functional-profile-debug4/Default/Site Characteristics Database/LOG
tracked	auto-form-filler/.audit-ui/functional-profile-debug4/Default/Site Characteristics Database/MANIFEST-000001
tracked	auto-form-filler/.audit-ui/functional-profile-debug4/Default/Sync Data/LevelDB/CURRENT
tracked	auto-form-filler/.audit-ui/functional-profile-debug4/Default/Sync Data/LevelDB/LOCK
tracked	auto-form-filler/.audit-ui/functional-profile-debug4/Default/Sync Data/LevelDB/LOG
tracked	auto-form-filler/.audit-ui/functional-profile-debug4/Default/Sync Data/LevelDB/MANIFEST-000001
tracked	auto-form-filler/.audit-ui/functional-profile-debug4/Default/Sync Extension Settings/eainhgdjdmipbcjhbjbnhgmccchbaegd/CURRENT
tracked	auto-form-filler/.audit-ui/functional-profile-debug4/Default/Sync Extension Settings/eainhgdjdmipbcjhbjbnhgmccchbaegd/LOCK
tracked	auto-form-filler/.audit-ui/functional-profile-debug4/Default/Sync Extension Settings/eainhgdjdmipbcjhbjbnhgmccchbaegd/LOG
tracked	auto-form-filler/.audit-ui/functional-profile-debug4/Default/Sync Extension Settings/eainhgdjdmipbcjhbjbnhgmccchbaegd/MANIFEST-000001
tracked	auto-form-filler/.audit-ui/functional-profile-debug4/Default/Top Sites
tracked	auto-form-filler/.audit-ui/functional-profile-debug4/Default/Top Sites-journal
tracked	auto-form-filler/.audit-ui/functional-profile-debug4/Default/TransportSecurity
tracked	auto-form-filler/.audit-ui/functional-profile-debug4/Default/Trust Tokens
tracked	auto-form-filler/.audit-ui/functional-profile-debug4/Default/Trust Tokens-journal
tracked	auto-form-filler/.audit-ui/functional-profile-debug4/Default/Web Data
tracked	auto-form-filler/.audit-ui/functional-profile-debug4/Default/Web Data-journal
tracked	auto-form-filler/.audit-ui/functional-profile-debug4/Default/WebStorage/QuotaManager
tracked	auto-form-filler/.audit-ui/functional-profile-debug4/Default/WebStorage/QuotaManager-journal
tracked	auto-form-filler/.audit-ui/functional-profile-debug4/Default/chrome_cart_db/LOCK
tracked	auto-form-filler/.audit-ui/functional-profile-debug4/Default/chrome_cart_db/LOG
tracked	auto-form-filler/.audit-ui/functional-profile-debug4/Default/commerce_subscription_db/LOCK
tracked	auto-form-filler/.audit-ui/functional-profile-debug4/Default/commerce_subscription_db/LOG
tracked	auto-form-filler/.audit-ui/functional-profile-debug4/Default/discount_infos_db/LOCK
tracked	auto-form-filler/.audit-ui/functional-profile-debug4/Default/discount_infos_db/LOG
tracked	auto-form-filler/.audit-ui/functional-profile-debug4/Default/discounts_db/LOCK
tracked	auto-form-filler/.audit-ui/functional-profile-debug4/Default/discounts_db/LOG
tracked	auto-form-filler/.audit-ui/functional-profile-debug4/Default/parcel_tracking_db/LOCK
tracked	auto-form-filler/.audit-ui/functional-profile-debug4/Default/parcel_tracking_db/LOG
tracked	auto-form-filler/.audit-ui/functional-profile-debug4/Default/shared_proto_db/CURRENT
tracked	auto-form-filler/.audit-ui/functional-profile-debug4/Default/shared_proto_db/LOCK
tracked	auto-form-filler/.audit-ui/functional-profile-debug4/Default/shared_proto_db/LOG
tracked	auto-form-filler/.audit-ui/functional-profile-debug4/Default/shared_proto_db/MANIFEST-000001
tracked	auto-form-filler/.audit-ui/functional-profile-debug4/Default/shared_proto_db/metadata/CURRENT
tracked	auto-form-filler/.audit-ui/functional-profile-debug4/Default/shared_proto_db/metadata/LOCK
tracked	auto-form-filler/.audit-ui/functional-profile-debug4/Default/shared_proto_db/metadata/LOG
tracked	auto-form-filler/.audit-ui/functional-profile-debug4/Default/shared_proto_db/metadata/MANIFEST-000001
tracked	auto-form-filler/.audit-ui/functional-profile-debug4/Default/trusted_vault.pb
tracked	auto-form-filler/.audit-ui/functional-profile-debug4/GrShaderCache/data_0
tracked	auto-form-filler/.audit-ui/functional-profile-debug4/GrShaderCache/data_1
tracked	auto-form-filler/.audit-ui/functional-profile-debug4/GrShaderCache/data_2
tracked	auto-form-filler/.audit-ui/functional-profile-debug4/GrShaderCache/data_3
tracked	auto-form-filler/.audit-ui/functional-profile-debug4/GrShaderCache/index
tracked	auto-form-filler/.audit-ui/functional-profile-debug4/GraphiteDawnCache/data_0
tracked	auto-form-filler/.audit-ui/functional-profile-debug4/GraphiteDawnCache/data_1
tracked	auto-form-filler/.audit-ui/functional-profile-debug4/GraphiteDawnCache/data_2
tracked	auto-form-filler/.audit-ui/functional-profile-debug4/GraphiteDawnCache/data_3
tracked	auto-form-filler/.audit-ui/functional-profile-debug4/GraphiteDawnCache/index
tracked	auto-form-filler/.audit-ui/functional-profile-debug4/Last Version
tracked	auto-form-filler/.audit-ui/functional-profile-debug4/Local State
tracked	auto-form-filler/.audit-ui/functional-profile-debug4/ShaderCache/data_0
tracked	auto-form-filler/.audit-ui/functional-profile-debug4/ShaderCache/data_1
tracked	auto-form-filler/.audit-ui/functional-profile-debug4/ShaderCache/data_2
tracked	auto-form-filler/.audit-ui/functional-profile-debug4/ShaderCache/data_3
tracked	auto-form-filler/.audit-ui/functional-profile-debug4/ShaderCache/index
tracked	auto-form-filler/.audit-ui/functional-profile-debug4/Variations
tracked	auto-form-filler/.audit-ui/functional-profile-debug4/segmentation_platform/ukm_db
tracked	auto-form-filler/.audit-ui/functional-profile-debug5/Default/Account Web Data
tracked	auto-form-filler/.audit-ui/functional-profile-debug5/Default/Account Web Data-journal
tracked	auto-form-filler/.audit-ui/functional-profile-debug5/Default/Affiliation Database
tracked	auto-form-filler/.audit-ui/functional-profile-debug5/Default/Affiliation Database-journal
tracked	auto-form-filler/.audit-ui/functional-profile-debug5/Default/BookmarkMergedSurfaceOrdering
tracked	auto-form-filler/.audit-ui/functional-profile-debug5/Default/Cache/Cache_Data/16b9b55b11bf54df_0
tracked	auto-form-filler/.audit-ui/functional-profile-debug5/Default/Cache/Cache_Data/245558ab1ffa1acc_0
tracked	auto-form-filler/.audit-ui/functional-profile-debug5/Default/Cache/Cache_Data/60275391413c5610_0
tracked	auto-form-filler/.audit-ui/functional-profile-debug5/Default/Cache/Cache_Data/7e0f8c4ddb5a9a1e_0
tracked	auto-form-filler/.audit-ui/functional-profile-debug5/Default/Cache/Cache_Data/8121ea39bde7a9ef_0
tracked	auto-form-filler/.audit-ui/functional-profile-debug5/Default/Cache/Cache_Data/daf01940055749c3_0
tracked	auto-form-filler/.audit-ui/functional-profile-debug5/Default/Cache/Cache_Data/eb1e553f9fc0ebeb_0
tracked	auto-form-filler/.audit-ui/functional-profile-debug5/Default/Cache/Cache_Data/index
tracked	auto-form-filler/.audit-ui/functional-profile-debug5/Default/Cache/Cache_Data/index-dir/the-real-index
tracked	auto-form-filler/.audit-ui/functional-profile-debug5/Default/Cache/No_Vary_Search/journal.baj
tracked	auto-form-filler/.audit-ui/functional-profile-debug5/Default/Cache/No_Vary_Search/snapshot.baf
tracked	auto-form-filler/.audit-ui/functional-profile-debug5/Default/ClientCertificates/LOCK
tracked	auto-form-filler/.audit-ui/functional-profile-debug5/Default/ClientCertificates/LOG
tracked	auto-form-filler/.audit-ui/functional-profile-debug5/Default/ClientCertificates/LOG.old
tracked	auto-form-filler/.audit-ui/functional-profile-debug5/Default/Code Cache/js/44ee2b33e989e371_0
tracked	auto-form-filler/.audit-ui/functional-profile-debug5/Default/Code Cache/js/4bd3243c0e65bd9d_0
tracked	auto-form-filler/.audit-ui/functional-profile-debug5/Default/Code Cache/js/5a1883e0a1b9d887_0
tracked	auto-form-filler/.audit-ui/functional-profile-debug5/Default/Code Cache/js/abe58e717e4c70fa_0
tracked	auto-form-filler/.audit-ui/functional-profile-debug5/Default/Code Cache/js/da47abc846fb5923_0
tracked	auto-form-filler/.audit-ui/functional-profile-debug5/Default/Code Cache/js/index
tracked	auto-form-filler/.audit-ui/functional-profile-debug5/Default/Code Cache/js/index-dir/the-real-index
tracked	auto-form-filler/.audit-ui/functional-profile-debug5/Default/Code Cache/wasm/index
tracked	auto-form-filler/.audit-ui/functional-profile-debug5/Default/Code Cache/wasm/index-dir/the-real-index
tracked	auto-form-filler/.audit-ui/functional-profile-debug5/Default/Cookies
tracked	auto-form-filler/.audit-ui/functional-profile-debug5/Default/Cookies-journal
tracked	auto-form-filler/.audit-ui/functional-profile-debug5/Default/DawnGraphiteCache/data_0
tracked	auto-form-filler/.audit-ui/functional-profile-debug5/Default/DawnGraphiteCache/data_1
tracked	auto-form-filler/.audit-ui/functional-profile-debug5/Default/DawnGraphiteCache/data_2
tracked	auto-form-filler/.audit-ui/functional-profile-debug5/Default/DawnGraphiteCache/data_3
tracked	auto-form-filler/.audit-ui/functional-profile-debug5/Default/DawnGraphiteCache/index
tracked	auto-form-filler/.audit-ui/functional-profile-debug5/Default/DawnWebGPUCache/data_0
tracked	auto-form-filler/.audit-ui/functional-profile-debug5/Default/DawnWebGPUCache/data_1
tracked	auto-form-filler/.audit-ui/functional-profile-debug5/Default/DawnWebGPUCache/data_2
tracked	auto-form-filler/.audit-ui/functional-profile-debug5/Default/DawnWebGPUCache/data_3
tracked	auto-form-filler/.audit-ui/functional-profile-debug5/Default/DawnWebGPUCache/index
tracked	auto-form-filler/.audit-ui/functional-profile-debug5/Default/Extension Rules/CURRENT
tracked	auto-form-filler/.audit-ui/functional-profile-debug5/Default/Extension Rules/LOCK
tracked	auto-form-filler/.audit-ui/functional-profile-debug5/Default/Extension Rules/LOG
tracked	auto-form-filler/.audit-ui/functional-profile-debug5/Default/Extension Rules/LOG.old
tracked	auto-form-filler/.audit-ui/functional-profile-debug5/Default/Extension Rules/MANIFEST-000001
tracked	auto-form-filler/.audit-ui/functional-profile-debug5/Default/Extension Scripts/CURRENT
tracked	auto-form-filler/.audit-ui/functional-profile-debug5/Default/Extension Scripts/LOCK
tracked	auto-form-filler/.audit-ui/functional-profile-debug5/Default/Extension Scripts/LOG
tracked	auto-form-filler/.audit-ui/functional-profile-debug5/Default/Extension Scripts/LOG.old
tracked	auto-form-filler/.audit-ui/functional-profile-debug5/Default/Extension Scripts/MANIFEST-000001
tracked	auto-form-filler/.audit-ui/functional-profile-debug5/Default/Extension State/CURRENT
tracked	auto-form-filler/.audit-ui/functional-profile-debug5/Default/Extension State/LOCK
tracked	auto-form-filler/.audit-ui/functional-profile-debug5/Default/Extension State/LOG
tracked	auto-form-filler/.audit-ui/functional-profile-debug5/Default/Extension State/LOG.old
tracked	auto-form-filler/.audit-ui/functional-profile-debug5/Default/Extension State/MANIFEST-000001
tracked	auto-form-filler/.audit-ui/functional-profile-debug5/Default/Favicons
tracked	auto-form-filler/.audit-ui/functional-profile-debug5/Default/Favicons-journal
tracked	auto-form-filler/.audit-ui/functional-profile-debug5/Default/GPUCache/data_0
tracked	auto-form-filler/.audit-ui/functional-profile-debug5/Default/GPUCache/data_1
tracked	auto-form-filler/.audit-ui/functional-profile-debug5/Default/GPUCache/data_2
tracked	auto-form-filler/.audit-ui/functional-profile-debug5/Default/GPUCache/data_3
tracked	auto-form-filler/.audit-ui/functional-profile-debug5/Default/GPUCache/index
tracked	auto-form-filler/.audit-ui/functional-profile-debug5/Default/History
tracked	auto-form-filler/.audit-ui/functional-profile-debug5/Default/History-journal
tracked	auto-form-filler/.audit-ui/functional-profile-debug5/Default/LOCK
tracked	auto-form-filler/.audit-ui/functional-profile-debug5/Default/LOG
tracked	auto-form-filler/.audit-ui/functional-profile-debug5/Default/LOG.old
tracked	auto-form-filler/.audit-ui/functional-profile-debug5/Default/Local Extension Settings/eainhgdjdmipbcjhbjbnhgmccchbaegd/CURRENT
tracked	auto-form-filler/.audit-ui/functional-profile-debug5/Default/Local Extension Settings/eainhgdjdmipbcjhbjbnhgmccchbaegd/LOCK
tracked	auto-form-filler/.audit-ui/functional-profile-debug5/Default/Local Extension Settings/eainhgdjdmipbcjhbjbnhgmccchbaegd/LOG
tracked	auto-form-filler/.audit-ui/functional-profile-debug5/Default/Local Extension Settings/eainhgdjdmipbcjhbjbnhgmccchbaegd/LOG.old
tracked	auto-form-filler/.audit-ui/functional-profile-debug5/Default/Local Extension Settings/eainhgdjdmipbcjhbjbnhgmccchbaegd/MANIFEST-000001
tracked	auto-form-filler/.audit-ui/functional-profile-debug5/Default/Local Storage/leveldb/CURRENT
tracked	auto-form-filler/.audit-ui/functional-profile-debug5/Default/Local Storage/leveldb/LOCK
tracked	auto-form-filler/.audit-ui/functional-profile-debug5/Default/Local Storage/leveldb/LOG
tracked	auto-form-filler/.audit-ui/functional-profile-debug5/Default/Local Storage/leveldb/LOG.old
tracked	auto-form-filler/.audit-ui/functional-profile-debug5/Default/Local Storage/leveldb/MANIFEST-000001
tracked	auto-form-filler/.audit-ui/functional-profile-debug5/Default/Login Data
tracked	auto-form-filler/.audit-ui/functional-profile-debug5/Default/Login Data For Account
tracked	auto-form-filler/.audit-ui/functional-profile-debug5/Default/Login Data For Account-journal
tracked	auto-form-filler/.audit-ui/functional-profile-debug5/Default/Login Data-journal
tracked	auto-form-filler/.audit-ui/functional-profile-debug5/Default/Network Persistent State
tracked	auto-form-filler/.audit-ui/functional-profile-debug5/Default/PersistentOriginTrials/LOCK
tracked	auto-form-filler/.audit-ui/functional-profile-debug5/Default/PersistentOriginTrials/LOG
tracked	auto-form-filler/.audit-ui/functional-profile-debug5/Default/PersistentOriginTrials/LOG.old
tracked	auto-form-filler/.audit-ui/functional-profile-debug5/Default/Preferences
tracked	auto-form-filler/.audit-ui/functional-profile-debug5/Default/README
tracked	auto-form-filler/.audit-ui/functional-profile-debug5/Default/Reporting and NEL
tracked	auto-form-filler/.audit-ui/functional-profile-debug5/Default/Reporting and NEL-journal
tracked	auto-form-filler/.audit-ui/functional-profile-debug5/Default/SCT Auditing Pending Reports
tracked	auto-form-filler/.audit-ui/functional-profile-debug5/Default/Safe Browsing Cookies
tracked	auto-form-filler/.audit-ui/functional-profile-debug5/Default/Safe Browsing Cookies-journal
tracked	auto-form-filler/.audit-ui/functional-profile-debug5/Default/Secure Preferences
tracked	auto-form-filler/.audit-ui/functional-profile-debug5/Default/Segmentation Platform/SegmentInfoDB/LOCK
tracked	auto-form-filler/.audit-ui/functional-profile-debug5/Default/Segmentation Platform/SegmentInfoDB/LOG
tracked	auto-form-filler/.audit-ui/functional-profile-debug5/Default/Segmentation Platform/SegmentInfoDB/LOG.old
tracked	auto-form-filler/.audit-ui/functional-profile-debug5/Default/Segmentation Platform/SignalDB/LOCK
tracked	auto-form-filler/.audit-ui/functional-profile-debug5/Default/Segmentation Platform/SignalDB/LOG
tracked	auto-form-filler/.audit-ui/functional-profile-debug5/Default/Segmentation Platform/SignalDB/LOG.old
tracked	auto-form-filler/.audit-ui/functional-profile-debug5/Default/Segmentation Platform/SignalStorageConfigDB/LOCK
tracked	auto-form-filler/.audit-ui/functional-profile-debug5/Default/Segmentation Platform/SignalStorageConfigDB/LOG
tracked	auto-form-filler/.audit-ui/functional-profile-debug5/Default/Segmentation Platform/SignalStorageConfigDB/LOG.old
tracked	auto-form-filler/.audit-ui/functional-profile-debug5/Default/ServerCertificate
tracked	auto-form-filler/.audit-ui/functional-profile-debug5/Default/ServerCertificate-journal
tracked	auto-form-filler/.audit-ui/functional-profile-debug5/Default/Service Worker/Database/CURRENT
tracked	auto-form-filler/.audit-ui/functional-profile-debug5/Default/Service Worker/Database/LOCK
tracked	auto-form-filler/.audit-ui/functional-profile-debug5/Default/Service Worker/Database/LOG
tracked	auto-form-filler/.audit-ui/functional-profile-debug5/Default/Service Worker/Database/LOG.old
tracked	auto-form-filler/.audit-ui/functional-profile-debug5/Default/Service Worker/Database/MANIFEST-000001
tracked	auto-form-filler/.audit-ui/functional-profile-debug5/Default/Service Worker/ScriptCache/2cc80dabc69f58b6_0
tracked	auto-form-filler/.audit-ui/functional-profile-debug5/Default/Service Worker/ScriptCache/2cc80dabc69f58b6_1
tracked	auto-form-filler/.audit-ui/functional-profile-debug5/Default/Service Worker/ScriptCache/index
tracked	auto-form-filler/.audit-ui/functional-profile-debug5/Default/Service Worker/ScriptCache/index-dir/the-real-index
tracked	auto-form-filler/.audit-ui/functional-profile-debug5/Default/Session Storage/CURRENT
tracked	auto-form-filler/.audit-ui/functional-profile-debug5/Default/Session Storage/LOCK
tracked	auto-form-filler/.audit-ui/functional-profile-debug5/Default/Session Storage/LOG
tracked	auto-form-filler/.audit-ui/functional-profile-debug5/Default/Session Storage/LOG.old
tracked	auto-form-filler/.audit-ui/functional-profile-debug5/Default/Session Storage/MANIFEST-000001
tracked	auto-form-filler/.audit-ui/functional-profile-debug5/Default/Sessions/Session_13425612196167033
tracked	auto-form-filler/.audit-ui/functional-profile-debug5/Default/Sessions/Session_13425612207090583
tracked	auto-form-filler/.audit-ui/functional-profile-debug5/Default/Sessions/Tabs_13425612196186539
tracked	auto-form-filler/.audit-ui/functional-profile-debug5/Default/Sessions/Tabs_13425612207107726
tracked	auto-form-filler/.audit-ui/functional-profile-debug5/Default/Shared Dictionary/cache/index
tracked	auto-form-filler/.audit-ui/functional-profile-debug5/Default/Shared Dictionary/cache/index-dir/the-real-index
tracked	auto-form-filler/.audit-ui/functional-profile-debug5/Default/Shared Dictionary/db
tracked	auto-form-filler/.audit-ui/functional-profile-debug5/Default/Shared Dictionary/db-journal
tracked	auto-form-filler/.audit-ui/functional-profile-debug5/Default/Site Characteristics Database/CURRENT
tracked	auto-form-filler/.audit-ui/functional-profile-debug5/Default/Site Characteristics Database/LOCK
tracked	auto-form-filler/.audit-ui/functional-profile-debug5/Default/Site Characteristics Database/LOG
tracked	auto-form-filler/.audit-ui/functional-profile-debug5/Default/Site Characteristics Database/LOG.old
tracked	auto-form-filler/.audit-ui/functional-profile-debug5/Default/Site Characteristics Database/MANIFEST-000001
tracked	auto-form-filler/.audit-ui/functional-profile-debug5/Default/Sync Data/LevelDB/CURRENT
tracked	auto-form-filler/.audit-ui/functional-profile-debug5/Default/Sync Data/LevelDB/LOCK
tracked	auto-form-filler/.audit-ui/functional-profile-debug5/Default/Sync Data/LevelDB/LOG
tracked	auto-form-filler/.audit-ui/functional-profile-debug5/Default/Sync Data/LevelDB/LOG.old
tracked	auto-form-filler/.audit-ui/functional-profile-debug5/Default/Sync Data/LevelDB/MANIFEST-000001
tracked	auto-form-filler/.audit-ui/functional-profile-debug5/Default/Sync Extension Settings/eainhgdjdmipbcjhbjbnhgmccchbaegd/CURRENT
tracked	auto-form-filler/.audit-ui/functional-profile-debug5/Default/Sync Extension Settings/eainhgdjdmipbcjhbjbnhgmccchbaegd/LOCK
tracked	auto-form-filler/.audit-ui/functional-profile-debug5/Default/Sync Extension Settings/eainhgdjdmipbcjhbjbnhgmccchbaegd/LOG
tracked	auto-form-filler/.audit-ui/functional-profile-debug5/Default/Sync Extension Settings/eainhgdjdmipbcjhbjbnhgmccchbaegd/LOG.old
tracked	auto-form-filler/.audit-ui/functional-profile-debug5/Default/Sync Extension Settings/eainhgdjdmipbcjhbjbnhgmccchbaegd/MANIFEST-000001
tracked	auto-form-filler/.audit-ui/functional-profile-debug5/Default/Top Sites
tracked	auto-form-filler/.audit-ui/functional-profile-debug5/Default/Top Sites-journal
tracked	auto-form-filler/.audit-ui/functional-profile-debug5/Default/TransportSecurity
tracked	auto-form-filler/.audit-ui/functional-profile-debug5/Default/Trust Tokens
tracked	auto-form-filler/.audit-ui/functional-profile-debug5/Default/Trust Tokens-journal
tracked	auto-form-filler/.audit-ui/functional-profile-debug5/Default/Web Data
tracked	auto-form-filler/.audit-ui/functional-profile-debug5/Default/Web Data-journal
tracked	auto-form-filler/.audit-ui/functional-profile-debug5/Default/WebStorage/QuotaManager
tracked	auto-form-filler/.audit-ui/functional-profile-debug5/Default/WebStorage/QuotaManager-journal
tracked	auto-form-filler/.audit-ui/functional-profile-debug5/Default/chrome_cart_db/LOCK
tracked	auto-form-filler/.audit-ui/functional-profile-debug5/Default/chrome_cart_db/LOG
tracked	auto-form-filler/.audit-ui/functional-profile-debug5/Default/chrome_cart_db/LOG.old
tracked	auto-form-filler/.audit-ui/functional-profile-debug5/Default/commerce_subscription_db/LOCK
tracked	auto-form-filler/.audit-ui/functional-profile-debug5/Default/commerce_subscription_db/LOG
tracked	auto-form-filler/.audit-ui/functional-profile-debug5/Default/commerce_subscription_db/LOG.old
tracked	auto-form-filler/.audit-ui/functional-profile-debug5/Default/discount_infos_db/LOCK
tracked	auto-form-filler/.audit-ui/functional-profile-debug5/Default/discount_infos_db/LOG
tracked	auto-form-filler/.audit-ui/functional-profile-debug5/Default/discount_infos_db/LOG.old
tracked	auto-form-filler/.audit-ui/functional-profile-debug5/Default/discounts_db/LOCK
tracked	auto-form-filler/.audit-ui/functional-profile-debug5/Default/discounts_db/LOG
tracked	auto-form-filler/.audit-ui/functional-profile-debug5/Default/discounts_db/LOG.old
tracked	auto-form-filler/.audit-ui/functional-profile-debug5/Default/parcel_tracking_db/LOCK
tracked	auto-form-filler/.audit-ui/functional-profile-debug5/Default/parcel_tracking_db/LOG
tracked	auto-form-filler/.audit-ui/functional-profile-debug5/Default/parcel_tracking_db/LOG.old
tracked	auto-form-filler/.audit-ui/functional-profile-debug5/Default/shared_proto_db/CURRENT
tracked	auto-form-filler/.audit-ui/functional-profile-debug5/Default/shared_proto_db/LOCK
tracked	auto-form-filler/.audit-ui/functional-profile-debug5/Default/shared_proto_db/LOG
tracked	auto-form-filler/.audit-ui/functional-profile-debug5/Default/shared_proto_db/LOG.old
tracked	auto-form-filler/.audit-ui/functional-profile-debug5/Default/shared_proto_db/MANIFEST-000001
tracked	auto-form-filler/.audit-ui/functional-profile-debug5/Default/shared_proto_db/metadata/CURRENT
tracked	auto-form-filler/.audit-ui/functional-profile-debug5/Default/shared_proto_db/metadata/LOCK
tracked	auto-form-filler/.audit-ui/functional-profile-debug5/Default/shared_proto_db/metadata/LOG
tracked	auto-form-filler/.audit-ui/functional-profile-debug5/Default/shared_proto_db/metadata/LOG.old
tracked	auto-form-filler/.audit-ui/functional-profile-debug5/Default/shared_proto_db/metadata/MANIFEST-000001
tracked	auto-form-filler/.audit-ui/functional-profile-debug5/Default/trusted_vault.pb
tracked	auto-form-filler/.audit-ui/functional-profile-debug5/GrShaderCache/data_0
tracked	auto-form-filler/.audit-ui/functional-profile-debug5/GrShaderCache/data_1
tracked	auto-form-filler/.audit-ui/functional-profile-debug5/GrShaderCache/data_2
tracked	auto-form-filler/.audit-ui/functional-profile-debug5/GrShaderCache/data_3
tracked	auto-form-filler/.audit-ui/functional-profile-debug5/GrShaderCache/index
tracked	auto-form-filler/.audit-ui/functional-profile-debug5/GraphiteDawnCache/data_0
tracked	auto-form-filler/.audit-ui/functional-profile-debug5/GraphiteDawnCache/data_1
tracked	auto-form-filler/.audit-ui/functional-profile-debug5/GraphiteDawnCache/data_2
tracked	auto-form-filler/.audit-ui/functional-profile-debug5/GraphiteDawnCache/data_3
tracked	auto-form-filler/.audit-ui/functional-profile-debug5/GraphiteDawnCache/index
tracked	auto-form-filler/.audit-ui/functional-profile-debug5/Last Version
tracked	auto-form-filler/.audit-ui/functional-profile-debug5/Local State
tracked	auto-form-filler/.audit-ui/functional-profile-debug5/ShaderCache/data_0
tracked	auto-form-filler/.audit-ui/functional-profile-debug5/ShaderCache/data_1
tracked	auto-form-filler/.audit-ui/functional-profile-debug5/ShaderCache/data_2
tracked	auto-form-filler/.audit-ui/functional-profile-debug5/ShaderCache/data_3
tracked	auto-form-filler/.audit-ui/functional-profile-debug5/ShaderCache/index
tracked	auto-form-filler/.audit-ui/functional-profile-debug5/Variations
tracked	auto-form-filler/.audit-ui/functional-profile-debug5/segmentation_platform/ukm_db
tracked	auto-form-filler/.audit-ui/functional-profile-debug6/Default/Account Web Data
tracked	auto-form-filler/.audit-ui/functional-profile-debug6/Default/Account Web Data-journal
tracked	auto-form-filler/.audit-ui/functional-profile-debug6/Default/Affiliation Database
tracked	auto-form-filler/.audit-ui/functional-profile-debug6/Default/Affiliation Database-journal
tracked	auto-form-filler/.audit-ui/functional-profile-debug6/Default/BookmarkMergedSurfaceOrdering
tracked	auto-form-filler/.audit-ui/functional-profile-debug6/Default/Cache/Cache_Data/16b9b55b11bf54df_0
tracked	auto-form-filler/.audit-ui/functional-profile-debug6/Default/Cache/Cache_Data/245558ab1ffa1acc_0
tracked	auto-form-filler/.audit-ui/functional-profile-debug6/Default/Cache/Cache_Data/60275391413c5610_0
tracked	auto-form-filler/.audit-ui/functional-profile-debug6/Default/Cache/Cache_Data/7e0f8c4ddb5a9a1e_0
tracked	auto-form-filler/.audit-ui/functional-profile-debug6/Default/Cache/Cache_Data/8121ea39bde7a9ef_0
tracked	auto-form-filler/.audit-ui/functional-profile-debug6/Default/Cache/Cache_Data/daf01940055749c3_0
tracked	auto-form-filler/.audit-ui/functional-profile-debug6/Default/Cache/Cache_Data/eb1e553f9fc0ebeb_0
tracked	auto-form-filler/.audit-ui/functional-profile-debug6/Default/Cache/Cache_Data/index
tracked	auto-form-filler/.audit-ui/functional-profile-debug6/Default/Cache/Cache_Data/index-dir/the-real-index
tracked	auto-form-filler/.audit-ui/functional-profile-debug6/Default/Cache/No_Vary_Search/journal.baj
tracked	auto-form-filler/.audit-ui/functional-profile-debug6/Default/Cache/No_Vary_Search/snapshot.baf
tracked	auto-form-filler/.audit-ui/functional-profile-debug6/Default/ClientCertificates/LOCK
tracked	auto-form-filler/.audit-ui/functional-profile-debug6/Default/ClientCertificates/LOG
tracked	auto-form-filler/.audit-ui/functional-profile-debug6/Default/Code Cache/js/4bd3243c0e65bd9d_0
tracked	auto-form-filler/.audit-ui/functional-profile-debug6/Default/Code Cache/js/5a1883e0a1b9d887_0
tracked	auto-form-filler/.audit-ui/functional-profile-debug6/Default/Code Cache/js/85f266a135d93264_0
tracked	auto-form-filler/.audit-ui/functional-profile-debug6/Default/Code Cache/js/da47abc846fb5923_0
tracked	auto-form-filler/.audit-ui/functional-profile-debug6/Default/Code Cache/js/index
tracked	auto-form-filler/.audit-ui/functional-profile-debug6/Default/Code Cache/js/index-dir/the-real-index
tracked	auto-form-filler/.audit-ui/functional-profile-debug6/Default/Code Cache/wasm/index
tracked	auto-form-filler/.audit-ui/functional-profile-debug6/Default/Code Cache/wasm/index-dir/the-real-index
tracked	auto-form-filler/.audit-ui/functional-profile-debug6/Default/Cookies
tracked	auto-form-filler/.audit-ui/functional-profile-debug6/Default/Cookies-journal
tracked	auto-form-filler/.audit-ui/functional-profile-debug6/Default/DawnGraphiteCache/data_0
tracked	auto-form-filler/.audit-ui/functional-profile-debug6/Default/DawnGraphiteCache/data_1
tracked	auto-form-filler/.audit-ui/functional-profile-debug6/Default/DawnGraphiteCache/data_2
tracked	auto-form-filler/.audit-ui/functional-profile-debug6/Default/DawnGraphiteCache/data_3
tracked	auto-form-filler/.audit-ui/functional-profile-debug6/Default/DawnGraphiteCache/index
tracked	auto-form-filler/.audit-ui/functional-profile-debug6/Default/DawnWebGPUCache/data_0
tracked	auto-form-filler/.audit-ui/functional-profile-debug6/Default/DawnWebGPUCache/data_1
tracked	auto-form-filler/.audit-ui/functional-profile-debug6/Default/DawnWebGPUCache/data_2
tracked	auto-form-filler/.audit-ui/functional-profile-debug6/Default/DawnWebGPUCache/data_3
tracked	auto-form-filler/.audit-ui/functional-profile-debug6/Default/DawnWebGPUCache/index
tracked	auto-form-filler/.audit-ui/functional-profile-debug6/Default/Extension Rules/CURRENT
tracked	auto-form-filler/.audit-ui/functional-profile-debug6/Default/Extension Rules/LOCK
tracked	auto-form-filler/.audit-ui/functional-profile-debug6/Default/Extension Rules/LOG
tracked	auto-form-filler/.audit-ui/functional-profile-debug6/Default/Extension Rules/MANIFEST-000001
tracked	auto-form-filler/.audit-ui/functional-profile-debug6/Default/Extension Scripts/CURRENT
tracked	auto-form-filler/.audit-ui/functional-profile-debug6/Default/Extension Scripts/LOCK
tracked	auto-form-filler/.audit-ui/functional-profile-debug6/Default/Extension Scripts/LOG
tracked	auto-form-filler/.audit-ui/functional-profile-debug6/Default/Extension Scripts/MANIFEST-000001
tracked	auto-form-filler/.audit-ui/functional-profile-debug6/Default/Extension State/CURRENT
tracked	auto-form-filler/.audit-ui/functional-profile-debug6/Default/Extension State/LOCK
tracked	auto-form-filler/.audit-ui/functional-profile-debug6/Default/Extension State/LOG
tracked	auto-form-filler/.audit-ui/functional-profile-debug6/Default/Extension State/MANIFEST-000001
tracked	auto-form-filler/.audit-ui/functional-profile-debug6/Default/Favicons
tracked	auto-form-filler/.audit-ui/functional-profile-debug6/Default/Favicons-journal
tracked	auto-form-filler/.audit-ui/functional-profile-debug6/Default/GPUCache/data_0
tracked	auto-form-filler/.audit-ui/functional-profile-debug6/Default/GPUCache/data_1
tracked	auto-form-filler/.audit-ui/functional-profile-debug6/Default/GPUCache/data_2
tracked	auto-form-filler/.audit-ui/functional-profile-debug6/Default/GPUCache/data_3
tracked	auto-form-filler/.audit-ui/functional-profile-debug6/Default/GPUCache/index
tracked	auto-form-filler/.audit-ui/functional-profile-debug6/Default/History
tracked	auto-form-filler/.audit-ui/functional-profile-debug6/Default/History-journal
tracked	auto-form-filler/.audit-ui/functional-profile-debug6/Default/LOCK
tracked	auto-form-filler/.audit-ui/functional-profile-debug6/Default/LOG
tracked	auto-form-filler/.audit-ui/functional-profile-debug6/Default/Local Extension Settings/eainhgdjdmipbcjhbjbnhgmccchbaegd/CURRENT
tracked	auto-form-filler/.audit-ui/functional-profile-debug6/Default/Local Extension Settings/eainhgdjdmipbcjhbjbnhgmccchbaegd/LOCK
tracked	auto-form-filler/.audit-ui/functional-profile-debug6/Default/Local Extension Settings/eainhgdjdmipbcjhbjbnhgmccchbaegd/LOG
tracked	auto-form-filler/.audit-ui/functional-profile-debug6/Default/Local Extension Settings/eainhgdjdmipbcjhbjbnhgmccchbaegd/MANIFEST-000001
tracked	auto-form-filler/.audit-ui/functional-profile-debug6/Default/Local Storage/leveldb/CURRENT
tracked	auto-form-filler/.audit-ui/functional-profile-debug6/Default/Local Storage/leveldb/LOCK
tracked	auto-form-filler/.audit-ui/functional-profile-debug6/Default/Local Storage/leveldb/LOG
tracked	auto-form-filler/.audit-ui/functional-profile-debug6/Default/Local Storage/leveldb/MANIFEST-000001
tracked	auto-form-filler/.audit-ui/functional-profile-debug6/Default/Login Data
tracked	auto-form-filler/.audit-ui/functional-profile-debug6/Default/Login Data For Account
tracked	auto-form-filler/.audit-ui/functional-profile-debug6/Default/Login Data For Account-journal
tracked	auto-form-filler/.audit-ui/functional-profile-debug6/Default/Login Data-journal
tracked	auto-form-filler/.audit-ui/functional-profile-debug6/Default/Network Persistent State
tracked	auto-form-filler/.audit-ui/functional-profile-debug6/Default/PersistentOriginTrials/LOCK
tracked	auto-form-filler/.audit-ui/functional-profile-debug6/Default/PersistentOriginTrials/LOG
tracked	auto-form-filler/.audit-ui/functional-profile-debug6/Default/Preferences
tracked	auto-form-filler/.audit-ui/functional-profile-debug6/Default/README
tracked	auto-form-filler/.audit-ui/functional-profile-debug6/Default/Reporting and NEL
tracked	auto-form-filler/.audit-ui/functional-profile-debug6/Default/Reporting and NEL-journal
tracked	auto-form-filler/.audit-ui/functional-profile-debug6/Default/SCT Auditing Pending Reports
tracked	auto-form-filler/.audit-ui/functional-profile-debug6/Default/Safe Browsing Cookies
tracked	auto-form-filler/.audit-ui/functional-profile-debug6/Default/Safe Browsing Cookies-journal
tracked	auto-form-filler/.audit-ui/functional-profile-debug6/Default/Secure Preferences
tracked	auto-form-filler/.audit-ui/functional-profile-debug6/Default/Segmentation Platform/SegmentInfoDB/LOCK
tracked	auto-form-filler/.audit-ui/functional-profile-debug6/Default/Segmentation Platform/SegmentInfoDB/LOG
tracked	auto-form-filler/.audit-ui/functional-profile-debug6/Default/Segmentation Platform/SignalDB/LOCK
tracked	auto-form-filler/.audit-ui/functional-profile-debug6/Default/Segmentation Platform/SignalDB/LOG
tracked	auto-form-filler/.audit-ui/functional-profile-debug6/Default/Segmentation Platform/SignalStorageConfigDB/LOCK
tracked	auto-form-filler/.audit-ui/functional-profile-debug6/Default/Segmentation Platform/SignalStorageConfigDB/LOG
tracked	auto-form-filler/.audit-ui/functional-profile-debug6/Default/ServerCertificate
tracked	auto-form-filler/.audit-ui/functional-profile-debug6/Default/ServerCertificate-journal
tracked	auto-form-filler/.audit-ui/functional-profile-debug6/Default/Service Worker/Database/CURRENT
tracked	auto-form-filler/.audit-ui/functional-profile-debug6/Default/Service Worker/Database/LOCK
tracked	auto-form-filler/.audit-ui/functional-profile-debug6/Default/Service Worker/Database/LOG
tracked	auto-form-filler/.audit-ui/functional-profile-debug6/Default/Service Worker/Database/MANIFEST-000001
tracked	auto-form-filler/.audit-ui/functional-profile-debug6/Default/Service Worker/ScriptCache/2cc80dabc69f58b6_0
tracked	auto-form-filler/.audit-ui/functional-profile-debug6/Default/Service Worker/ScriptCache/2cc80dabc69f58b6_1
tracked	auto-form-filler/.audit-ui/functional-profile-debug6/Default/Service Worker/ScriptCache/index
tracked	auto-form-filler/.audit-ui/functional-profile-debug6/Default/Service Worker/ScriptCache/index-dir/the-real-index
tracked	auto-form-filler/.audit-ui/functional-profile-debug6/Default/Session Storage/CURRENT
tracked	auto-form-filler/.audit-ui/functional-profile-debug6/Default/Session Storage/LOCK
tracked	auto-form-filler/.audit-ui/functional-profile-debug6/Default/Session Storage/LOG
tracked	auto-form-filler/.audit-ui/functional-profile-debug6/Default/Session Storage/MANIFEST-000001
tracked	auto-form-filler/.audit-ui/functional-profile-debug6/Default/Sessions/Session_13425612360876901
tracked	auto-form-filler/.audit-ui/functional-profile-debug6/Default/Sessions/Tabs_13425612360902758
tracked	auto-form-filler/.audit-ui/functional-profile-debug6/Default/Shared Dictionary/cache/index
tracked	auto-form-filler/.audit-ui/functional-profile-debug6/Default/Shared Dictionary/cache/index-dir/the-real-index
tracked	auto-form-filler/.audit-ui/functional-profile-debug6/Default/Shared Dictionary/db
tracked	auto-form-filler/.audit-ui/functional-profile-debug6/Default/Shared Dictionary/db-journal
tracked	auto-form-filler/.audit-ui/functional-profile-debug6/Default/Site Characteristics Database/CURRENT
tracked	auto-form-filler/.audit-ui/functional-profile-debug6/Default/Site Characteristics Database/LOCK
tracked	auto-form-filler/.audit-ui/functional-profile-debug6/Default/Site Characteristics Database/LOG
tracked	auto-form-filler/.audit-ui/functional-profile-debug6/Default/Site Characteristics Database/MANIFEST-000001
tracked	auto-form-filler/.audit-ui/functional-profile-debug6/Default/Sync Data/LevelDB/CURRENT
tracked	auto-form-filler/.audit-ui/functional-profile-debug6/Default/Sync Data/LevelDB/LOCK
tracked	auto-form-filler/.audit-ui/functional-profile-debug6/Default/Sync Data/LevelDB/LOG
tracked	auto-form-filler/.audit-ui/functional-profile-debug6/Default/Sync Data/LevelDB/MANIFEST-000001
tracked	auto-form-filler/.audit-ui/functional-profile-debug6/Default/Sync Extension Settings/eainhgdjdmipbcjhbjbnhgmccchbaegd/CURRENT
tracked	auto-form-filler/.audit-ui/functional-profile-debug6/Default/Sync Extension Settings/eainhgdjdmipbcjhbjbnhgmccchbaegd/LOCK
tracked	auto-form-filler/.audit-ui/functional-profile-debug6/Default/Sync Extension Settings/eainhgdjdmipbcjhbjbnhgmccchbaegd/LOG
tracked	auto-form-filler/.audit-ui/functional-profile-debug6/Default/Sync Extension Settings/eainhgdjdmipbcjhbjbnhgmccchbaegd/MANIFEST-000001
tracked	auto-form-filler/.audit-ui/functional-profile-debug6/Default/Top Sites
tracked	auto-form-filler/.audit-ui/functional-profile-debug6/Default/Top Sites-journal
tracked	auto-form-filler/.audit-ui/functional-profile-debug6/Default/TransportSecurity
tracked	auto-form-filler/.audit-ui/functional-profile-debug6/Default/Trust Tokens
tracked	auto-form-filler/.audit-ui/functional-profile-debug6/Default/Trust Tokens-journal
tracked	auto-form-filler/.audit-ui/functional-profile-debug6/Default/Web Data
tracked	auto-form-filler/.audit-ui/functional-profile-debug6/Default/Web Data-journal
tracked	auto-form-filler/.audit-ui/functional-profile-debug6/Default/WebStorage/QuotaManager
tracked	auto-form-filler/.audit-ui/functional-profile-debug6/Default/WebStorage/QuotaManager-journal
tracked	auto-form-filler/.audit-ui/functional-profile-debug6/Default/chrome_cart_db/LOCK
tracked	auto-form-filler/.audit-ui/functional-profile-debug6/Default/chrome_cart_db/LOG
tracked	auto-form-filler/.audit-ui/functional-profile-debug6/Default/commerce_subscription_db/LOCK
tracked	auto-form-filler/.audit-ui/functional-profile-debug6/Default/commerce_subscription_db/LOG
tracked	auto-form-filler/.audit-ui/functional-profile-debug6/Default/discount_infos_db/LOCK
tracked	auto-form-filler/.audit-ui/functional-profile-debug6/Default/discount_infos_db/LOG
tracked	auto-form-filler/.audit-ui/functional-profile-debug6/Default/discounts_db/LOCK
tracked	auto-form-filler/.audit-ui/functional-profile-debug6/Default/discounts_db/LOG
tracked	auto-form-filler/.audit-ui/functional-profile-debug6/Default/parcel_tracking_db/LOCK
tracked	auto-form-filler/.audit-ui/functional-profile-debug6/Default/parcel_tracking_db/LOG
tracked	auto-form-filler/.audit-ui/functional-profile-debug6/Default/shared_proto_db/CURRENT
tracked	auto-form-filler/.audit-ui/functional-profile-debug6/Default/shared_proto_db/LOCK
tracked	auto-form-filler/.audit-ui/functional-profile-debug6/Default/shared_proto_db/LOG
tracked	auto-form-filler/.audit-ui/functional-profile-debug6/Default/shared_proto_db/MANIFEST-000001
tracked	auto-form-filler/.audit-ui/functional-profile-debug6/Default/shared_proto_db/metadata/CURRENT
tracked	auto-form-filler/.audit-ui/functional-profile-debug6/Default/shared_proto_db/metadata/LOCK
tracked	auto-form-filler/.audit-ui/functional-profile-debug6/Default/shared_proto_db/metadata/LOG
tracked	auto-form-filler/.audit-ui/functional-profile-debug6/Default/shared_proto_db/metadata/MANIFEST-000001
tracked	auto-form-filler/.audit-ui/functional-profile-debug6/Default/trusted_vault.pb
tracked	auto-form-filler/.audit-ui/functional-profile-debug6/GrShaderCache/data_0
tracked	auto-form-filler/.audit-ui/functional-profile-debug6/GrShaderCache/data_1
tracked	auto-form-filler/.audit-ui/functional-profile-debug6/GrShaderCache/data_2
tracked	auto-form-filler/.audit-ui/functional-profile-debug6/GrShaderCache/data_3
tracked	auto-form-filler/.audit-ui/functional-profile-debug6/GrShaderCache/index
tracked	auto-form-filler/.audit-ui/functional-profile-debug6/GraphiteDawnCache/data_0
tracked	auto-form-filler/.audit-ui/functional-profile-debug6/GraphiteDawnCache/data_1
tracked	auto-form-filler/.audit-ui/functional-profile-debug6/GraphiteDawnCache/data_2
tracked	auto-form-filler/.audit-ui/functional-profile-debug6/GraphiteDawnCache/data_3
tracked	auto-form-filler/.audit-ui/functional-profile-debug6/GraphiteDawnCache/index
tracked	auto-form-filler/.audit-ui/functional-profile-debug6/Last Version
tracked	auto-form-filler/.audit-ui/functional-profile-debug6/Local State
tracked	auto-form-filler/.audit-ui/functional-profile-debug6/ShaderCache/data_0
tracked	auto-form-filler/.audit-ui/functional-profile-debug6/ShaderCache/data_1
tracked	auto-form-filler/.audit-ui/functional-profile-debug6/ShaderCache/data_2
tracked	auto-form-filler/.audit-ui/functional-profile-debug6/ShaderCache/data_3
tracked	auto-form-filler/.audit-ui/functional-profile-debug6/ShaderCache/index
tracked	auto-form-filler/.audit-ui/functional-profile-debug6/Variations
tracked	auto-form-filler/.audit-ui/functional-profile-debug6/segmentation_platform/ukm_db
tracked	auto-form-filler/.audit-ui/functional-profile-debug7/Default/Account Web Data
tracked	auto-form-filler/.audit-ui/functional-profile-debug7/Default/Account Web Data-journal
tracked	auto-form-filler/.audit-ui/functional-profile-debug7/Default/Affiliation Database
tracked	auto-form-filler/.audit-ui/functional-profile-debug7/Default/Affiliation Database-journal
tracked	auto-form-filler/.audit-ui/functional-profile-debug7/Default/BookmarkMergedSurfaceOrdering
tracked	auto-form-filler/.audit-ui/functional-profile-debug7/Default/Cache/Cache_Data/16b9b55b11bf54df_0
tracked	auto-form-filler/.audit-ui/functional-profile-debug7/Default/Cache/Cache_Data/245558ab1ffa1acc_0
tracked	auto-form-filler/.audit-ui/functional-profile-debug7/Default/Cache/Cache_Data/60275391413c5610_0
tracked	auto-form-filler/.audit-ui/functional-profile-debug7/Default/Cache/Cache_Data/7e0f8c4ddb5a9a1e_0
tracked	auto-form-filler/.audit-ui/functional-profile-debug7/Default/Cache/Cache_Data/8121ea39bde7a9ef_0
tracked	auto-form-filler/.audit-ui/functional-profile-debug7/Default/Cache/Cache_Data/daf01940055749c3_0
tracked	auto-form-filler/.audit-ui/functional-profile-debug7/Default/Cache/Cache_Data/eb1e553f9fc0ebeb_0
tracked	auto-form-filler/.audit-ui/functional-profile-debug7/Default/Cache/Cache_Data/index
tracked	auto-form-filler/.audit-ui/functional-profile-debug7/Default/Cache/Cache_Data/index-dir/the-real-index
tracked	auto-form-filler/.audit-ui/functional-profile-debug7/Default/Cache/No_Vary_Search/journal.baj
tracked	auto-form-filler/.audit-ui/functional-profile-debug7/Default/Cache/No_Vary_Search/snapshot.baf
tracked	auto-form-filler/.audit-ui/functional-profile-debug7/Default/ClientCertificates/LOCK
tracked	auto-form-filler/.audit-ui/functional-profile-debug7/Default/ClientCertificates/LOG
tracked	auto-form-filler/.audit-ui/functional-profile-debug7/Default/Code Cache/js/4bd3243c0e65bd9d_0
tracked	auto-form-filler/.audit-ui/functional-profile-debug7/Default/Code Cache/js/5a1883e0a1b9d887_0
tracked	auto-form-filler/.audit-ui/functional-profile-debug7/Default/Code Cache/js/85f266a135d93264_0
tracked	auto-form-filler/.audit-ui/functional-profile-debug7/Default/Code Cache/js/da47abc846fb5923_0
tracked	auto-form-filler/.audit-ui/functional-profile-debug7/Default/Code Cache/js/index
tracked	auto-form-filler/.audit-ui/functional-profile-debug7/Default/Code Cache/js/index-dir/the-real-index
tracked	auto-form-filler/.audit-ui/functional-profile-debug7/Default/Code Cache/wasm/index
tracked	auto-form-filler/.audit-ui/functional-profile-debug7/Default/Code Cache/wasm/index-dir/the-real-index
tracked	auto-form-filler/.audit-ui/functional-profile-debug7/Default/Cookies
tracked	auto-form-filler/.audit-ui/functional-profile-debug7/Default/Cookies-journal
tracked	auto-form-filler/.audit-ui/functional-profile-debug7/Default/DawnGraphiteCache/data_0
tracked	auto-form-filler/.audit-ui/functional-profile-debug7/Default/DawnGraphiteCache/data_1
tracked	auto-form-filler/.audit-ui/functional-profile-debug7/Default/DawnGraphiteCache/data_2
tracked	auto-form-filler/.audit-ui/functional-profile-debug7/Default/DawnGraphiteCache/data_3
tracked	auto-form-filler/.audit-ui/functional-profile-debug7/Default/DawnGraphiteCache/index
tracked	auto-form-filler/.audit-ui/functional-profile-debug7/Default/DawnWebGPUCache/data_0
tracked	auto-form-filler/.audit-ui/functional-profile-debug7/Default/DawnWebGPUCache/data_1
tracked	auto-form-filler/.audit-ui/functional-profile-debug7/Default/DawnWebGPUCache/data_2
tracked	auto-form-filler/.audit-ui/functional-profile-debug7/Default/DawnWebGPUCache/data_3
tracked	auto-form-filler/.audit-ui/functional-profile-debug7/Default/DawnWebGPUCache/index
tracked	auto-form-filler/.audit-ui/functional-profile-debug7/Default/Extension Rules/CURRENT
tracked	auto-form-filler/.audit-ui/functional-profile-debug7/Default/Extension Rules/LOCK
tracked	auto-form-filler/.audit-ui/functional-profile-debug7/Default/Extension Rules/LOG
tracked	auto-form-filler/.audit-ui/functional-profile-debug7/Default/Extension Rules/MANIFEST-000001
tracked	auto-form-filler/.audit-ui/functional-profile-debug7/Default/Extension Scripts/CURRENT
tracked	auto-form-filler/.audit-ui/functional-profile-debug7/Default/Extension Scripts/LOCK
tracked	auto-form-filler/.audit-ui/functional-profile-debug7/Default/Extension Scripts/LOG
tracked	auto-form-filler/.audit-ui/functional-profile-debug7/Default/Extension Scripts/MANIFEST-000001
tracked	auto-form-filler/.audit-ui/functional-profile-debug7/Default/Extension State/CURRENT
tracked	auto-form-filler/.audit-ui/functional-profile-debug7/Default/Extension State/LOCK
tracked	auto-form-filler/.audit-ui/functional-profile-debug7/Default/Extension State/LOG
tracked	auto-form-filler/.audit-ui/functional-profile-debug7/Default/Extension State/MANIFEST-000001
tracked	auto-form-filler/.audit-ui/functional-profile-debug7/Default/Favicons
tracked	auto-form-filler/.audit-ui/functional-profile-debug7/Default/Favicons-journal
tracked	auto-form-filler/.audit-ui/functional-profile-debug7/Default/GPUCache/data_0
tracked	auto-form-filler/.audit-ui/functional-profile-debug7/Default/GPUCache/data_1
tracked	auto-form-filler/.audit-ui/functional-profile-debug7/Default/GPUCache/data_2
tracked	auto-form-filler/.audit-ui/functional-profile-debug7/Default/GPUCache/data_3
tracked	auto-form-filler/.audit-ui/functional-profile-debug7/Default/GPUCache/index
tracked	auto-form-filler/.audit-ui/functional-profile-debug7/Default/History
tracked	auto-form-filler/.audit-ui/functional-profile-debug7/Default/History-journal
tracked	auto-form-filler/.audit-ui/functional-profile-debug7/Default/LOCK
tracked	auto-form-filler/.audit-ui/functional-profile-debug7/Default/LOG
tracked	auto-form-filler/.audit-ui/functional-profile-debug7/Default/Local Extension Settings/eainhgdjdmipbcjhbjbnhgmccchbaegd/CURRENT
tracked	auto-form-filler/.audit-ui/functional-profile-debug7/Default/Local Extension Settings/eainhgdjdmipbcjhbjbnhgmccchbaegd/LOCK
tracked	auto-form-filler/.audit-ui/functional-profile-debug7/Default/Local Extension Settings/eainhgdjdmipbcjhbjbnhgmccchbaegd/LOG
tracked	auto-form-filler/.audit-ui/functional-profile-debug7/Default/Local Extension Settings/eainhgdjdmipbcjhbjbnhgmccchbaegd/MANIFEST-000001
tracked	auto-form-filler/.audit-ui/functional-profile-debug7/Default/Local Storage/leveldb/CURRENT
tracked	auto-form-filler/.audit-ui/functional-profile-debug7/Default/Local Storage/leveldb/LOCK
tracked	auto-form-filler/.audit-ui/functional-profile-debug7/Default/Local Storage/leveldb/LOG
tracked	auto-form-filler/.audit-ui/functional-profile-debug7/Default/Local Storage/leveldb/MANIFEST-000001
tracked	auto-form-filler/.audit-ui/functional-profile-debug7/Default/Login Data
tracked	auto-form-filler/.audit-ui/functional-profile-debug7/Default/Login Data For Account
tracked	auto-form-filler/.audit-ui/functional-profile-debug7/Default/Login Data For Account-journal
tracked	auto-form-filler/.audit-ui/functional-profile-debug7/Default/Login Data-journal
tracked	auto-form-filler/.audit-ui/functional-profile-debug7/Default/Network Persistent State
tracked	auto-form-filler/.audit-ui/functional-profile-debug7/Default/PersistentOriginTrials/LOCK
tracked	auto-form-filler/.audit-ui/functional-profile-debug7/Default/PersistentOriginTrials/LOG
tracked	auto-form-filler/.audit-ui/functional-profile-debug7/Default/Preferences
tracked	auto-form-filler/.audit-ui/functional-profile-debug7/Default/README
tracked	auto-form-filler/.audit-ui/functional-profile-debug7/Default/Reporting and NEL
tracked	auto-form-filler/.audit-ui/functional-profile-debug7/Default/Reporting and NEL-journal
tracked	auto-form-filler/.audit-ui/functional-profile-debug7/Default/SCT Auditing Pending Reports
tracked	auto-form-filler/.audit-ui/functional-profile-debug7/Default/Safe Browsing Cookies
tracked	auto-form-filler/.audit-ui/functional-profile-debug7/Default/Safe Browsing Cookies-journal
tracked	auto-form-filler/.audit-ui/functional-profile-debug7/Default/Secure Preferences
tracked	auto-form-filler/.audit-ui/functional-profile-debug7/Default/Segmentation Platform/SegmentInfoDB/LOCK
tracked	auto-form-filler/.audit-ui/functional-profile-debug7/Default/Segmentation Platform/SegmentInfoDB/LOG
tracked	auto-form-filler/.audit-ui/functional-profile-debug7/Default/Segmentation Platform/SignalDB/LOCK
tracked	auto-form-filler/.audit-ui/functional-profile-debug7/Default/Segmentation Platform/SignalDB/LOG
tracked	auto-form-filler/.audit-ui/functional-profile-debug7/Default/Segmentation Platform/SignalStorageConfigDB/LOCK
tracked	auto-form-filler/.audit-ui/functional-profile-debug7/Default/Segmentation Platform/SignalStorageConfigDB/LOG
tracked	auto-form-filler/.audit-ui/functional-profile-debug7/Default/ServerCertificate
tracked	auto-form-filler/.audit-ui/functional-profile-debug7/Default/ServerCertificate-journal
tracked	auto-form-filler/.audit-ui/functional-profile-debug7/Default/Service Worker/Database/CURRENT
tracked	auto-form-filler/.audit-ui/functional-profile-debug7/Default/Service Worker/Database/LOCK
tracked	auto-form-filler/.audit-ui/functional-profile-debug7/Default/Service Worker/Database/LOG
tracked	auto-form-filler/.audit-ui/functional-profile-debug7/Default/Service Worker/Database/MANIFEST-000001
tracked	auto-form-filler/.audit-ui/functional-profile-debug7/Default/Service Worker/ScriptCache/2cc80dabc69f58b6_0
tracked	auto-form-filler/.audit-ui/functional-profile-debug7/Default/Service Worker/ScriptCache/2cc80dabc69f58b6_1
tracked	auto-form-filler/.audit-ui/functional-profile-debug7/Default/Service Worker/ScriptCache/index
tracked	auto-form-filler/.audit-ui/functional-profile-debug7/Default/Service Worker/ScriptCache/index-dir/the-real-index
tracked	auto-form-filler/.audit-ui/functional-profile-debug7/Default/Session Storage/CURRENT
tracked	auto-form-filler/.audit-ui/functional-profile-debug7/Default/Session Storage/LOCK
tracked	auto-form-filler/.audit-ui/functional-profile-debug7/Default/Session Storage/LOG
tracked	auto-form-filler/.audit-ui/functional-profile-debug7/Default/Session Storage/MANIFEST-000001
tracked	auto-form-filler/.audit-ui/functional-profile-debug7/Default/Sessions/Session_13425612396970844
tracked	auto-form-filler/.audit-ui/functional-profile-debug7/Default/Sessions/Tabs_13425612396988570
tracked	auto-form-filler/.audit-ui/functional-profile-debug7/Default/Shared Dictionary/cache/index
tracked	auto-form-filler/.audit-ui/functional-profile-debug7/Default/Shared Dictionary/cache/index-dir/the-real-index
tracked	auto-form-filler/.audit-ui/functional-profile-debug7/Default/Shared Dictionary/db
tracked	auto-form-filler/.audit-ui/functional-profile-debug7/Default/Shared Dictionary/db-journal
tracked	auto-form-filler/.audit-ui/functional-profile-debug7/Default/Site Characteristics Database/CURRENT
tracked	auto-form-filler/.audit-ui/functional-profile-debug7/Default/Site Characteristics Database/LOCK
tracked	auto-form-filler/.audit-ui/functional-profile-debug7/Default/Site Characteristics Database/LOG
tracked	auto-form-filler/.audit-ui/functional-profile-debug7/Default/Site Characteristics Database/MANIFEST-000001
tracked	auto-form-filler/.audit-ui/functional-profile-debug7/Default/Sync Data/LevelDB/CURRENT
tracked	auto-form-filler/.audit-ui/functional-profile-debug7/Default/Sync Data/LevelDB/LOCK
tracked	auto-form-filler/.audit-ui/functional-profile-debug7/Default/Sync Data/LevelDB/LOG
tracked	auto-form-filler/.audit-ui/functional-profile-debug7/Default/Sync Data/LevelDB/MANIFEST-000001
tracked	auto-form-filler/.audit-ui/functional-profile-debug7/Default/Sync Extension Settings/eainhgdjdmipbcjhbjbnhgmccchbaegd/CURRENT
tracked	auto-form-filler/.audit-ui/functional-profile-debug7/Default/Sync Extension Settings/eainhgdjdmipbcjhbjbnhgmccchbaegd/LOCK
tracked	auto-form-filler/.audit-ui/functional-profile-debug7/Default/Sync Extension Settings/eainhgdjdmipbcjhbjbnhgmccchbaegd/LOG
tracked	auto-form-filler/.audit-ui/functional-profile-debug7/Default/Sync Extension Settings/eainhgdjdmipbcjhbjbnhgmccchbaegd/MANIFEST-000001
tracked	auto-form-filler/.audit-ui/functional-profile-debug7/Default/Top Sites
tracked	auto-form-filler/.audit-ui/functional-profile-debug7/Default/Top Sites-journal
tracked	auto-form-filler/.audit-ui/functional-profile-debug7/Default/TransportSecurity
tracked	auto-form-filler/.audit-ui/functional-profile-debug7/Default/Trust Tokens
tracked	auto-form-filler/.audit-ui/functional-profile-debug7/Default/Trust Tokens-journal
tracked	auto-form-filler/.audit-ui/functional-profile-debug7/Default/Web Data
tracked	auto-form-filler/.audit-ui/functional-profile-debug7/Default/Web Data-journal
tracked	auto-form-filler/.audit-ui/functional-profile-debug7/Default/WebStorage/QuotaManager
tracked	auto-form-filler/.audit-ui/functional-profile-debug7/Default/WebStorage/QuotaManager-journal
tracked	auto-form-filler/.audit-ui/functional-profile-debug7/Default/chrome_cart_db/LOCK
tracked	auto-form-filler/.audit-ui/functional-profile-debug7/Default/chrome_cart_db/LOG
tracked	auto-form-filler/.audit-ui/functional-profile-debug7/Default/commerce_subscription_db/LOCK
tracked	auto-form-filler/.audit-ui/functional-profile-debug7/Default/commerce_subscription_db/LOG
tracked	auto-form-filler/.audit-ui/functional-profile-debug7/Default/discount_infos_db/LOCK
tracked	auto-form-filler/.audit-ui/functional-profile-debug7/Default/discount_infos_db/LOG
tracked	auto-form-filler/.audit-ui/functional-profile-debug7/Default/discounts_db/LOCK
tracked	auto-form-filler/.audit-ui/functional-profile-debug7/Default/discounts_db/LOG
tracked	auto-form-filler/.audit-ui/functional-profile-debug7/Default/parcel_tracking_db/LOCK
tracked	auto-form-filler/.audit-ui/functional-profile-debug7/Default/parcel_tracking_db/LOG
tracked	auto-form-filler/.audit-ui/functional-profile-debug7/Default/shared_proto_db/CURRENT
tracked	auto-form-filler/.audit-ui/functional-profile-debug7/Default/shared_proto_db/LOCK
tracked	auto-form-filler/.audit-ui/functional-profile-debug7/Default/shared_proto_db/LOG
tracked	auto-form-filler/.audit-ui/functional-profile-debug7/Default/shared_proto_db/MANIFEST-000001
tracked	auto-form-filler/.audit-ui/functional-profile-debug7/Default/shared_proto_db/metadata/CURRENT
tracked	auto-form-filler/.audit-ui/functional-profile-debug7/Default/shared_proto_db/metadata/LOCK
tracked	auto-form-filler/.audit-ui/functional-profile-debug7/Default/shared_proto_db/metadata/LOG
tracked	auto-form-filler/.audit-ui/functional-profile-debug7/Default/shared_proto_db/metadata/MANIFEST-000001
tracked	auto-form-filler/.audit-ui/functional-profile-debug7/Default/trusted_vault.pb
tracked	auto-form-filler/.audit-ui/functional-profile-debug7/GrShaderCache/data_0
tracked	auto-form-filler/.audit-ui/functional-profile-debug7/GrShaderCache/data_1
tracked	auto-form-filler/.audit-ui/functional-profile-debug7/GrShaderCache/data_2
tracked	auto-form-filler/.audit-ui/functional-profile-debug7/GrShaderCache/data_3
tracked	auto-form-filler/.audit-ui/functional-profile-debug7/GrShaderCache/index
tracked	auto-form-filler/.audit-ui/functional-profile-debug7/GraphiteDawnCache/data_0
tracked	auto-form-filler/.audit-ui/functional-profile-debug7/GraphiteDawnCache/data_1
tracked	auto-form-filler/.audit-ui/functional-profile-debug7/GraphiteDawnCache/data_2
tracked	auto-form-filler/.audit-ui/functional-profile-debug7/GraphiteDawnCache/data_3
tracked	auto-form-filler/.audit-ui/functional-profile-debug7/GraphiteDawnCache/index
tracked	auto-form-filler/.audit-ui/functional-profile-debug7/Last Version
tracked	auto-form-filler/.audit-ui/functional-profile-debug7/Local State
tracked	auto-form-filler/.audit-ui/functional-profile-debug7/ShaderCache/data_0
tracked	auto-form-filler/.audit-ui/functional-profile-debug7/ShaderCache/data_1
tracked	auto-form-filler/.audit-ui/functional-profile-debug7/ShaderCache/data_2
tracked	auto-form-filler/.audit-ui/functional-profile-debug7/ShaderCache/data_3
tracked	auto-form-filler/.audit-ui/functional-profile-debug7/ShaderCache/index
tracked	auto-form-filler/.audit-ui/functional-profile-debug7/Variations
tracked	auto-form-filler/.audit-ui/functional-profile-debug7/segmentation_platform/ukm_db
tracked	auto-form-filler/.audit-ui/functional-profile-debug8/Default/Account Web Data
tracked	auto-form-filler/.audit-ui/functional-profile-debug8/Default/Account Web Data-journal
tracked	auto-form-filler/.audit-ui/functional-profile-debug8/Default/Affiliation Database
tracked	auto-form-filler/.audit-ui/functional-profile-debug8/Default/Affiliation Database-journal
tracked	auto-form-filler/.audit-ui/functional-profile-debug8/Default/BookmarkMergedSurfaceOrdering
tracked	auto-form-filler/.audit-ui/functional-profile-debug8/Default/Cache/Cache_Data/60275391413c5610_0
tracked	auto-form-filler/.audit-ui/functional-profile-debug8/Default/Cache/Cache_Data/7e0f8c4ddb5a9a1e_0
tracked	auto-form-filler/.audit-ui/functional-profile-debug8/Default/Cache/Cache_Data/8121ea39bde7a9ef_0
tracked	auto-form-filler/.audit-ui/functional-profile-debug8/Default/Cache/Cache_Data/eb1e553f9fc0ebeb_0
tracked	auto-form-filler/.audit-ui/functional-profile-debug8/Default/Cache/Cache_Data/index
tracked	auto-form-filler/.audit-ui/functional-profile-debug8/Default/Cache/Cache_Data/index-dir/the-real-index
tracked	auto-form-filler/.audit-ui/functional-profile-debug8/Default/Cache/No_Vary_Search/journal.baj
tracked	auto-form-filler/.audit-ui/functional-profile-debug8/Default/Cache/No_Vary_Search/snapshot.baf
tracked	auto-form-filler/.audit-ui/functional-profile-debug8/Default/ClientCertificates/LOCK
tracked	auto-form-filler/.audit-ui/functional-profile-debug8/Default/ClientCertificates/LOG
tracked	auto-form-filler/.audit-ui/functional-profile-debug8/Default/Code Cache/js/4bd3243c0e65bd9d_0
tracked	auto-form-filler/.audit-ui/functional-profile-debug8/Default/Code Cache/js/5a1883e0a1b9d887_0
tracked	auto-form-filler/.audit-ui/functional-profile-debug8/Default/Code Cache/js/85f266a135d93264_0
tracked	auto-form-filler/.audit-ui/functional-profile-debug8/Default/Code Cache/js/da47abc846fb5923_0
tracked	auto-form-filler/.audit-ui/functional-profile-debug8/Default/Code Cache/js/index
tracked	auto-form-filler/.audit-ui/functional-profile-debug8/Default/Code Cache/js/index-dir/the-real-index
tracked	auto-form-filler/.audit-ui/functional-profile-debug8/Default/Code Cache/wasm/index
tracked	auto-form-filler/.audit-ui/functional-profile-debug8/Default/Code Cache/wasm/index-dir/the-real-index
tracked	auto-form-filler/.audit-ui/functional-profile-debug8/Default/Cookies
tracked	auto-form-filler/.audit-ui/functional-profile-debug8/Default/Cookies-journal
tracked	auto-form-filler/.audit-ui/functional-profile-debug8/Default/DawnGraphiteCache/data_0
tracked	auto-form-filler/.audit-ui/functional-profile-debug8/Default/DawnGraphiteCache/data_1
tracked	auto-form-filler/.audit-ui/functional-profile-debug8/Default/DawnGraphiteCache/data_2
tracked	auto-form-filler/.audit-ui/functional-profile-debug8/Default/DawnGraphiteCache/data_3
tracked	auto-form-filler/.audit-ui/functional-profile-debug8/Default/DawnGraphiteCache/index
tracked	auto-form-filler/.audit-ui/functional-profile-debug8/Default/DawnWebGPUCache/data_0
tracked	auto-form-filler/.audit-ui/functional-profile-debug8/Default/DawnWebGPUCache/data_1
tracked	auto-form-filler/.audit-ui/functional-profile-debug8/Default/DawnWebGPUCache/data_2
tracked	auto-form-filler/.audit-ui/functional-profile-debug8/Default/DawnWebGPUCache/data_3
tracked	auto-form-filler/.audit-ui/functional-profile-debug8/Default/DawnWebGPUCache/index
tracked	auto-form-filler/.audit-ui/functional-profile-debug8/Default/Extension Rules/CURRENT
tracked	auto-form-filler/.audit-ui/functional-profile-debug8/Default/Extension Rules/LOCK
tracked	auto-form-filler/.audit-ui/functional-profile-debug8/Default/Extension Rules/LOG
tracked	auto-form-filler/.audit-ui/functional-profile-debug8/Default/Extension Rules/MANIFEST-000001
tracked	auto-form-filler/.audit-ui/functional-profile-debug8/Default/Extension Scripts/CURRENT
tracked	auto-form-filler/.audit-ui/functional-profile-debug8/Default/Extension Scripts/LOCK
tracked	auto-form-filler/.audit-ui/functional-profile-debug8/Default/Extension Scripts/LOG
tracked	auto-form-filler/.audit-ui/functional-profile-debug8/Default/Extension Scripts/MANIFEST-000001
tracked	auto-form-filler/.audit-ui/functional-profile-debug8/Default/Extension State/CURRENT
tracked	auto-form-filler/.audit-ui/functional-profile-debug8/Default/Extension State/LOCK
tracked	auto-form-filler/.audit-ui/functional-profile-debug8/Default/Extension State/LOG
tracked	auto-form-filler/.audit-ui/functional-profile-debug8/Default/Extension State/MANIFEST-000001
tracked	auto-form-filler/.audit-ui/functional-profile-debug8/Default/Favicons
tracked	auto-form-filler/.audit-ui/functional-profile-debug8/Default/Favicons-journal
tracked	auto-form-filler/.audit-ui/functional-profile-debug8/Default/GPUCache/data_0
tracked	auto-form-filler/.audit-ui/functional-profile-debug8/Default/GPUCache/data_1
tracked	auto-form-filler/.audit-ui/functional-profile-debug8/Default/GPUCache/data_2
tracked	auto-form-filler/.audit-ui/functional-profile-debug8/Default/GPUCache/data_3
tracked	auto-form-filler/.audit-ui/functional-profile-debug8/Default/GPUCache/index
tracked	auto-form-filler/.audit-ui/functional-profile-debug8/Default/History
tracked	auto-form-filler/.audit-ui/functional-profile-debug8/Default/History-journal
tracked	auto-form-filler/.audit-ui/functional-profile-debug8/Default/LOCK
tracked	auto-form-filler/.audit-ui/functional-profile-debug8/Default/LOG
tracked	auto-form-filler/.audit-ui/functional-profile-debug8/Default/Local Extension Settings/eainhgdjdmipbcjhbjbnhgmccchbaegd/CURRENT
tracked	auto-form-filler/.audit-ui/functional-profile-debug8/Default/Local Extension Settings/eainhgdjdmipbcjhbjbnhgmccchbaegd/LOCK
tracked	auto-form-filler/.audit-ui/functional-profile-debug8/Default/Local Extension Settings/eainhgdjdmipbcjhbjbnhgmccchbaegd/LOG
tracked	auto-form-filler/.audit-ui/functional-profile-debug8/Default/Local Extension Settings/eainhgdjdmipbcjhbjbnhgmccchbaegd/MANIFEST-000001
tracked	auto-form-filler/.audit-ui/functional-profile-debug8/Default/Local Storage/leveldb/CURRENT
tracked	auto-form-filler/.audit-ui/functional-profile-debug8/Default/Local Storage/leveldb/LOCK
tracked	auto-form-filler/.audit-ui/functional-profile-debug8/Default/Local Storage/leveldb/LOG
tracked	auto-form-filler/.audit-ui/functional-profile-debug8/Default/Local Storage/leveldb/MANIFEST-000001
tracked	auto-form-filler/.audit-ui/functional-profile-debug8/Default/Login Data
tracked	auto-form-filler/.audit-ui/functional-profile-debug8/Default/Login Data For Account
tracked	auto-form-filler/.audit-ui/functional-profile-debug8/Default/Login Data For Account-journal
tracked	auto-form-filler/.audit-ui/functional-profile-debug8/Default/Login Data-journal
tracked	auto-form-filler/.audit-ui/functional-profile-debug8/Default/Network Persistent State
tracked	auto-form-filler/.audit-ui/functional-profile-debug8/Default/PersistentOriginTrials/LOCK
tracked	auto-form-filler/.audit-ui/functional-profile-debug8/Default/PersistentOriginTrials/LOG
tracked	auto-form-filler/.audit-ui/functional-profile-debug8/Default/Preferences
tracked	auto-form-filler/.audit-ui/functional-profile-debug8/Default/README
tracked	auto-form-filler/.audit-ui/functional-profile-debug8/Default/Reporting and NEL
tracked	auto-form-filler/.audit-ui/functional-profile-debug8/Default/Reporting and NEL-journal
tracked	auto-form-filler/.audit-ui/functional-profile-debug8/Default/SCT Auditing Pending Reports
tracked	auto-form-filler/.audit-ui/functional-profile-debug8/Default/Safe Browsing Cookies
tracked	auto-form-filler/.audit-ui/functional-profile-debug8/Default/Safe Browsing Cookies-journal
tracked	auto-form-filler/.audit-ui/functional-profile-debug8/Default/Secure Preferences
tracked	auto-form-filler/.audit-ui/functional-profile-debug8/Default/Segmentation Platform/SegmentInfoDB/LOCK
tracked	auto-form-filler/.audit-ui/functional-profile-debug8/Default/Segmentation Platform/SegmentInfoDB/LOG
tracked	auto-form-filler/.audit-ui/functional-profile-debug8/Default/Segmentation Platform/SignalDB/LOCK
tracked	auto-form-filler/.audit-ui/functional-profile-debug8/Default/Segmentation Platform/SignalDB/LOG
tracked	auto-form-filler/.audit-ui/functional-profile-debug8/Default/Segmentation Platform/SignalStorageConfigDB/LOCK
tracked	auto-form-filler/.audit-ui/functional-profile-debug8/Default/Segmentation Platform/SignalStorageConfigDB/LOG
tracked	auto-form-filler/.audit-ui/functional-profile-debug8/Default/ServerCertificate
tracked	auto-form-filler/.audit-ui/functional-profile-debug8/Default/ServerCertificate-journal
tracked	auto-form-filler/.audit-ui/functional-profile-debug8/Default/Service Worker/Database/CURRENT
tracked	auto-form-filler/.audit-ui/functional-profile-debug8/Default/Service Worker/Database/LOCK
tracked	auto-form-filler/.audit-ui/functional-profile-debug8/Default/Service Worker/Database/LOG
tracked	auto-form-filler/.audit-ui/functional-profile-debug8/Default/Service Worker/Database/MANIFEST-000001
tracked	auto-form-filler/.audit-ui/functional-profile-debug8/Default/Service Worker/ScriptCache/2cc80dabc69f58b6_0
tracked	auto-form-filler/.audit-ui/functional-profile-debug8/Default/Service Worker/ScriptCache/2cc80dabc69f58b6_1
tracked	auto-form-filler/.audit-ui/functional-profile-debug8/Default/Service Worker/ScriptCache/index
tracked	auto-form-filler/.audit-ui/functional-profile-debug8/Default/Service Worker/ScriptCache/index-dir/the-real-index
tracked	auto-form-filler/.audit-ui/functional-profile-debug8/Default/Session Storage/CURRENT
tracked	auto-form-filler/.audit-ui/functional-profile-debug8/Default/Session Storage/LOCK
tracked	auto-form-filler/.audit-ui/functional-profile-debug8/Default/Session Storage/LOG
tracked	auto-form-filler/.audit-ui/functional-profile-debug8/Default/Session Storage/MANIFEST-000001
tracked	auto-form-filler/.audit-ui/functional-profile-debug8/Default/Sessions/Session_13425612435543764
tracked	auto-form-filler/.audit-ui/functional-profile-debug8/Default/Sessions/Tabs_13425612435562805
tracked	auto-form-filler/.audit-ui/functional-profile-debug8/Default/Shared Dictionary/cache/index
tracked	auto-form-filler/.audit-ui/functional-profile-debug8/Default/Shared Dictionary/cache/index-dir/the-real-index
tracked	auto-form-filler/.audit-ui/functional-profile-debug8/Default/Shared Dictionary/db
tracked	auto-form-filler/.audit-ui/functional-profile-debug8/Default/Shared Dictionary/db-journal
tracked	auto-form-filler/.audit-ui/functional-profile-debug8/Default/Site Characteristics Database/CURRENT
tracked	auto-form-filler/.audit-ui/functional-profile-debug8/Default/Site Characteristics Database/LOCK
tracked	auto-form-filler/.audit-ui/functional-profile-debug8/Default/Site Characteristics Database/LOG
tracked	auto-form-filler/.audit-ui/functional-profile-debug8/Default/Site Characteristics Database/MANIFEST-000001
tracked	auto-form-filler/.audit-ui/functional-profile-debug8/Default/Sync Data/LevelDB/CURRENT
tracked	auto-form-filler/.audit-ui/functional-profile-debug8/Default/Sync Data/LevelDB/LOCK
tracked	auto-form-filler/.audit-ui/functional-profile-debug8/Default/Sync Data/LevelDB/LOG
tracked	auto-form-filler/.audit-ui/functional-profile-debug8/Default/Sync Data/LevelDB/MANIFEST-000001
tracked	auto-form-filler/.audit-ui/functional-profile-debug8/Default/Sync Extension Settings/eainhgdjdmipbcjhbjbnhgmccchbaegd/CURRENT
tracked	auto-form-filler/.audit-ui/functional-profile-debug8/Default/Sync Extension Settings/eainhgdjdmipbcjhbjbnhgmccchbaegd/LOCK
tracked	auto-form-filler/.audit-ui/functional-profile-debug8/Default/Sync Extension Settings/eainhgdjdmipbcjhbjbnhgmccchbaegd/LOG
tracked	auto-form-filler/.audit-ui/functional-profile-debug8/Default/Sync Extension Settings/eainhgdjdmipbcjhbjbnhgmccchbaegd/MANIFEST-000001
tracked	auto-form-filler/.audit-ui/functional-profile-debug8/Default/Top Sites
tracked	auto-form-filler/.audit-ui/functional-profile-debug8/Default/Top Sites-journal
tracked	auto-form-filler/.audit-ui/functional-profile-debug8/Default/TransportSecurity
tracked	auto-form-filler/.audit-ui/functional-profile-debug8/Default/Trust Tokens
tracked	auto-form-filler/.audit-ui/functional-profile-debug8/Default/Trust Tokens-journal
tracked	auto-form-filler/.audit-ui/functional-profile-debug8/Default/Web Data
tracked	auto-form-filler/.audit-ui/functional-profile-debug8/Default/Web Data-journal
tracked	auto-form-filler/.audit-ui/functional-profile-debug8/Default/WebStorage/QuotaManager
tracked	auto-form-filler/.audit-ui/functional-profile-debug8/Default/WebStorage/QuotaManager-journal
tracked	auto-form-filler/.audit-ui/functional-profile-debug8/Default/chrome_cart_db/LOCK
tracked	auto-form-filler/.audit-ui/functional-profile-debug8/Default/chrome_cart_db/LOG
tracked	auto-form-filler/.audit-ui/functional-profile-debug8/Default/commerce_subscription_db/LOCK
tracked	auto-form-filler/.audit-ui/functional-profile-debug8/Default/commerce_subscription_db/LOG
tracked	auto-form-filler/.audit-ui/functional-profile-debug8/Default/discount_infos_db/LOCK
tracked	auto-form-filler/.audit-ui/functional-profile-debug8/Default/discount_infos_db/LOG
tracked	auto-form-filler/.audit-ui/functional-profile-debug8/Default/discounts_db/LOCK
tracked	auto-form-filler/.audit-ui/functional-profile-debug8/Default/discounts_db/LOG
tracked	auto-form-filler/.audit-ui/functional-profile-debug8/Default/parcel_tracking_db/LOCK
tracked	auto-form-filler/.audit-ui/functional-profile-debug8/Default/parcel_tracking_db/LOG
tracked	auto-form-filler/.audit-ui/functional-profile-debug8/Default/shared_proto_db/CURRENT
tracked	auto-form-filler/.audit-ui/functional-profile-debug8/Default/shared_proto_db/LOCK
tracked	auto-form-filler/.audit-ui/functional-profile-debug8/Default/shared_proto_db/LOG
tracked	auto-form-filler/.audit-ui/functional-profile-debug8/Default/shared_proto_db/MANIFEST-000001
tracked	auto-form-filler/.audit-ui/functional-profile-debug8/Default/shared_proto_db/metadata/CURRENT
tracked	auto-form-filler/.audit-ui/functional-profile-debug8/Default/shared_proto_db/metadata/LOCK
tracked	auto-form-filler/.audit-ui/functional-profile-debug8/Default/shared_proto_db/metadata/LOG
tracked	auto-form-filler/.audit-ui/functional-profile-debug8/Default/shared_proto_db/metadata/MANIFEST-000001
tracked	auto-form-filler/.audit-ui/functional-profile-debug8/Default/trusted_vault.pb
tracked	auto-form-filler/.audit-ui/functional-profile-debug8/GrShaderCache/data_0
tracked	auto-form-filler/.audit-ui/functional-profile-debug8/GrShaderCache/data_1
tracked	auto-form-filler/.audit-ui/functional-profile-debug8/GrShaderCache/data_2
tracked	auto-form-filler/.audit-ui/functional-profile-debug8/GrShaderCache/data_3
tracked	auto-form-filler/.audit-ui/functional-profile-debug8/GrShaderCache/index
tracked	auto-form-filler/.audit-ui/functional-profile-debug8/GraphiteDawnCache/data_0
tracked	auto-form-filler/.audit-ui/functional-profile-debug8/GraphiteDawnCache/data_1
tracked	auto-form-filler/.audit-ui/functional-profile-debug8/GraphiteDawnCache/data_2
tracked	auto-form-filler/.audit-ui/functional-profile-debug8/GraphiteDawnCache/data_3
tracked	auto-form-filler/.audit-ui/functional-profile-debug8/GraphiteDawnCache/index
tracked	auto-form-filler/.audit-ui/functional-profile-debug8/Last Version
tracked	auto-form-filler/.audit-ui/functional-profile-debug8/Local State
tracked	auto-form-filler/.audit-ui/functional-profile-debug8/ShaderCache/data_0
tracked	auto-form-filler/.audit-ui/functional-profile-debug8/ShaderCache/data_1
tracked	auto-form-filler/.audit-ui/functional-profile-debug8/ShaderCache/data_2
tracked	auto-form-filler/.audit-ui/functional-profile-debug8/ShaderCache/data_3
tracked	auto-form-filler/.audit-ui/functional-profile-debug8/ShaderCache/index
tracked	auto-form-filler/.audit-ui/functional-profile-debug8/Variations
tracked	auto-form-filler/.audit-ui/functional-profile-debug8/segmentation_platform/ukm_db
tracked	auto-form-filler/.audit-ui/functional-profile-debug9/Default/Account Web Data
tracked	auto-form-filler/.audit-ui/functional-profile-debug9/Default/Account Web Data-journal
tracked	auto-form-filler/.audit-ui/functional-profile-debug9/Default/Affiliation Database
tracked	auto-form-filler/.audit-ui/functional-profile-debug9/Default/Affiliation Database-journal
tracked	auto-form-filler/.audit-ui/functional-profile-debug9/Default/BookmarkMergedSurfaceOrdering
tracked	auto-form-filler/.audit-ui/functional-profile-debug9/Default/Cache/Cache_Data/60275391413c5610_0
tracked	auto-form-filler/.audit-ui/functional-profile-debug9/Default/Cache/Cache_Data/7e0f8c4ddb5a9a1e_0
tracked	auto-form-filler/.audit-ui/functional-profile-debug9/Default/Cache/Cache_Data/8121ea39bde7a9ef_0
tracked	auto-form-filler/.audit-ui/functional-profile-debug9/Default/Cache/Cache_Data/eb1e553f9fc0ebeb_0
tracked	auto-form-filler/.audit-ui/functional-profile-debug9/Default/Cache/Cache_Data/index
tracked	auto-form-filler/.audit-ui/functional-profile-debug9/Default/Cache/Cache_Data/index-dir/the-real-index
tracked	auto-form-filler/.audit-ui/functional-profile-debug9/Default/Cache/No_Vary_Search/journal.baj
tracked	auto-form-filler/.audit-ui/functional-profile-debug9/Default/Cache/No_Vary_Search/snapshot.baf
tracked	auto-form-filler/.audit-ui/functional-profile-debug9/Default/ClientCertificates/LOCK
tracked	auto-form-filler/.audit-ui/functional-profile-debug9/Default/ClientCertificates/LOG
tracked	auto-form-filler/.audit-ui/functional-profile-debug9/Default/Code Cache/js/4bd3243c0e65bd9d_0
tracked	auto-form-filler/.audit-ui/functional-profile-debug9/Default/Code Cache/js/5a1883e0a1b9d887_0
tracked	auto-form-filler/.audit-ui/functional-profile-debug9/Default/Code Cache/js/8c94b00d880f70b5_0
tracked	auto-form-filler/.audit-ui/functional-profile-debug9/Default/Code Cache/js/da47abc846fb5923_0
tracked	auto-form-filler/.audit-ui/functional-profile-debug9/Default/Code Cache/js/index
tracked	auto-form-filler/.audit-ui/functional-profile-debug9/Default/Code Cache/js/index-dir/the-real-index
tracked	auto-form-filler/.audit-ui/functional-profile-debug9/Default/Code Cache/wasm/index
tracked	auto-form-filler/.audit-ui/functional-profile-debug9/Default/Code Cache/wasm/index-dir/the-real-index
tracked	auto-form-filler/.audit-ui/functional-profile-debug9/Default/Cookies
tracked	auto-form-filler/.audit-ui/functional-profile-debug9/Default/Cookies-journal
tracked	auto-form-filler/.audit-ui/functional-profile-debug9/Default/DawnGraphiteCache/data_0
tracked	auto-form-filler/.audit-ui/functional-profile-debug9/Default/DawnGraphiteCache/data_1
tracked	auto-form-filler/.audit-ui/functional-profile-debug9/Default/DawnGraphiteCache/data_2
tracked	auto-form-filler/.audit-ui/functional-profile-debug9/Default/DawnGraphiteCache/data_3
tracked	auto-form-filler/.audit-ui/functional-profile-debug9/Default/DawnGraphiteCache/index
tracked	auto-form-filler/.audit-ui/functional-profile-debug9/Default/DawnWebGPUCache/data_0
tracked	auto-form-filler/.audit-ui/functional-profile-debug9/Default/DawnWebGPUCache/data_1
tracked	auto-form-filler/.audit-ui/functional-profile-debug9/Default/DawnWebGPUCache/data_2
tracked	auto-form-filler/.audit-ui/functional-profile-debug9/Default/DawnWebGPUCache/data_3
tracked	auto-form-filler/.audit-ui/functional-profile-debug9/Default/DawnWebGPUCache/index
tracked	auto-form-filler/.audit-ui/functional-profile-debug9/Default/Extension Rules/CURRENT
tracked	auto-form-filler/.audit-ui/functional-profile-debug9/Default/Extension Rules/LOCK
tracked	auto-form-filler/.audit-ui/functional-profile-debug9/Default/Extension Rules/LOG
tracked	auto-form-filler/.audit-ui/functional-profile-debug9/Default/Extension Rules/MANIFEST-000001
tracked	auto-form-filler/.audit-ui/functional-profile-debug9/Default/Extension Scripts/CURRENT
tracked	auto-form-filler/.audit-ui/functional-profile-debug9/Default/Extension Scripts/LOCK
tracked	auto-form-filler/.audit-ui/functional-profile-debug9/Default/Extension Scripts/LOG
tracked	auto-form-filler/.audit-ui/functional-profile-debug9/Default/Extension Scripts/MANIFEST-000001
tracked	auto-form-filler/.audit-ui/functional-profile-debug9/Default/Extension State/CURRENT
tracked	auto-form-filler/.audit-ui/functional-profile-debug9/Default/Extension State/LOCK
tracked	auto-form-filler/.audit-ui/functional-profile-debug9/Default/Extension State/LOG
tracked	auto-form-filler/.audit-ui/functional-profile-debug9/Default/Extension State/MANIFEST-000001
tracked	auto-form-filler/.audit-ui/functional-profile-debug9/Default/Favicons
tracked	auto-form-filler/.audit-ui/functional-profile-debug9/Default/Favicons-journal
tracked	auto-form-filler/.audit-ui/functional-profile-debug9/Default/GPUCache/data_0
tracked	auto-form-filler/.audit-ui/functional-profile-debug9/Default/GPUCache/data_1
tracked	auto-form-filler/.audit-ui/functional-profile-debug9/Default/GPUCache/data_2
tracked	auto-form-filler/.audit-ui/functional-profile-debug9/Default/GPUCache/data_3
tracked	auto-form-filler/.audit-ui/functional-profile-debug9/Default/GPUCache/index
tracked	auto-form-filler/.audit-ui/functional-profile-debug9/Default/History
tracked	auto-form-filler/.audit-ui/functional-profile-debug9/Default/History-journal
tracked	auto-form-filler/.audit-ui/functional-profile-debug9/Default/LOCK
tracked	auto-form-filler/.audit-ui/functional-profile-debug9/Default/LOG
tracked	auto-form-filler/.audit-ui/functional-profile-debug9/Default/Local Extension Settings/eainhgdjdmipbcjhbjbnhgmccchbaegd/CURRENT
tracked	auto-form-filler/.audit-ui/functional-profile-debug9/Default/Local Extension Settings/eainhgdjdmipbcjhbjbnhgmccchbaegd/LOCK
tracked	auto-form-filler/.audit-ui/functional-profile-debug9/Default/Local Extension Settings/eainhgdjdmipbcjhbjbnhgmccchbaegd/LOG
tracked	auto-form-filler/.audit-ui/functional-profile-debug9/Default/Local Extension Settings/eainhgdjdmipbcjhbjbnhgmccchbaegd/MANIFEST-000001
tracked	auto-form-filler/.audit-ui/functional-profile-debug9/Default/Local Storage/leveldb/CURRENT
tracked	auto-form-filler/.audit-ui/functional-profile-debug9/Default/Local Storage/leveldb/LOCK
tracked	auto-form-filler/.audit-ui/functional-profile-debug9/Default/Local Storage/leveldb/LOG
tracked	auto-form-filler/.audit-ui/functional-profile-debug9/Default/Local Storage/leveldb/MANIFEST-000001
tracked	auto-form-filler/.audit-ui/functional-profile-debug9/Default/Login Data
tracked	auto-form-filler/.audit-ui/functional-profile-debug9/Default/Login Data For Account
tracked	auto-form-filler/.audit-ui/functional-profile-debug9/Default/Login Data For Account-journal
tracked	auto-form-filler/.audit-ui/functional-profile-debug9/Default/Login Data-journal
tracked	auto-form-filler/.audit-ui/functional-profile-debug9/Default/Network Persistent State
tracked	auto-form-filler/.audit-ui/functional-profile-debug9/Default/PersistentOriginTrials/LOCK
tracked	auto-form-filler/.audit-ui/functional-profile-debug9/Default/PersistentOriginTrials/LOG
tracked	auto-form-filler/.audit-ui/functional-profile-debug9/Default/Preferences
tracked	auto-form-filler/.audit-ui/functional-profile-debug9/Default/README
tracked	auto-form-filler/.audit-ui/functional-profile-debug9/Default/Reporting and NEL
tracked	auto-form-filler/.audit-ui/functional-profile-debug9/Default/Reporting and NEL-journal
tracked	auto-form-filler/.audit-ui/functional-profile-debug9/Default/SCT Auditing Pending Reports
tracked	auto-form-filler/.audit-ui/functional-profile-debug9/Default/Safe Browsing Cookies
tracked	auto-form-filler/.audit-ui/functional-profile-debug9/Default/Safe Browsing Cookies-journal
tracked	auto-form-filler/.audit-ui/functional-profile-debug9/Default/Secure Preferences
tracked	auto-form-filler/.audit-ui/functional-profile-debug9/Default/Segmentation Platform/SegmentInfoDB/LOCK
tracked	auto-form-filler/.audit-ui/functional-profile-debug9/Default/Segmentation Platform/SegmentInfoDB/LOG
tracked	auto-form-filler/.audit-ui/functional-profile-debug9/Default/Segmentation Platform/SignalDB/LOCK
tracked	auto-form-filler/.audit-ui/functional-profile-debug9/Default/Segmentation Platform/SignalDB/LOG
tracked	auto-form-filler/.audit-ui/functional-profile-debug9/Default/Segmentation Platform/SignalStorageConfigDB/LOCK
tracked	auto-form-filler/.audit-ui/functional-profile-debug9/Default/Segmentation Platform/SignalStorageConfigDB/LOG
tracked	auto-form-filler/.audit-ui/functional-profile-debug9/Default/ServerCertificate
tracked	auto-form-filler/.audit-ui/functional-profile-debug9/Default/ServerCertificate-journal
tracked	auto-form-filler/.audit-ui/functional-profile-debug9/Default/Service Worker/Database/CURRENT
tracked	auto-form-filler/.audit-ui/functional-profile-debug9/Default/Service Worker/Database/LOCK
tracked	auto-form-filler/.audit-ui/functional-profile-debug9/Default/Service Worker/Database/LOG
tracked	auto-form-filler/.audit-ui/functional-profile-debug9/Default/Service Worker/Database/MANIFEST-000001
tracked	auto-form-filler/.audit-ui/functional-profile-debug9/Default/Service Worker/ScriptCache/2cc80dabc69f58b6_0
tracked	auto-form-filler/.audit-ui/functional-profile-debug9/Default/Service Worker/ScriptCache/2cc80dabc69f58b6_1
tracked	auto-form-filler/.audit-ui/functional-profile-debug9/Default/Service Worker/ScriptCache/index
tracked	auto-form-filler/.audit-ui/functional-profile-debug9/Default/Service Worker/ScriptCache/index-dir/the-real-index
tracked	auto-form-filler/.audit-ui/functional-profile-debug9/Default/Session Storage/CURRENT
tracked	auto-form-filler/.audit-ui/functional-profile-debug9/Default/Session Storage/LOCK
tracked	auto-form-filler/.audit-ui/functional-profile-debug9/Default/Session Storage/LOG
tracked	auto-form-filler/.audit-ui/functional-profile-debug9/Default/Session Storage/MANIFEST-000001
tracked	auto-form-filler/.audit-ui/functional-profile-debug9/Default/Sessions/Session_13425612463873189
tracked	auto-form-filler/.audit-ui/functional-profile-debug9/Default/Sessions/Tabs_13425612463889172
tracked	auto-form-filler/.audit-ui/functional-profile-debug9/Default/Shared Dictionary/cache/index
tracked	auto-form-filler/.audit-ui/functional-profile-debug9/Default/Shared Dictionary/cache/index-dir/the-real-index
tracked	auto-form-filler/.audit-ui/functional-profile-debug9/Default/Shared Dictionary/db
tracked	auto-form-filler/.audit-ui/functional-profile-debug9/Default/Shared Dictionary/db-journal
tracked	auto-form-filler/.audit-ui/functional-profile-debug9/Default/Site Characteristics Database/CURRENT
tracked	auto-form-filler/.audit-ui/functional-profile-debug9/Default/Site Characteristics Database/LOCK
tracked	auto-form-filler/.audit-ui/functional-profile-debug9/Default/Site Characteristics Database/LOG
tracked	auto-form-filler/.audit-ui/functional-profile-debug9/Default/Site Characteristics Database/MANIFEST-000001
tracked	auto-form-filler/.audit-ui/functional-profile-debug9/Default/Sync Data/LevelDB/CURRENT
tracked	auto-form-filler/.audit-ui/functional-profile-debug9/Default/Sync Data/LevelDB/LOCK
tracked	auto-form-filler/.audit-ui/functional-profile-debug9/Default/Sync Data/LevelDB/LOG
tracked	auto-form-filler/.audit-ui/functional-profile-debug9/Default/Sync Data/LevelDB/MANIFEST-000001
tracked	auto-form-filler/.audit-ui/functional-profile-debug9/Default/Sync Extension Settings/eainhgdjdmipbcjhbjbnhgmccchbaegd/CURRENT
tracked	auto-form-filler/.audit-ui/functional-profile-debug9/Default/Sync Extension Settings/eainhgdjdmipbcjhbjbnhgmccchbaegd/LOCK
tracked	auto-form-filler/.audit-ui/functional-profile-debug9/Default/Sync Extension Settings/eainhgdjdmipbcjhbjbnhgmccchbaegd/LOG
tracked	auto-form-filler/.audit-ui/functional-profile-debug9/Default/Sync Extension Settings/eainhgdjdmipbcjhbjbnhgmccchbaegd/MANIFEST-000001
tracked	auto-form-filler/.audit-ui/functional-profile-debug9/Default/Top Sites
tracked	auto-form-filler/.audit-ui/functional-profile-debug9/Default/Top Sites-journal
tracked	auto-form-filler/.audit-ui/functional-profile-debug9/Default/TransportSecurity
tracked	auto-form-filler/.audit-ui/functional-profile-debug9/Default/Trust Tokens
tracked	auto-form-filler/.audit-ui/functional-profile-debug9/Default/Trust Tokens-journal
tracked	auto-form-filler/.audit-ui/functional-profile-debug9/Default/Web Data
tracked	auto-form-filler/.audit-ui/functional-profile-debug9/Default/Web Data-journal
tracked	auto-form-filler/.audit-ui/functional-profile-debug9/Default/WebStorage/QuotaManager
tracked	auto-form-filler/.audit-ui/functional-profile-debug9/Default/WebStorage/QuotaManager-journal
tracked	auto-form-filler/.audit-ui/functional-profile-debug9/Default/chrome_cart_db/LOCK
tracked	auto-form-filler/.audit-ui/functional-profile-debug9/Default/chrome_cart_db/LOG
tracked	auto-form-filler/.audit-ui/functional-profile-debug9/Default/commerce_subscription_db/LOCK
tracked	auto-form-filler/.audit-ui/functional-profile-debug9/Default/commerce_subscription_db/LOG
tracked	auto-form-filler/.audit-ui/functional-profile-debug9/Default/discount_infos_db/LOCK
tracked	auto-form-filler/.audit-ui/functional-profile-debug9/Default/discount_infos_db/LOG
tracked	auto-form-filler/.audit-ui/functional-profile-debug9/Default/discounts_db/LOCK
tracked	auto-form-filler/.audit-ui/functional-profile-debug9/Default/discounts_db/LOG
tracked	auto-form-filler/.audit-ui/functional-profile-debug9/Default/parcel_tracking_db/LOCK
tracked	auto-form-filler/.audit-ui/functional-profile-debug9/Default/parcel_tracking_db/LOG
tracked	auto-form-filler/.audit-ui/functional-profile-debug9/Default/shared_proto_db/CURRENT
tracked	auto-form-filler/.audit-ui/functional-profile-debug9/Default/shared_proto_db/LOCK
tracked	auto-form-filler/.audit-ui/functional-profile-debug9/Default/shared_proto_db/LOG
tracked	auto-form-filler/.audit-ui/functional-profile-debug9/Default/shared_proto_db/MANIFEST-000001
tracked	auto-form-filler/.audit-ui/functional-profile-debug9/Default/shared_proto_db/metadata/CURRENT
tracked	auto-form-filler/.audit-ui/functional-profile-debug9/Default/shared_proto_db/metadata/LOCK
tracked	auto-form-filler/.audit-ui/functional-profile-debug9/Default/shared_proto_db/metadata/LOG
tracked	auto-form-filler/.audit-ui/functional-profile-debug9/Default/shared_proto_db/metadata/MANIFEST-000001
tracked	auto-form-filler/.audit-ui/functional-profile-debug9/Default/trusted_vault.pb
tracked	auto-form-filler/.audit-ui/functional-profile-debug9/GrShaderCache/data_0
tracked	auto-form-filler/.audit-ui/functional-profile-debug9/GrShaderCache/data_1
tracked	auto-form-filler/.audit-ui/functional-profile-debug9/GrShaderCache/data_2
tracked	auto-form-filler/.audit-ui/functional-profile-debug9/GrShaderCache/data_3
tracked	auto-form-filler/.audit-ui/functional-profile-debug9/GrShaderCache/index
tracked	auto-form-filler/.audit-ui/functional-profile-debug9/GraphiteDawnCache/data_0
tracked	auto-form-filler/.audit-ui/functional-profile-debug9/GraphiteDawnCache/data_1
tracked	auto-form-filler/.audit-ui/functional-profile-debug9/GraphiteDawnCache/data_2
tracked	auto-form-filler/.audit-ui/functional-profile-debug9/GraphiteDawnCache/data_3
tracked	auto-form-filler/.audit-ui/functional-profile-debug9/GraphiteDawnCache/index
tracked	auto-form-filler/.audit-ui/functional-profile-debug9/Last Version
tracked	auto-form-filler/.audit-ui/functional-profile-debug9/Local State
tracked	auto-form-filler/.audit-ui/functional-profile-debug9/ShaderCache/data_0
tracked	auto-form-filler/.audit-ui/functional-profile-debug9/ShaderCache/data_1
tracked	auto-form-filler/.audit-ui/functional-profile-debug9/ShaderCache/data_2
tracked	auto-form-filler/.audit-ui/functional-profile-debug9/ShaderCache/data_3
tracked	auto-form-filler/.audit-ui/functional-profile-debug9/ShaderCache/index
tracked	auto-form-filler/.audit-ui/functional-profile-debug9/Variations
tracked	auto-form-filler/.audit-ui/functional-profile-debug9/segmentation_platform/ukm_db
tracked	auto-form-filler/.audit-ui/functional-profile/Default/Account Web Data
tracked	auto-form-filler/.audit-ui/functional-profile/Default/Account Web Data-journal
tracked	auto-form-filler/.audit-ui/functional-profile/Default/Affiliation Database
tracked	auto-form-filler/.audit-ui/functional-profile/Default/Affiliation Database-journal
tracked	auto-form-filler/.audit-ui/functional-profile/Default/AutofillAiModelCache/LOCK
tracked	auto-form-filler/.audit-ui/functional-profile/Default/AutofillAiModelCache/LOG
tracked	auto-form-filler/.audit-ui/functional-profile/Default/AutofillStrikeDatabase/LOCK
tracked	auto-form-filler/.audit-ui/functional-profile/Default/AutofillStrikeDatabase/LOG
tracked	auto-form-filler/.audit-ui/functional-profile/Default/BookmarkMergedSurfaceOrdering
tracked	auto-form-filler/.audit-ui/functional-profile/Default/BudgetDatabase/LOCK
tracked	auto-form-filler/.audit-ui/functional-profile/Default/BudgetDatabase/LOG
tracked	auto-form-filler/.audit-ui/functional-profile/Default/Cache/Cache_Data/245558ab1ffa1acc_0
tracked	auto-form-filler/.audit-ui/functional-profile/Default/Cache/Cache_Data/60275391413c5610_0
tracked	auto-form-filler/.audit-ui/functional-profile/Default/Cache/Cache_Data/7808749449779583_0
tracked	auto-form-filler/.audit-ui/functional-profile/Default/Cache/Cache_Data/7e0f8c4ddb5a9a1e_0
tracked	auto-form-filler/.audit-ui/functional-profile/Default/Cache/Cache_Data/8121ea39bde7a9ef_0
tracked	auto-form-filler/.audit-ui/functional-profile/Default/Cache/Cache_Data/daf01940055749c3_0
tracked	auto-form-filler/.audit-ui/functional-profile/Default/Cache/Cache_Data/eb1e553f9fc0ebeb_0
tracked	auto-form-filler/.audit-ui/functional-profile/Default/Cache/Cache_Data/index
tracked	auto-form-filler/.audit-ui/functional-profile/Default/Cache/Cache_Data/index-dir/the-real-index
tracked	auto-form-filler/.audit-ui/functional-profile/Default/Cache/No_Vary_Search/journal.baj
tracked	auto-form-filler/.audit-ui/functional-profile/Default/Cache/No_Vary_Search/snapshot.baf
tracked	auto-form-filler/.audit-ui/functional-profile/Default/ClientCertificates/LOCK
tracked	auto-form-filler/.audit-ui/functional-profile/Default/ClientCertificates/LOG
tracked	auto-form-filler/.audit-ui/functional-profile/Default/ClientCertificates/LOG.old
tracked	auto-form-filler/.audit-ui/functional-profile/Default/Code Cache/js/44ee2b33e989e371_0
tracked	auto-form-filler/.audit-ui/functional-profile/Default/Code Cache/js/4bd3243c0e65bd9d_0
tracked	auto-form-filler/.audit-ui/functional-profile/Default/Code Cache/js/5a1883e0a1b9d887_0
tracked	auto-form-filler/.audit-ui/functional-profile/Default/Code Cache/js/aec3901bd63a452d_0
tracked	auto-form-filler/.audit-ui/functional-profile/Default/Code Cache/js/da47abc846fb5923_0
tracked	auto-form-filler/.audit-ui/functional-profile/Default/Code Cache/js/e1ced30ed1ce1d5f_0
tracked	auto-form-filler/.audit-ui/functional-profile/Default/Code Cache/js/index
tracked	auto-form-filler/.audit-ui/functional-profile/Default/Code Cache/js/index-dir/the-real-index
tracked	auto-form-filler/.audit-ui/functional-profile/Default/Code Cache/wasm/index
tracked	auto-form-filler/.audit-ui/functional-profile/Default/Code Cache/wasm/index-dir/the-real-index
tracked	auto-form-filler/.audit-ui/functional-profile/Default/Cookies
tracked	auto-form-filler/.audit-ui/functional-profile/Default/Cookies-journal
tracked	auto-form-filler/.audit-ui/functional-profile/Default/DIPS
tracked	auto-form-filler/.audit-ui/functional-profile/Default/DIPS-wal
tracked	auto-form-filler/.audit-ui/functional-profile/Default/DawnGraphiteCache/data_0
tracked	auto-form-filler/.audit-ui/functional-profile/Default/DawnGraphiteCache/data_1
tracked	auto-form-filler/.audit-ui/functional-profile/Default/DawnGraphiteCache/data_2
tracked	auto-form-filler/.audit-ui/functional-profile/Default/DawnGraphiteCache/data_3
tracked	auto-form-filler/.audit-ui/functional-profile/Default/DawnGraphiteCache/index
tracked	auto-form-filler/.audit-ui/functional-profile/Default/DawnWebGPUCache/data_0
tracked	auto-form-filler/.audit-ui/functional-profile/Default/DawnWebGPUCache/data_1
tracked	auto-form-filler/.audit-ui/functional-profile/Default/DawnWebGPUCache/data_2
tracked	auto-form-filler/.audit-ui/functional-profile/Default/DawnWebGPUCache/data_3
tracked	auto-form-filler/.audit-ui/functional-profile/Default/DawnWebGPUCache/index
tracked	auto-form-filler/.audit-ui/functional-profile/Default/Extension Rules/CURRENT
tracked	auto-form-filler/.audit-ui/functional-profile/Default/Extension Rules/LOCK
tracked	auto-form-filler/.audit-ui/functional-profile/Default/Extension Rules/LOG
tracked	auto-form-filler/.audit-ui/functional-profile/Default/Extension Rules/LOG.old
tracked	auto-form-filler/.audit-ui/functional-profile/Default/Extension Rules/MANIFEST-000001
tracked	auto-form-filler/.audit-ui/functional-profile/Default/Extension Scripts/CURRENT
tracked	auto-form-filler/.audit-ui/functional-profile/Default/Extension Scripts/LOCK
tracked	auto-form-filler/.audit-ui/functional-profile/Default/Extension Scripts/LOG
tracked	auto-form-filler/.audit-ui/functional-profile/Default/Extension Scripts/LOG.old
tracked	auto-form-filler/.audit-ui/functional-profile/Default/Extension Scripts/MANIFEST-000001
tracked	auto-form-filler/.audit-ui/functional-profile/Default/Extension State/CURRENT
tracked	auto-form-filler/.audit-ui/functional-profile/Default/Extension State/LOCK
tracked	auto-form-filler/.audit-ui/functional-profile/Default/Extension State/LOG
tracked	auto-form-filler/.audit-ui/functional-profile/Default/Extension State/LOG.old
tracked	auto-form-filler/.audit-ui/functional-profile/Default/Extension State/MANIFEST-000001
tracked	auto-form-filler/.audit-ui/functional-profile/Default/Favicons
tracked	auto-form-filler/.audit-ui/functional-profile/Default/Favicons-journal
tracked	auto-form-filler/.audit-ui/functional-profile/Default/GCM Store/CURRENT
tracked	auto-form-filler/.audit-ui/functional-profile/Default/GCM Store/LOCK
tracked	auto-form-filler/.audit-ui/functional-profile/Default/GCM Store/LOG
tracked	auto-form-filler/.audit-ui/functional-profile/Default/GCM Store/MANIFEST-000001
tracked	auto-form-filler/.audit-ui/functional-profile/Default/GPUCache/data_0
tracked	auto-form-filler/.audit-ui/functional-profile/Default/GPUCache/data_1
tracked	auto-form-filler/.audit-ui/functional-profile/Default/GPUCache/data_2
tracked	auto-form-filler/.audit-ui/functional-profile/Default/GPUCache/data_3
tracked	auto-form-filler/.audit-ui/functional-profile/Default/GPUCache/index
tracked	auto-form-filler/.audit-ui/functional-profile/Default/History
tracked	auto-form-filler/.audit-ui/functional-profile/Default/History-journal
tracked	auto-form-filler/.audit-ui/functional-profile/Default/LOCK
tracked	auto-form-filler/.audit-ui/functional-profile/Default/LOG
tracked	auto-form-filler/.audit-ui/functional-profile/Default/LOG.old
tracked	auto-form-filler/.audit-ui/functional-profile/Default/Local Extension Settings/eainhgdjdmipbcjhbjbnhgmccchbaegd/CURRENT
tracked	auto-form-filler/.audit-ui/functional-profile/Default/Local Extension Settings/eainhgdjdmipbcjhbjbnhgmccchbaegd/LOCK
tracked	auto-form-filler/.audit-ui/functional-profile/Default/Local Extension Settings/eainhgdjdmipbcjhbjbnhgmccchbaegd/LOG
tracked	auto-form-filler/.audit-ui/functional-profile/Default/Local Extension Settings/eainhgdjdmipbcjhbjbnhgmccchbaegd/LOG.old
tracked	auto-form-filler/.audit-ui/functional-profile/Default/Local Extension Settings/eainhgdjdmipbcjhbjbnhgmccchbaegd/MANIFEST-000001
tracked	auto-form-filler/.audit-ui/functional-profile/Default/Local Storage/leveldb/CURRENT
tracked	auto-form-filler/.audit-ui/functional-profile/Default/Local Storage/leveldb/LOCK
tracked	auto-form-filler/.audit-ui/functional-profile/Default/Local Storage/leveldb/LOG
tracked	auto-form-filler/.audit-ui/functional-profile/Default/Local Storage/leveldb/LOG.old
tracked	auto-form-filler/.audit-ui/functional-profile/Default/Local Storage/leveldb/MANIFEST-000001
tracked	auto-form-filler/.audit-ui/functional-profile/Default/Login Data
tracked	auto-form-filler/.audit-ui/functional-profile/Default/Login Data For Account
tracked	auto-form-filler/.audit-ui/functional-profile/Default/Login Data For Account-journal
tracked	auto-form-filler/.audit-ui/functional-profile/Default/Login Data-journal
tracked	auto-form-filler/.audit-ui/functional-profile/Default/Network Action Predictor
tracked	auto-form-filler/.audit-ui/functional-profile/Default/Network Action Predictor-journal
tracked	auto-form-filler/.audit-ui/functional-profile/Default/Network Persistent State
tracked	auto-form-filler/.audit-ui/functional-profile/Default/PersistentOriginTrials/LOCK
tracked	auto-form-filler/.audit-ui/functional-profile/Default/PersistentOriginTrials/LOG
tracked	auto-form-filler/.audit-ui/functional-profile/Default/PersistentOriginTrials/LOG.old
tracked	auto-form-filler/.audit-ui/functional-profile/Default/Preferences
tracked	auto-form-filler/.audit-ui/functional-profile/Default/PreferredApps
tracked	auto-form-filler/.audit-ui/functional-profile/Default/README
tracked	auto-form-filler/.audit-ui/functional-profile/Default/Reporting and NEL
tracked	auto-form-filler/.audit-ui/functional-profile/Default/Reporting and NEL-journal
tracked	auto-form-filler/.audit-ui/functional-profile/Default/SCT Auditing Pending Reports
tracked	auto-form-filler/.audit-ui/functional-profile/Default/Safe Browsing Cookies
tracked	auto-form-filler/.audit-ui/functional-profile/Default/Safe Browsing Cookies-journal
tracked	auto-form-filler/.audit-ui/functional-profile/Default/Secure Preferences
tracked	auto-form-filler/.audit-ui/functional-profile/Default/Segmentation Platform/SegmentInfoDB/LOCK
tracked	auto-form-filler/.audit-ui/functional-profile/Default/Segmentation Platform/SegmentInfoDB/LOG
tracked	auto-form-filler/.audit-ui/functional-profile/Default/Segmentation Platform/SegmentInfoDB/LOG.old
tracked	auto-form-filler/.audit-ui/functional-profile/Default/Segmentation Platform/SignalDB/LOCK
tracked	auto-form-filler/.audit-ui/functional-profile/Default/Segmentation Platform/SignalDB/LOG
tracked	auto-form-filler/.audit-ui/functional-profile/Default/Segmentation Platform/SignalDB/LOG.old
tracked	auto-form-filler/.audit-ui/functional-profile/Default/Segmentation Platform/SignalStorageConfigDB/LOCK
tracked	auto-form-filler/.audit-ui/functional-profile/Default/Segmentation Platform/SignalStorageConfigDB/LOG
tracked	auto-form-filler/.audit-ui/functional-profile/Default/Segmentation Platform/SignalStorageConfigDB/LOG.old
tracked	auto-form-filler/.audit-ui/functional-profile/Default/ServerCertificate
tracked	auto-form-filler/.audit-ui/functional-profile/Default/ServerCertificate-journal
tracked	auto-form-filler/.audit-ui/functional-profile/Default/Service Worker/Database/CURRENT
tracked	auto-form-filler/.audit-ui/functional-profile/Default/Service Worker/Database/LOCK
tracked	auto-form-filler/.audit-ui/functional-profile/Default/Service Worker/Database/LOG
tracked	auto-form-filler/.audit-ui/functional-profile/Default/Service Worker/Database/LOG.old
tracked	auto-form-filler/.audit-ui/functional-profile/Default/Service Worker/Database/MANIFEST-000001
tracked	auto-form-filler/.audit-ui/functional-profile/Default/Service Worker/ScriptCache/2cc80dabc69f58b6_0
tracked	auto-form-filler/.audit-ui/functional-profile/Default/Service Worker/ScriptCache/2cc80dabc69f58b6_1
tracked	auto-form-filler/.audit-ui/functional-profile/Default/Service Worker/ScriptCache/index
tracked	auto-form-filler/.audit-ui/functional-profile/Default/Service Worker/ScriptCache/index-dir/the-real-index
tracked	auto-form-filler/.audit-ui/functional-profile/Default/Session Storage/CURRENT
tracked	auto-form-filler/.audit-ui/functional-profile/Default/Session Storage/LOCK
tracked	auto-form-filler/.audit-ui/functional-profile/Default/Session Storage/LOG
tracked	auto-form-filler/.audit-ui/functional-profile/Default/Session Storage/LOG.old
tracked	auto-form-filler/.audit-ui/functional-profile/Default/Session Storage/MANIFEST-000001
tracked	auto-form-filler/.audit-ui/functional-profile/Default/Sessions/Session_13425611362826633
tracked	auto-form-filler/.audit-ui/functional-profile/Default/Sessions/Tabs_13425612091583255
tracked	auto-form-filler/.audit-ui/functional-profile/Default/Sessions/Tabs_13425612272332275
tracked	auto-form-filler/.audit-ui/functional-profile/Default/Shared Dictionary/cache/index
tracked	auto-form-filler/.audit-ui/functional-profile/Default/Shared Dictionary/cache/index-dir/the-real-index
tracked	auto-form-filler/.audit-ui/functional-profile/Default/Shared Dictionary/db
tracked	auto-form-filler/.audit-ui/functional-profile/Default/Shared Dictionary/db-journal
tracked	auto-form-filler/.audit-ui/functional-profile/Default/Shortcuts
tracked	auto-form-filler/.audit-ui/functional-profile/Default/Shortcuts-journal
tracked	auto-form-filler/.audit-ui/functional-profile/Default/Site Characteristics Database/CURRENT
tracked	auto-form-filler/.audit-ui/functional-profile/Default/Site Characteristics Database/LOCK
tracked	auto-form-filler/.audit-ui/functional-profile/Default/Site Characteristics Database/LOG
tracked	auto-form-filler/.audit-ui/functional-profile/Default/Site Characteristics Database/LOG.old
tracked	auto-form-filler/.audit-ui/functional-profile/Default/Site Characteristics Database/MANIFEST-000001
tracked	auto-form-filler/.audit-ui/functional-profile/Default/Sync Data/LevelDB/CURRENT
tracked	auto-form-filler/.audit-ui/functional-profile/Default/Sync Data/LevelDB/LOCK
tracked	auto-form-filler/.audit-ui/functional-profile/Default/Sync Data/LevelDB/LOG
tracked	auto-form-filler/.audit-ui/functional-profile/Default/Sync Data/LevelDB/LOG.old
tracked	auto-form-filler/.audit-ui/functional-profile/Default/Sync Data/LevelDB/MANIFEST-000001
tracked	auto-form-filler/.audit-ui/functional-profile/Default/Sync Extension Settings/eainhgdjdmipbcjhbjbnhgmccchbaegd/CURRENT
tracked	auto-form-filler/.audit-ui/functional-profile/Default/Sync Extension Settings/eainhgdjdmipbcjhbjbnhgmccchbaegd/LOCK
tracked	auto-form-filler/.audit-ui/functional-profile/Default/Sync Extension Settings/eainhgdjdmipbcjhbjbnhgmccchbaegd/LOG
tracked	auto-form-filler/.audit-ui/functional-profile/Default/Sync Extension Settings/eainhgdjdmipbcjhbjbnhgmccchbaegd/LOG.old
tracked	auto-form-filler/.audit-ui/functional-profile/Default/Sync Extension Settings/eainhgdjdmipbcjhbjbnhgmccchbaegd/MANIFEST-000001
tracked	auto-form-filler/.audit-ui/functional-profile/Default/Top Sites
tracked	auto-form-filler/.audit-ui/functional-profile/Default/Top Sites-journal
tracked	auto-form-filler/.audit-ui/functional-profile/Default/TransportSecurity
tracked	auto-form-filler/.audit-ui/functional-profile/Default/Trust Tokens
tracked	auto-form-filler/.audit-ui/functional-profile/Default/Trust Tokens-journal
tracked	auto-form-filler/.audit-ui/functional-profile/Default/Web Data
tracked	auto-form-filler/.audit-ui/functional-profile/Default/Web Data-journal
tracked	auto-form-filler/.audit-ui/functional-profile/Default/WebStorage/QuotaManager
tracked	auto-form-filler/.audit-ui/functional-profile/Default/WebStorage/QuotaManager-journal
tracked	auto-form-filler/.audit-ui/functional-profile/Default/chrome_cart_db/LOCK
tracked	auto-form-filler/.audit-ui/functional-profile/Default/chrome_cart_db/LOG
tracked	auto-form-filler/.audit-ui/functional-profile/Default/chrome_cart_db/LOG.old
tracked	auto-form-filler/.audit-ui/functional-profile/Default/commerce_subscription_db/LOCK
tracked	auto-form-filler/.audit-ui/functional-profile/Default/commerce_subscription_db/LOG
tracked	auto-form-filler/.audit-ui/functional-profile/Default/commerce_subscription_db/LOG.old
tracked	auto-form-filler/.audit-ui/functional-profile/Default/discount_infos_db/LOCK
tracked	auto-form-filler/.audit-ui/functional-profile/Default/discount_infos_db/LOG
tracked	auto-form-filler/.audit-ui/functional-profile/Default/discount_infos_db/LOG.old
tracked	auto-form-filler/.audit-ui/functional-profile/Default/discounts_db/LOCK
tracked	auto-form-filler/.audit-ui/functional-profile/Default/discounts_db/LOG
tracked	auto-form-filler/.audit-ui/functional-profile/Default/discounts_db/LOG.old
tracked	auto-form-filler/.audit-ui/functional-profile/Default/parcel_tracking_db/LOCK
tracked	auto-form-filler/.audit-ui/functional-profile/Default/parcel_tracking_db/LOG
tracked	auto-form-filler/.audit-ui/functional-profile/Default/parcel_tracking_db/LOG.old
tracked	auto-form-filler/.audit-ui/functional-profile/Default/shared_proto_db/CURRENT
tracked	auto-form-filler/.audit-ui/functional-profile/Default/shared_proto_db/LOCK
tracked	auto-form-filler/.audit-ui/functional-profile/Default/shared_proto_db/LOG
tracked	auto-form-filler/.audit-ui/functional-profile/Default/shared_proto_db/LOG.old
tracked	auto-form-filler/.audit-ui/functional-profile/Default/shared_proto_db/MANIFEST-000001
tracked	auto-form-filler/.audit-ui/functional-profile/Default/shared_proto_db/metadata/CURRENT
tracked	auto-form-filler/.audit-ui/functional-profile/Default/shared_proto_db/metadata/LOCK
tracked	auto-form-filler/.audit-ui/functional-profile/Default/shared_proto_db/metadata/LOG
tracked	auto-form-filler/.audit-ui/functional-profile/Default/shared_proto_db/metadata/LOG.old
tracked	auto-form-filler/.audit-ui/functional-profile/Default/shared_proto_db/metadata/MANIFEST-000001
tracked	auto-form-filler/.audit-ui/functional-profile/Default/trusted_vault.pb
tracked	auto-form-filler/.audit-ui/functional-profile/GrShaderCache/data_0
tracked	auto-form-filler/.audit-ui/functional-profile/GrShaderCache/data_1
tracked	auto-form-filler/.audit-ui/functional-profile/GrShaderCache/data_2
tracked	auto-form-filler/.audit-ui/functional-profile/GrShaderCache/data_3
tracked	auto-form-filler/.audit-ui/functional-profile/GrShaderCache/index
tracked	auto-form-filler/.audit-ui/functional-profile/GraphiteDawnCache/data_0
tracked	auto-form-filler/.audit-ui/functional-profile/GraphiteDawnCache/data_1
tracked	auto-form-filler/.audit-ui/functional-profile/GraphiteDawnCache/data_2
tracked	auto-form-filler/.audit-ui/functional-profile/GraphiteDawnCache/data_3
tracked	auto-form-filler/.audit-ui/functional-profile/GraphiteDawnCache/index
tracked	auto-form-filler/.audit-ui/functional-profile/Last Version
tracked	auto-form-filler/.audit-ui/functional-profile/Local State
tracked	auto-form-filler/.audit-ui/functional-profile/ShaderCache/data_0
tracked	auto-form-filler/.audit-ui/functional-profile/ShaderCache/data_1
tracked	auto-form-filler/.audit-ui/functional-profile/ShaderCache/data_2
tracked	auto-form-filler/.audit-ui/functional-profile/ShaderCache/data_3
tracked	auto-form-filler/.audit-ui/functional-profile/ShaderCache/index
tracked	auto-form-filler/.audit-ui/functional-profile/Variations
tracked	auto-form-filler/.audit-ui/functional-profile/component_crx_cache/metadata.json
tracked	auto-form-filler/.audit-ui/functional-profile/extensions_crx_cache/metadata.json
tracked	auto-form-filler/.audit-ui/functional-profile/segmentation_platform/ukm_db
tracked	auto-form-filler/.audit-ui/functional-profile2/Default/Account Web Data
tracked	auto-form-filler/.audit-ui/functional-profile2/Default/Account Web Data-journal
tracked	auto-form-filler/.audit-ui/functional-profile2/Default/Affiliation Database
tracked	auto-form-filler/.audit-ui/functional-profile2/Default/Affiliation Database-journal
tracked	auto-form-filler/.audit-ui/functional-profile2/Default/BookmarkMergedSurfaceOrdering
tracked	auto-form-filler/.audit-ui/functional-profile2/Default/Cache/Cache_Data/245558ab1ffa1acc_0
tracked	auto-form-filler/.audit-ui/functional-profile2/Default/Cache/Cache_Data/60275391413c5610_0
tracked	auto-form-filler/.audit-ui/functional-profile2/Default/Cache/Cache_Data/7808749449779583_0
tracked	auto-form-filler/.audit-ui/functional-profile2/Default/Cache/Cache_Data/7e0f8c4ddb5a9a1e_0
tracked	auto-form-filler/.audit-ui/functional-profile2/Default/Cache/Cache_Data/8121ea39bde7a9ef_0
tracked	auto-form-filler/.audit-ui/functional-profile2/Default/Cache/Cache_Data/daf01940055749c3_0
tracked	auto-form-filler/.audit-ui/functional-profile2/Default/Cache/Cache_Data/eb1e553f9fc0ebeb_0
tracked	auto-form-filler/.audit-ui/functional-profile2/Default/Cache/Cache_Data/index
tracked	auto-form-filler/.audit-ui/functional-profile2/Default/Cache/Cache_Data/index-dir/the-real-index
tracked	auto-form-filler/.audit-ui/functional-profile2/Default/Cache/No_Vary_Search/journal.baj
tracked	auto-form-filler/.audit-ui/functional-profile2/Default/Cache/No_Vary_Search/snapshot.baf
tracked	auto-form-filler/.audit-ui/functional-profile2/Default/ClientCertificates/LOCK
tracked	auto-form-filler/.audit-ui/functional-profile2/Default/ClientCertificates/LOG
tracked	auto-form-filler/.audit-ui/functional-profile2/Default/Code Cache/js/44ee2b33e989e371_0
tracked	auto-form-filler/.audit-ui/functional-profile2/Default/Code Cache/js/4bd3243c0e65bd9d_0
tracked	auto-form-filler/.audit-ui/functional-profile2/Default/Code Cache/js/aec3901bd63a452d_0
tracked	auto-form-filler/.audit-ui/functional-profile2/Default/Code Cache/js/da47abc846fb5923_0
tracked	auto-form-filler/.audit-ui/functional-profile2/Default/Code Cache/js/index
tracked	auto-form-filler/.audit-ui/functional-profile2/Default/Code Cache/js/index-dir/the-real-index
tracked	auto-form-filler/.audit-ui/functional-profile2/Default/Code Cache/wasm/index
tracked	auto-form-filler/.audit-ui/functional-profile2/Default/Code Cache/wasm/index-dir/the-real-index
tracked	auto-form-filler/.audit-ui/functional-profile2/Default/Cookies
tracked	auto-form-filler/.audit-ui/functional-profile2/Default/Cookies-journal
tracked	auto-form-filler/.audit-ui/functional-profile2/Default/DawnGraphiteCache/data_0
tracked	auto-form-filler/.audit-ui/functional-profile2/Default/DawnGraphiteCache/data_1
tracked	auto-form-filler/.audit-ui/functional-profile2/Default/DawnGraphiteCache/data_2
tracked	auto-form-filler/.audit-ui/functional-profile2/Default/DawnGraphiteCache/data_3
tracked	auto-form-filler/.audit-ui/functional-profile2/Default/DawnGraphiteCache/index
tracked	auto-form-filler/.audit-ui/functional-profile2/Default/DawnWebGPUCache/data_0
tracked	auto-form-filler/.audit-ui/functional-profile2/Default/DawnWebGPUCache/data_1
tracked	auto-form-filler/.audit-ui/functional-profile2/Default/DawnWebGPUCache/data_2
tracked	auto-form-filler/.audit-ui/functional-profile2/Default/DawnWebGPUCache/data_3
tracked	auto-form-filler/.audit-ui/functional-profile2/Default/DawnWebGPUCache/index
tracked	auto-form-filler/.audit-ui/functional-profile2/Default/Extension Rules/CURRENT
tracked	auto-form-filler/.audit-ui/functional-profile2/Default/Extension Rules/LOCK
tracked	auto-form-filler/.audit-ui/functional-profile2/Default/Extension Rules/LOG
tracked	auto-form-filler/.audit-ui/functional-profile2/Default/Extension Rules/MANIFEST-000001
tracked	auto-form-filler/.audit-ui/functional-profile2/Default/Extension Scripts/CURRENT
tracked	auto-form-filler/.audit-ui/functional-profile2/Default/Extension Scripts/LOCK
tracked	auto-form-filler/.audit-ui/functional-profile2/Default/Extension Scripts/LOG
tracked	auto-form-filler/.audit-ui/functional-profile2/Default/Extension Scripts/MANIFEST-000001
tracked	auto-form-filler/.audit-ui/functional-profile2/Default/Extension State/CURRENT
tracked	auto-form-filler/.audit-ui/functional-profile2/Default/Extension State/LOCK
tracked	auto-form-filler/.audit-ui/functional-profile2/Default/Extension State/LOG
tracked	auto-form-filler/.audit-ui/functional-profile2/Default/Extension State/MANIFEST-000001
tracked	auto-form-filler/.audit-ui/functional-profile2/Default/Favicons
tracked	auto-form-filler/.audit-ui/functional-profile2/Default/Favicons-journal
tracked	auto-form-filler/.audit-ui/functional-profile2/Default/GPUCache/data_0
tracked	auto-form-filler/.audit-ui/functional-profile2/Default/GPUCache/data_1
tracked	auto-form-filler/.audit-ui/functional-profile2/Default/GPUCache/data_2
tracked	auto-form-filler/.audit-ui/functional-profile2/Default/GPUCache/data_3
tracked	auto-form-filler/.audit-ui/functional-profile2/Default/GPUCache/index
tracked	auto-form-filler/.audit-ui/functional-profile2/Default/History
tracked	auto-form-filler/.audit-ui/functional-profile2/Default/History-journal
tracked	auto-form-filler/.audit-ui/functional-profile2/Default/LOCK
tracked	auto-form-filler/.audit-ui/functional-profile2/Default/LOG
tracked	auto-form-filler/.audit-ui/functional-profile2/Default/Local Extension Settings/eainhgdjdmipbcjhbjbnhgmccchbaegd/CURRENT
tracked	auto-form-filler/.audit-ui/functional-profile2/Default/Local Extension Settings/eainhgdjdmipbcjhbjbnhgmccchbaegd/LOCK
tracked	auto-form-filler/.audit-ui/functional-profile2/Default/Local Extension Settings/eainhgdjdmipbcjhbjbnhgmccchbaegd/LOG
tracked	auto-form-filler/.audit-ui/functional-profile2/Default/Local Extension Settings/eainhgdjdmipbcjhbjbnhgmccchbaegd/MANIFEST-000001
tracked	auto-form-filler/.audit-ui/functional-profile2/Default/Local Storage/leveldb/CURRENT
tracked	auto-form-filler/.audit-ui/functional-profile2/Default/Local Storage/leveldb/LOCK
tracked	auto-form-filler/.audit-ui/functional-profile2/Default/Local Storage/leveldb/LOG
tracked	auto-form-filler/.audit-ui/functional-profile2/Default/Local Storage/leveldb/MANIFEST-000001
tracked	auto-form-filler/.audit-ui/functional-profile2/Default/Login Data
tracked	auto-form-filler/.audit-ui/functional-profile2/Default/Login Data For Account
tracked	auto-form-filler/.audit-ui/functional-profile2/Default/Login Data For Account-journal
tracked	auto-form-filler/.audit-ui/functional-profile2/Default/Login Data-journal
tracked	auto-form-filler/.audit-ui/functional-profile2/Default/Network Persistent State
tracked	auto-form-filler/.audit-ui/functional-profile2/Default/PersistentOriginTrials/LOCK
tracked	auto-form-filler/.audit-ui/functional-profile2/Default/PersistentOriginTrials/LOG
tracked	auto-form-filler/.audit-ui/functional-profile2/Default/Preferences
tracked	auto-form-filler/.audit-ui/functional-profile2/Default/README
tracked	auto-form-filler/.audit-ui/functional-profile2/Default/Reporting and NEL
tracked	auto-form-filler/.audit-ui/functional-profile2/Default/Reporting and NEL-journal
tracked	auto-form-filler/.audit-ui/functional-profile2/Default/SCT Auditing Pending Reports
tracked	auto-form-filler/.audit-ui/functional-profile2/Default/Safe Browsing Cookies
tracked	auto-form-filler/.audit-ui/functional-profile2/Default/Safe Browsing Cookies-journal
tracked	auto-form-filler/.audit-ui/functional-profile2/Default/Secure Preferences
tracked	auto-form-filler/.audit-ui/functional-profile2/Default/Segmentation Platform/SegmentInfoDB/LOCK
tracked	auto-form-filler/.audit-ui/functional-profile2/Default/Segmentation Platform/SegmentInfoDB/LOG
tracked	auto-form-filler/.audit-ui/functional-profile2/Default/Segmentation Platform/SignalDB/LOCK
tracked	auto-form-filler/.audit-ui/functional-profile2/Default/Segmentation Platform/SignalDB/LOG
tracked	auto-form-filler/.audit-ui/functional-profile2/Default/Segmentation Platform/SignalStorageConfigDB/LOCK
tracked	auto-form-filler/.audit-ui/functional-profile2/Default/Segmentation Platform/SignalStorageConfigDB/LOG
tracked	auto-form-filler/.audit-ui/functional-profile2/Default/ServerCertificate
tracked	auto-form-filler/.audit-ui/functional-profile2/Default/ServerCertificate-journal
tracked	auto-form-filler/.audit-ui/functional-profile2/Default/Service Worker/Database/CURRENT
tracked	auto-form-filler/.audit-ui/functional-profile2/Default/Service Worker/Database/LOCK
tracked	auto-form-filler/.audit-ui/functional-profile2/Default/Service Worker/Database/LOG
tracked	auto-form-filler/.audit-ui/functional-profile2/Default/Service Worker/Database/MANIFEST-000001
tracked	auto-form-filler/.audit-ui/functional-profile2/Default/Service Worker/ScriptCache/2cc80dabc69f58b6_0
tracked	auto-form-filler/.audit-ui/functional-profile2/Default/Service Worker/ScriptCache/2cc80dabc69f58b6_1
tracked	auto-form-filler/.audit-ui/functional-profile2/Default/Service Worker/ScriptCache/index
tracked	auto-form-filler/.audit-ui/functional-profile2/Default/Service Worker/ScriptCache/index-dir/the-real-index
tracked	auto-form-filler/.audit-ui/functional-profile2/Default/Session Storage/CURRENT
tracked	auto-form-filler/.audit-ui/functional-profile2/Default/Session Storage/LOCK
tracked	auto-form-filler/.audit-ui/functional-profile2/Default/Session Storage/LOG
tracked	auto-form-filler/.audit-ui/functional-profile2/Default/Session Storage/MANIFEST-000001
tracked	auto-form-filler/.audit-ui/functional-profile2/Default/Sessions/Session_13425611455168282
tracked	auto-form-filler/.audit-ui/functional-profile2/Default/Sessions/Tabs_13425611455188359
tracked	auto-form-filler/.audit-ui/functional-profile2/Default/Shared Dictionary/cache/index
tracked	auto-form-filler/.audit-ui/functional-profile2/Default/Shared Dictionary/cache/index-dir/the-real-index
tracked	auto-form-filler/.audit-ui/functional-profile2/Default/Shared Dictionary/db
tracked	auto-form-filler/.audit-ui/functional-profile2/Default/Shared Dictionary/db-journal
tracked	auto-form-filler/.audit-ui/functional-profile2/Default/Site Characteristics Database/CURRENT
tracked	auto-form-filler/.audit-ui/functional-profile2/Default/Site Characteristics Database/LOCK
tracked	auto-form-filler/.audit-ui/functional-profile2/Default/Site Characteristics Database/LOG
tracked	auto-form-filler/.audit-ui/functional-profile2/Default/Site Characteristics Database/MANIFEST-000001
tracked	auto-form-filler/.audit-ui/functional-profile2/Default/Sync Data/LevelDB/CURRENT
tracked	auto-form-filler/.audit-ui/functional-profile2/Default/Sync Data/LevelDB/LOCK
tracked	auto-form-filler/.audit-ui/functional-profile2/Default/Sync Data/LevelDB/LOG
tracked	auto-form-filler/.audit-ui/functional-profile2/Default/Sync Data/LevelDB/MANIFEST-000001
tracked	auto-form-filler/.audit-ui/functional-profile2/Default/Sync Extension Settings/eainhgdjdmipbcjhbjbnhgmccchbaegd/CURRENT
tracked	auto-form-filler/.audit-ui/functional-profile2/Default/Sync Extension Settings/eainhgdjdmipbcjhbjbnhgmccchbaegd/LOCK
tracked	auto-form-filler/.audit-ui/functional-profile2/Default/Sync Extension Settings/eainhgdjdmipbcjhbjbnhgmccchbaegd/LOG
tracked	auto-form-filler/.audit-ui/functional-profile2/Default/Sync Extension Settings/eainhgdjdmipbcjhbjbnhgmccchbaegd/MANIFEST-000001
tracked	auto-form-filler/.audit-ui/functional-profile2/Default/Top Sites
tracked	auto-form-filler/.audit-ui/functional-profile2/Default/Top Sites-journal
tracked	auto-form-filler/.audit-ui/functional-profile2/Default/TransportSecurity
tracked	auto-form-filler/.audit-ui/functional-profile2/Default/Trust Tokens
tracked	auto-form-filler/.audit-ui/functional-profile2/Default/Trust Tokens-journal
tracked	auto-form-filler/.audit-ui/functional-profile2/Default/Web Data
tracked	auto-form-filler/.audit-ui/functional-profile2/Default/Web Data-journal
tracked	auto-form-filler/.audit-ui/functional-profile2/Default/WebStorage/QuotaManager
tracked	auto-form-filler/.audit-ui/functional-profile2/Default/WebStorage/QuotaManager-journal
tracked	auto-form-filler/.audit-ui/functional-profile2/Default/chrome_cart_db/LOCK
tracked	auto-form-filler/.audit-ui/functional-profile2/Default/chrome_cart_db/LOG
tracked	auto-form-filler/.audit-ui/functional-profile2/Default/commerce_subscription_db/LOCK
tracked	auto-form-filler/.audit-ui/functional-profile2/Default/commerce_subscription_db/LOG
tracked	auto-form-filler/.audit-ui/functional-profile2/Default/discount_infos_db/LOCK
tracked	auto-form-filler/.audit-ui/functional-profile2/Default/discount_infos_db/LOG
tracked	auto-form-filler/.audit-ui/functional-profile2/Default/discounts_db/LOCK
tracked	auto-form-filler/.audit-ui/functional-profile2/Default/discounts_db/LOG
tracked	auto-form-filler/.audit-ui/functional-profile2/Default/parcel_tracking_db/LOCK
tracked	auto-form-filler/.audit-ui/functional-profile2/Default/parcel_tracking_db/LOG
tracked	auto-form-filler/.audit-ui/functional-profile2/Default/shared_proto_db/CURRENT
tracked	auto-form-filler/.audit-ui/functional-profile2/Default/shared_proto_db/LOCK
tracked	auto-form-filler/.audit-ui/functional-profile2/Default/shared_proto_db/LOG
tracked	auto-form-filler/.audit-ui/functional-profile2/Default/shared_proto_db/MANIFEST-000001
tracked	auto-form-filler/.audit-ui/functional-profile2/Default/shared_proto_db/metadata/CURRENT
tracked	auto-form-filler/.audit-ui/functional-profile2/Default/shared_proto_db/metadata/LOCK
tracked	auto-form-filler/.audit-ui/functional-profile2/Default/shared_proto_db/metadata/LOG
tracked	auto-form-filler/.audit-ui/functional-profile2/Default/shared_proto_db/metadata/MANIFEST-000001
tracked	auto-form-filler/.audit-ui/functional-profile2/Default/trusted_vault.pb
tracked	auto-form-filler/.audit-ui/functional-profile2/GrShaderCache/data_0
tracked	auto-form-filler/.audit-ui/functional-profile2/GrShaderCache/data_1
tracked	auto-form-filler/.audit-ui/functional-profile2/GrShaderCache/data_2
tracked	auto-form-filler/.audit-ui/functional-profile2/GrShaderCache/data_3
tracked	auto-form-filler/.audit-ui/functional-profile2/GrShaderCache/index
tracked	auto-form-filler/.audit-ui/functional-profile2/GraphiteDawnCache/data_0
tracked	auto-form-filler/.audit-ui/functional-profile2/GraphiteDawnCache/data_1
tracked	auto-form-filler/.audit-ui/functional-profile2/GraphiteDawnCache/data_2
tracked	auto-form-filler/.audit-ui/functional-profile2/GraphiteDawnCache/data_3
tracked	auto-form-filler/.audit-ui/functional-profile2/GraphiteDawnCache/index
tracked	auto-form-filler/.audit-ui/functional-profile2/Last Version
tracked	auto-form-filler/.audit-ui/functional-profile2/Local State
tracked	auto-form-filler/.audit-ui/functional-profile2/ShaderCache/data_0
tracked	auto-form-filler/.audit-ui/functional-profile2/ShaderCache/data_1
tracked	auto-form-filler/.audit-ui/functional-profile2/ShaderCache/data_2
tracked	auto-form-filler/.audit-ui/functional-profile2/ShaderCache/data_3
tracked	auto-form-filler/.audit-ui/functional-profile2/ShaderCache/index
tracked	auto-form-filler/.audit-ui/functional-profile2/Variations
tracked	auto-form-filler/.audit-ui/functional-profile2/segmentation_platform/ukm_db
tracked	auto-form-filler/.audit-ui/functional-profile3/Default/Account Web Data
tracked	auto-form-filler/.audit-ui/functional-profile3/Default/Account Web Data-journal
tracked	auto-form-filler/.audit-ui/functional-profile3/Default/Affiliation Database
tracked	auto-form-filler/.audit-ui/functional-profile3/Default/Affiliation Database-journal
tracked	auto-form-filler/.audit-ui/functional-profile3/Default/AutofillAiModelCache/LOCK
tracked	auto-form-filler/.audit-ui/functional-profile3/Default/AutofillAiModelCache/LOG
tracked	auto-form-filler/.audit-ui/functional-profile3/Default/AutofillStrikeDatabase/LOCK
tracked	auto-form-filler/.audit-ui/functional-profile3/Default/AutofillStrikeDatabase/LOG
tracked	auto-form-filler/.audit-ui/functional-profile3/Default/BookmarkMergedSurfaceOrdering
tracked	auto-form-filler/.audit-ui/functional-profile3/Default/BudgetDatabase/LOCK
tracked	auto-form-filler/.audit-ui/functional-profile3/Default/BudgetDatabase/LOG
tracked	auto-form-filler/.audit-ui/functional-profile3/Default/Cache/Cache_Data/245558ab1ffa1acc_0
tracked	auto-form-filler/.audit-ui/functional-profile3/Default/Cache/Cache_Data/60275391413c5610_0
tracked	auto-form-filler/.audit-ui/functional-profile3/Default/Cache/Cache_Data/7808749449779583_0
tracked	auto-form-filler/.audit-ui/functional-profile3/Default/Cache/Cache_Data/7e0f8c4ddb5a9a1e_0
tracked	auto-form-filler/.audit-ui/functional-profile3/Default/Cache/Cache_Data/8121ea39bde7a9ef_0
tracked	auto-form-filler/.audit-ui/functional-profile3/Default/Cache/Cache_Data/daf01940055749c3_0
tracked	auto-form-filler/.audit-ui/functional-profile3/Default/Cache/Cache_Data/eb1e553f9fc0ebeb_0
tracked	auto-form-filler/.audit-ui/functional-profile3/Default/Cache/Cache_Data/index
tracked	auto-form-filler/.audit-ui/functional-profile3/Default/Cache/Cache_Data/index-dir/the-real-index
tracked	auto-form-filler/.audit-ui/functional-profile3/Default/Cache/No_Vary_Search/journal.baj
tracked	auto-form-filler/.audit-ui/functional-profile3/Default/Cache/No_Vary_Search/snapshot.baf
tracked	auto-form-filler/.audit-ui/functional-profile3/Default/ClientCertificates/LOCK
tracked	auto-form-filler/.audit-ui/functional-profile3/Default/ClientCertificates/LOG
tracked	auto-form-filler/.audit-ui/functional-profile3/Default/Code Cache/js/4bd3243c0e65bd9d_0
tracked	auto-form-filler/.audit-ui/functional-profile3/Default/Code Cache/js/85f266a135d93264_0
tracked	auto-form-filler/.audit-ui/functional-profile3/Default/Code Cache/js/aec3901bd63a452d_0
tracked	auto-form-filler/.audit-ui/functional-profile3/Default/Code Cache/js/da47abc846fb5923_0
tracked	auto-form-filler/.audit-ui/functional-profile3/Default/Code Cache/js/index
tracked	auto-form-filler/.audit-ui/functional-profile3/Default/Code Cache/js/index-dir/the-real-index
tracked	auto-form-filler/.audit-ui/functional-profile3/Default/Code Cache/wasm/index
tracked	auto-form-filler/.audit-ui/functional-profile3/Default/Code Cache/wasm/index-dir/the-real-index
tracked	auto-form-filler/.audit-ui/functional-profile3/Default/Cookies
tracked	auto-form-filler/.audit-ui/functional-profile3/Default/Cookies-journal
tracked	auto-form-filler/.audit-ui/functional-profile3/Default/DIPS
tracked	auto-form-filler/.audit-ui/functional-profile3/Default/DawnGraphiteCache/data_0
tracked	auto-form-filler/.audit-ui/functional-profile3/Default/DawnGraphiteCache/data_1
tracked	auto-form-filler/.audit-ui/functional-profile3/Default/DawnGraphiteCache/data_2
tracked	auto-form-filler/.audit-ui/functional-profile3/Default/DawnGraphiteCache/data_3
tracked	auto-form-filler/.audit-ui/functional-profile3/Default/DawnGraphiteCache/index
tracked	auto-form-filler/.audit-ui/functional-profile3/Default/DawnWebGPUCache/data_0
tracked	auto-form-filler/.audit-ui/functional-profile3/Default/DawnWebGPUCache/data_1
tracked	auto-form-filler/.audit-ui/functional-profile3/Default/DawnWebGPUCache/data_2
tracked	auto-form-filler/.audit-ui/functional-profile3/Default/DawnWebGPUCache/data_3
tracked	auto-form-filler/.audit-ui/functional-profile3/Default/DawnWebGPUCache/index
tracked	auto-form-filler/.audit-ui/functional-profile3/Default/Extension Rules/CURRENT
tracked	auto-form-filler/.audit-ui/functional-profile3/Default/Extension Rules/LOCK
tracked	auto-form-filler/.audit-ui/functional-profile3/Default/Extension Rules/LOG
tracked	auto-form-filler/.audit-ui/functional-profile3/Default/Extension Rules/MANIFEST-000001
tracked	auto-form-filler/.audit-ui/functional-profile3/Default/Extension Scripts/CURRENT
tracked	auto-form-filler/.audit-ui/functional-profile3/Default/Extension Scripts/LOCK
tracked	auto-form-filler/.audit-ui/functional-profile3/Default/Extension Scripts/LOG
tracked	auto-form-filler/.audit-ui/functional-profile3/Default/Extension Scripts/MANIFEST-000001
tracked	auto-form-filler/.audit-ui/functional-profile3/Default/Extension State/CURRENT
tracked	auto-form-filler/.audit-ui/functional-profile3/Default/Extension State/LOCK
tracked	auto-form-filler/.audit-ui/functional-profile3/Default/Extension State/LOG
tracked	auto-form-filler/.audit-ui/functional-profile3/Default/Extension State/MANIFEST-000001
tracked	auto-form-filler/.audit-ui/functional-profile3/Default/Favicons
tracked	auto-form-filler/.audit-ui/functional-profile3/Default/Favicons-journal
tracked	auto-form-filler/.audit-ui/functional-profile3/Default/GCM Store/CURRENT
tracked	auto-form-filler/.audit-ui/functional-profile3/Default/GCM Store/LOCK
tracked	auto-form-filler/.audit-ui/functional-profile3/Default/GCM Store/LOG
tracked	auto-form-filler/.audit-ui/functional-profile3/Default/GCM Store/MANIFEST-000001
tracked	auto-form-filler/.audit-ui/functional-profile3/Default/GPUCache/data_0
tracked	auto-form-filler/.audit-ui/functional-profile3/Default/GPUCache/data_1
tracked	auto-form-filler/.audit-ui/functional-profile3/Default/GPUCache/data_2
tracked	auto-form-filler/.audit-ui/functional-profile3/Default/GPUCache/data_3
tracked	auto-form-filler/.audit-ui/functional-profile3/Default/GPUCache/index
tracked	auto-form-filler/.audit-ui/functional-profile3/Default/History
tracked	auto-form-filler/.audit-ui/functional-profile3/Default/History-journal
tracked	auto-form-filler/.audit-ui/functional-profile3/Default/LOCK
tracked	auto-form-filler/.audit-ui/functional-profile3/Default/LOG
tracked	auto-form-filler/.audit-ui/functional-profile3/Default/Local Extension Settings/eainhgdjdmipbcjhbjbnhgmccchbaegd/CURRENT
tracked	auto-form-filler/.audit-ui/functional-profile3/Default/Local Extension Settings/eainhgdjdmipbcjhbjbnhgmccchbaegd/LOCK
tracked	auto-form-filler/.audit-ui/functional-profile3/Default/Local Extension Settings/eainhgdjdmipbcjhbjbnhgmccchbaegd/LOG
tracked	auto-form-filler/.audit-ui/functional-profile3/Default/Local Extension Settings/eainhgdjdmipbcjhbjbnhgmccchbaegd/MANIFEST-000001
tracked	auto-form-filler/.audit-ui/functional-profile3/Default/Local Storage/leveldb/CURRENT
tracked	auto-form-filler/.audit-ui/functional-profile3/Default/Local Storage/leveldb/LOCK
tracked	auto-form-filler/.audit-ui/functional-profile3/Default/Local Storage/leveldb/LOG
tracked	auto-form-filler/.audit-ui/functional-profile3/Default/Local Storage/leveldb/MANIFEST-000001
tracked	auto-form-filler/.audit-ui/functional-profile3/Default/Login Data
tracked	auto-form-filler/.audit-ui/functional-profile3/Default/Login Data For Account
tracked	auto-form-filler/.audit-ui/functional-profile3/Default/Login Data For Account-journal
tracked	auto-form-filler/.audit-ui/functional-profile3/Default/Login Data-journal
tracked	auto-form-filler/.audit-ui/functional-profile3/Default/Network Action Predictor
tracked	auto-form-filler/.audit-ui/functional-profile3/Default/Network Action Predictor-journal
tracked	auto-form-filler/.audit-ui/functional-profile3/Default/Network Persistent State
tracked	auto-form-filler/.audit-ui/functional-profile3/Default/PersistentOriginTrials/LOCK
tracked	auto-form-filler/.audit-ui/functional-profile3/Default/PersistentOriginTrials/LOG
tracked	auto-form-filler/.audit-ui/functional-profile3/Default/Preferences
tracked	auto-form-filler/.audit-ui/functional-profile3/Default/PreferredApps
tracked	auto-form-filler/.audit-ui/functional-profile3/Default/README
tracked	auto-form-filler/.audit-ui/functional-profile3/Default/Reporting and NEL
tracked	auto-form-filler/.audit-ui/functional-profile3/Default/Reporting and NEL-journal
tracked	auto-form-filler/.audit-ui/functional-profile3/Default/SCT Auditing Pending Reports
tracked	auto-form-filler/.audit-ui/functional-profile3/Default/Safe Browsing Cookies
tracked	auto-form-filler/.audit-ui/functional-profile3/Default/Safe Browsing Cookies-journal
tracked	auto-form-filler/.audit-ui/functional-profile3/Default/Secure Preferences
tracked	auto-form-filler/.audit-ui/functional-profile3/Default/Segmentation Platform/SegmentInfoDB/LOCK
tracked	auto-form-filler/.audit-ui/functional-profile3/Default/Segmentation Platform/SegmentInfoDB/LOG
tracked	auto-form-filler/.audit-ui/functional-profile3/Default/Segmentation Platform/SignalDB/LOCK
tracked	auto-form-filler/.audit-ui/functional-profile3/Default/Segmentation Platform/SignalDB/LOG
tracked	auto-form-filler/.audit-ui/functional-profile3/Default/Segmentation Platform/SignalStorageConfigDB/LOCK
tracked	auto-form-filler/.audit-ui/functional-profile3/Default/Segmentation Platform/SignalStorageConfigDB/LOG
tracked	auto-form-filler/.audit-ui/functional-profile3/Default/ServerCertificate
tracked	auto-form-filler/.audit-ui/functional-profile3/Default/ServerCertificate-journal
tracked	auto-form-filler/.audit-ui/functional-profile3/Default/Service Worker/Database/CURRENT
tracked	auto-form-filler/.audit-ui/functional-profile3/Default/Service Worker/Database/LOCK
tracked	auto-form-filler/.audit-ui/functional-profile3/Default/Service Worker/Database/LOG
tracked	auto-form-filler/.audit-ui/functional-profile3/Default/Service Worker/Database/MANIFEST-000001
tracked	auto-form-filler/.audit-ui/functional-profile3/Default/Service Worker/ScriptCache/2cc80dabc69f58b6_0
tracked	auto-form-filler/.audit-ui/functional-profile3/Default/Service Worker/ScriptCache/2cc80dabc69f58b6_1
tracked	auto-form-filler/.audit-ui/functional-profile3/Default/Service Worker/ScriptCache/index
tracked	auto-form-filler/.audit-ui/functional-profile3/Default/Service Worker/ScriptCache/index-dir/the-real-index
tracked	auto-form-filler/.audit-ui/functional-profile3/Default/Session Storage/CURRENT
tracked	auto-form-filler/.audit-ui/functional-profile3/Default/Session Storage/LOCK
tracked	auto-form-filler/.audit-ui/functional-profile3/Default/Session Storage/LOG
tracked	auto-form-filler/.audit-ui/functional-profile3/Default/Session Storage/MANIFEST-000001
tracked	auto-form-filler/.audit-ui/functional-profile3/Default/Sessions/Session_13425611473302582
tracked	auto-form-filler/.audit-ui/functional-profile3/Default/Sessions/Tabs_13425611474311602
tracked	auto-form-filler/.audit-ui/functional-profile3/Default/Shared Dictionary/cache/index
tracked	auto-form-filler/.audit-ui/functional-profile3/Default/Shared Dictionary/cache/index-dir/the-real-index
tracked	auto-form-filler/.audit-ui/functional-profile3/Default/Shared Dictionary/db
tracked	auto-form-filler/.audit-ui/functional-profile3/Default/Shared Dictionary/db-journal
tracked	auto-form-filler/.audit-ui/functional-profile3/Default/Shortcuts
tracked	auto-form-filler/.audit-ui/functional-profile3/Default/Shortcuts-journal
tracked	auto-form-filler/.audit-ui/functional-profile3/Default/Site Characteristics Database/CURRENT
tracked	auto-form-filler/.audit-ui/functional-profile3/Default/Site Characteristics Database/LOCK
tracked	auto-form-filler/.audit-ui/functional-profile3/Default/Site Characteristics Database/LOG
tracked	auto-form-filler/.audit-ui/functional-profile3/Default/Site Characteristics Database/MANIFEST-000001
tracked	auto-form-filler/.audit-ui/functional-profile3/Default/Sync Data/LevelDB/CURRENT
tracked	auto-form-filler/.audit-ui/functional-profile3/Default/Sync Data/LevelDB/LOCK
tracked	auto-form-filler/.audit-ui/functional-profile3/Default/Sync Data/LevelDB/LOG
tracked	auto-form-filler/.audit-ui/functional-profile3/Default/Sync Data/LevelDB/MANIFEST-000001
tracked	auto-form-filler/.audit-ui/functional-profile3/Default/Sync Extension Settings/eainhgdjdmipbcjhbjbnhgmccchbaegd/CURRENT
tracked	auto-form-filler/.audit-ui/functional-profile3/Default/Sync Extension Settings/eainhgdjdmipbcjhbjbnhgmccchbaegd/LOCK
tracked	auto-form-filler/.audit-ui/functional-profile3/Default/Sync Extension Settings/eainhgdjdmipbcjhbjbnhgmccchbaegd/LOG
tracked	auto-form-filler/.audit-ui/functional-profile3/Default/Sync Extension Settings/eainhgdjdmipbcjhbjbnhgmccchbaegd/MANIFEST-000001
tracked	auto-form-filler/.audit-ui/functional-profile3/Default/Top Sites
tracked	auto-form-filler/.audit-ui/functional-profile3/Default/Top Sites-journal
tracked	auto-form-filler/.audit-ui/functional-profile3/Default/TransportSecurity
tracked	auto-form-filler/.audit-ui/functional-profile3/Default/Trust Tokens
tracked	auto-form-filler/.audit-ui/functional-profile3/Default/Trust Tokens-journal
tracked	auto-form-filler/.audit-ui/functional-profile3/Default/Web Data
tracked	auto-form-filler/.audit-ui/functional-profile3/Default/Web Data-journal
tracked	auto-form-filler/.audit-ui/functional-profile3/Default/WebStorage/QuotaManager
tracked	auto-form-filler/.audit-ui/functional-profile3/Default/WebStorage/QuotaManager-journal
tracked	auto-form-filler/.audit-ui/functional-profile3/Default/chrome_cart_db/LOCK
tracked	auto-form-filler/.audit-ui/functional-profile3/Default/chrome_cart_db/LOG
tracked	auto-form-filler/.audit-ui/functional-profile3/Default/commerce_subscription_db/LOCK
tracked	auto-form-filler/.audit-ui/functional-profile3/Default/commerce_subscription_db/LOG
tracked	auto-form-filler/.audit-ui/functional-profile3/Default/discount_infos_db/LOCK
tracked	auto-form-filler/.audit-ui/functional-profile3/Default/discount_infos_db/LOG
tracked	auto-form-filler/.audit-ui/functional-profile3/Default/discounts_db/LOCK
tracked	auto-form-filler/.audit-ui/functional-profile3/Default/discounts_db/LOG
tracked	auto-form-filler/.audit-ui/functional-profile3/Default/parcel_tracking_db/LOCK
tracked	auto-form-filler/.audit-ui/functional-profile3/Default/parcel_tracking_db/LOG
tracked	auto-form-filler/.audit-ui/functional-profile3/Default/shared_proto_db/CURRENT
tracked	auto-form-filler/.audit-ui/functional-profile3/Default/shared_proto_db/LOCK
tracked	auto-form-filler/.audit-ui/functional-profile3/Default/shared_proto_db/LOG
tracked	auto-form-filler/.audit-ui/functional-profile3/Default/shared_proto_db/MANIFEST-000001
tracked	auto-form-filler/.audit-ui/functional-profile3/Default/shared_proto_db/metadata/CURRENT
tracked	auto-form-filler/.audit-ui/functional-profile3/Default/shared_proto_db/metadata/LOCK
tracked	auto-form-filler/.audit-ui/functional-profile3/Default/shared_proto_db/metadata/LOG
tracked	auto-form-filler/.audit-ui/functional-profile3/Default/shared_proto_db/metadata/MANIFEST-000001
tracked	auto-form-filler/.audit-ui/functional-profile3/Default/trusted_vault.pb
tracked	auto-form-filler/.audit-ui/functional-profile3/GrShaderCache/data_0
tracked	auto-form-filler/.audit-ui/functional-profile3/GrShaderCache/data_1
tracked	auto-form-filler/.audit-ui/functional-profile3/GrShaderCache/data_2
tracked	auto-form-filler/.audit-ui/functional-profile3/GrShaderCache/data_3
tracked	auto-form-filler/.audit-ui/functional-profile3/GrShaderCache/index
tracked	auto-form-filler/.audit-ui/functional-profile3/GraphiteDawnCache/data_0
tracked	auto-form-filler/.audit-ui/functional-profile3/GraphiteDawnCache/data_1
tracked	auto-form-filler/.audit-ui/functional-profile3/GraphiteDawnCache/data_2
tracked	auto-form-filler/.audit-ui/functional-profile3/GraphiteDawnCache/data_3
tracked	auto-form-filler/.audit-ui/functional-profile3/GraphiteDawnCache/index
tracked	auto-form-filler/.audit-ui/functional-profile3/Last Version
tracked	auto-form-filler/.audit-ui/functional-profile3/Local State
tracked	auto-form-filler/.audit-ui/functional-profile3/ShaderCache/data_0
tracked	auto-form-filler/.audit-ui/functional-profile3/ShaderCache/data_1
tracked	auto-form-filler/.audit-ui/functional-profile3/ShaderCache/data_2
tracked	auto-form-filler/.audit-ui/functional-profile3/ShaderCache/data_3
tracked	auto-form-filler/.audit-ui/functional-profile3/ShaderCache/index
tracked	auto-form-filler/.audit-ui/functional-profile3/Variations
tracked	auto-form-filler/.audit-ui/functional-profile3/extensions_crx_cache/metadata.json
tracked	auto-form-filler/.audit-ui/functional-profile3/segmentation_platform/ukm_db
tracked	auto-form-filler/.audit-ui/options-about.png
tracked	auto-form-filler/.audit-ui/options-advanced.png
tracked	auto-form-filler/.audit-ui/options-privacy.png
tracked	auto-form-filler/.audit-ui/options-profile.png
tracked	auto-form-filler/.audit-ui/options-providers.png
tracked	auto-form-filler/.audit-ui/options-shortcuts.png
tracked	auto-form-filler/.audit-ui/popup.png
tracked	auto-form-filler/.audit-ui/profile/Default/Account Web Data
tracked	auto-form-filler/.audit-ui/profile/Default/Account Web Data-journal
tracked	auto-form-filler/.audit-ui/profile/Default/Affiliation Database
tracked	auto-form-filler/.audit-ui/profile/Default/Affiliation Database-journal
tracked	auto-form-filler/.audit-ui/profile/Default/BookmarkMergedSurfaceOrdering
tracked	auto-form-filler/.audit-ui/profile/Default/Cache/Cache_Data/60275391413c5610_0
tracked	auto-form-filler/.audit-ui/profile/Default/Cache/Cache_Data/7e0f8c4ddb5a9a1e_0
tracked	auto-form-filler/.audit-ui/profile/Default/Cache/Cache_Data/8121ea39bde7a9ef_0
tracked	auto-form-filler/.audit-ui/profile/Default/Cache/Cache_Data/eb1e553f9fc0ebeb_0
tracked	auto-form-filler/.audit-ui/profile/Default/Cache/Cache_Data/index
tracked	auto-form-filler/.audit-ui/profile/Default/Cache/Cache_Data/index-dir/the-real-index
tracked	auto-form-filler/.audit-ui/profile/Default/Cache/No_Vary_Search/journal.baj
tracked	auto-form-filler/.audit-ui/profile/Default/Cache/No_Vary_Search/snapshot.baf
tracked	auto-form-filler/.audit-ui/profile/Default/ClientCertificates/LOCK
tracked	auto-form-filler/.audit-ui/profile/Default/ClientCertificates/LOG
tracked	auto-form-filler/.audit-ui/profile/Default/ClientCertificates/LOG.old
tracked	auto-form-filler/.audit-ui/profile/Default/Code Cache/js/2c7b7a24449d169a_0
tracked	auto-form-filler/.audit-ui/profile/Default/Code Cache/js/406a3f84bef511a6_0
tracked	auto-form-filler/.audit-ui/profile/Default/Code Cache/js/4a4a093bbd906194_0
tracked	auto-form-filler/.audit-ui/profile/Default/Code Cache/js/4bd3243c0e65bd9d_0
tracked	auto-form-filler/.audit-ui/profile/Default/Code Cache/js/4c8f2a701bb2d330_0
tracked	auto-form-filler/.audit-ui/profile/Default/Code Cache/js/501e07c928f30b62_0
tracked	auto-form-filler/.audit-ui/profile/Default/Code Cache/js/79ec983c38400824_0
tracked	auto-form-filler/.audit-ui/profile/Default/Code Cache/js/7a05bfb9b723ad98_0
tracked	auto-form-filler/.audit-ui/profile/Default/Code Cache/js/87d3ffa1dd4969af_0
tracked	auto-form-filler/.audit-ui/profile/Default/Code Cache/js/8b2f1fb2e0d86114_0
tracked	auto-form-filler/.audit-ui/profile/Default/Code Cache/js/8c793f0926225149_0
tracked	auto-form-filler/.audit-ui/profile/Default/Code Cache/js/9b06437ff04dea5f_0
tracked	auto-form-filler/.audit-ui/profile/Default/Code Cache/js/a2bbed05ae83b07a_0
tracked	auto-form-filler/.audit-ui/profile/Default/Code Cache/js/a6e41c89eb97993b_0
tracked	auto-form-filler/.audit-ui/profile/Default/Code Cache/js/aec3901bd63a452d_0
tracked	auto-form-filler/.audit-ui/profile/Default/Code Cache/js/b5dbeda7cdd62842_0
tracked	auto-form-filler/.audit-ui/profile/Default/Code Cache/js/c6a29b0c6b362901_0
tracked	auto-form-filler/.audit-ui/profile/Default/Code Cache/js/d733592f5cd7c800_0
tracked	auto-form-filler/.audit-ui/profile/Default/Code Cache/js/da47abc846fb5923_0
tracked	auto-form-filler/.audit-ui/profile/Default/Code Cache/js/index
tracked	auto-form-filler/.audit-ui/profile/Default/Code Cache/js/index-dir/the-real-index
tracked	auto-form-filler/.audit-ui/profile/Default/Code Cache/wasm/index
tracked	auto-form-filler/.audit-ui/profile/Default/Code Cache/wasm/index-dir/the-real-index
tracked	auto-form-filler/.audit-ui/profile/Default/Cookies
tracked	auto-form-filler/.audit-ui/profile/Default/Cookies-journal
tracked	auto-form-filler/.audit-ui/profile/Default/DawnGraphiteCache/data_0
tracked	auto-form-filler/.audit-ui/profile/Default/DawnGraphiteCache/data_1
tracked	auto-form-filler/.audit-ui/profile/Default/DawnGraphiteCache/data_2
tracked	auto-form-filler/.audit-ui/profile/Default/DawnGraphiteCache/data_3
tracked	auto-form-filler/.audit-ui/profile/Default/DawnGraphiteCache/index
tracked	auto-form-filler/.audit-ui/profile/Default/DawnWebGPUCache/data_0
tracked	auto-form-filler/.audit-ui/profile/Default/DawnWebGPUCache/data_1
tracked	auto-form-filler/.audit-ui/profile/Default/DawnWebGPUCache/data_2
tracked	auto-form-filler/.audit-ui/profile/Default/DawnWebGPUCache/data_3
tracked	auto-form-filler/.audit-ui/profile/Default/DawnWebGPUCache/index
tracked	auto-form-filler/.audit-ui/profile/Default/Extension Rules/CURRENT
tracked	auto-form-filler/.audit-ui/profile/Default/Extension Rules/LOCK
tracked	auto-form-filler/.audit-ui/profile/Default/Extension Rules/LOG
tracked	auto-form-filler/.audit-ui/profile/Default/Extension Rules/LOG.old
tracked	auto-form-filler/.audit-ui/profile/Default/Extension Rules/MANIFEST-000001
tracked	auto-form-filler/.audit-ui/profile/Default/Extension Scripts/CURRENT
tracked	auto-form-filler/.audit-ui/profile/Default/Extension Scripts/LOCK
tracked	auto-form-filler/.audit-ui/profile/Default/Extension Scripts/LOG
tracked	auto-form-filler/.audit-ui/profile/Default/Extension Scripts/LOG.old
tracked	auto-form-filler/.audit-ui/profile/Default/Extension Scripts/MANIFEST-000001
tracked	auto-form-filler/.audit-ui/profile/Default/Extension State/CURRENT
tracked	auto-form-filler/.audit-ui/profile/Default/Extension State/LOCK
tracked	auto-form-filler/.audit-ui/profile/Default/Extension State/LOG
tracked	auto-form-filler/.audit-ui/profile/Default/Extension State/LOG.old
tracked	auto-form-filler/.audit-ui/profile/Default/Extension State/MANIFEST-000001
tracked	auto-form-filler/.audit-ui/profile/Default/Favicons
tracked	auto-form-filler/.audit-ui/profile/Default/Favicons-journal
tracked	auto-form-filler/.audit-ui/profile/Default/GPUCache/data_0
tracked	auto-form-filler/.audit-ui/profile/Default/GPUCache/data_1
tracked	auto-form-filler/.audit-ui/profile/Default/GPUCache/data_2
tracked	auto-form-filler/.audit-ui/profile/Default/GPUCache/data_3
tracked	auto-form-filler/.audit-ui/profile/Default/GPUCache/index
tracked	auto-form-filler/.audit-ui/profile/Default/History
tracked	auto-form-filler/.audit-ui/profile/Default/History-journal
tracked	auto-form-filler/.audit-ui/profile/Default/LOCK
tracked	auto-form-filler/.audit-ui/profile/Default/LOG
tracked	auto-form-filler/.audit-ui/profile/Default/LOG.old
tracked	auto-form-filler/.audit-ui/profile/Default/Local Extension Settings/eainhgdjdmipbcjhbjbnhgmccchbaegd/CURRENT
tracked	auto-form-filler/.audit-ui/profile/Default/Local Extension Settings/eainhgdjdmipbcjhbjbnhgmccchbaegd/LOCK
tracked	auto-form-filler/.audit-ui/profile/Default/Local Extension Settings/eainhgdjdmipbcjhbjbnhgmccchbaegd/LOG
tracked	auto-form-filler/.audit-ui/profile/Default/Local Extension Settings/eainhgdjdmipbcjhbjbnhgmccchbaegd/LOG.old
tracked	auto-form-filler/.audit-ui/profile/Default/Local Extension Settings/eainhgdjdmipbcjhbjbnhgmccchbaegd/MANIFEST-000001
tracked	auto-form-filler/.audit-ui/profile/Default/Local Storage/leveldb/CURRENT
tracked	auto-form-filler/.audit-ui/profile/Default/Local Storage/leveldb/LOCK
tracked	auto-form-filler/.audit-ui/profile/Default/Local Storage/leveldb/LOG
tracked	auto-form-filler/.audit-ui/profile/Default/Local Storage/leveldb/LOG.old
tracked	auto-form-filler/.audit-ui/profile/Default/Local Storage/leveldb/MANIFEST-000001
tracked	auto-form-filler/.audit-ui/profile/Default/Login Data
tracked	auto-form-filler/.audit-ui/profile/Default/Login Data For Account
tracked	auto-form-filler/.audit-ui/profile/Default/Login Data For Account-journal
tracked	auto-form-filler/.audit-ui/profile/Default/Login Data-journal
tracked	auto-form-filler/.audit-ui/profile/Default/Network Persistent State
tracked	auto-form-filler/.audit-ui/profile/Default/PersistentOriginTrials/LOCK
tracked	auto-form-filler/.audit-ui/profile/Default/PersistentOriginTrials/LOG
tracked	auto-form-filler/.audit-ui/profile/Default/PersistentOriginTrials/LOG.old
tracked	auto-form-filler/.audit-ui/profile/Default/Preferences
tracked	auto-form-filler/.audit-ui/profile/Default/README
tracked	auto-form-filler/.audit-ui/profile/Default/Reporting and NEL
tracked	auto-form-filler/.audit-ui/profile/Default/Reporting and NEL-journal
tracked	auto-form-filler/.audit-ui/profile/Default/SCT Auditing Pending Reports
tracked	auto-form-filler/.audit-ui/profile/Default/Safe Browsing Cookies
tracked	auto-form-filler/.audit-ui/profile/Default/Safe Browsing Cookies-journal
tracked	auto-form-filler/.audit-ui/profile/Default/Secure Preferences
tracked	auto-form-filler/.audit-ui/profile/Default/Segmentation Platform/SegmentInfoDB/LOCK
tracked	auto-form-filler/.audit-ui/profile/Default/Segmentation Platform/SegmentInfoDB/LOG
tracked	auto-form-filler/.audit-ui/profile/Default/Segmentation Platform/SegmentInfoDB/LOG.old
tracked	auto-form-filler/.audit-ui/profile/Default/Segmentation Platform/SignalDB/LOCK
tracked	auto-form-filler/.audit-ui/profile/Default/Segmentation Platform/SignalDB/LOG
tracked	auto-form-filler/.audit-ui/profile/Default/Segmentation Platform/SignalDB/LOG.old
tracked	auto-form-filler/.audit-ui/profile/Default/Segmentation Platform/SignalStorageConfigDB/LOCK
tracked	auto-form-filler/.audit-ui/profile/Default/Segmentation Platform/SignalStorageConfigDB/LOG
tracked	auto-form-filler/.audit-ui/profile/Default/Segmentation Platform/SignalStorageConfigDB/LOG.old
tracked	auto-form-filler/.audit-ui/profile/Default/ServerCertificate
tracked	auto-form-filler/.audit-ui/profile/Default/ServerCertificate-journal
tracked	auto-form-filler/.audit-ui/profile/Default/Service Worker/Database/CURRENT
tracked	auto-form-filler/.audit-ui/profile/Default/Service Worker/Database/LOCK
tracked	auto-form-filler/.audit-ui/profile/Default/Service Worker/Database/LOG
tracked	auto-form-filler/.audit-ui/profile/Default/Service Worker/Database/LOG.old
tracked	auto-form-filler/.audit-ui/profile/Default/Service Worker/Database/MANIFEST-000001
tracked	auto-form-filler/.audit-ui/profile/Default/Service Worker/ScriptCache/2cc80dabc69f58b6_0
tracked	auto-form-filler/.audit-ui/profile/Default/Service Worker/ScriptCache/2cc80dabc69f58b6_1
tracked	auto-form-filler/.audit-ui/profile/Default/Service Worker/ScriptCache/index
tracked	auto-form-filler/.audit-ui/profile/Default/Service Worker/ScriptCache/index-dir/the-real-index
tracked	auto-form-filler/.audit-ui/profile/Default/Session Storage/CURRENT
tracked	auto-form-filler/.audit-ui/profile/Default/Session Storage/LOCK
tracked	auto-form-filler/.audit-ui/profile/Default/Session Storage/LOG
tracked	auto-form-filler/.audit-ui/profile/Default/Session Storage/LOG.old
tracked	auto-form-filler/.audit-ui/profile/Default/Session Storage/MANIFEST-000001
tracked	auto-form-filler/.audit-ui/profile/Default/Sessions/Session_13425603596192761
tracked	auto-form-filler/.audit-ui/profile/Default/Sessions/Session_13425610254402934
tracked	auto-form-filler/.audit-ui/profile/Default/Sessions/Tabs_13425603596206966
tracked	auto-form-filler/.audit-ui/profile/Default/Sessions/Tabs_13425610254492782
tracked	auto-form-filler/.audit-ui/profile/Default/Shared Dictionary/cache/index
tracked	auto-form-filler/.audit-ui/profile/Default/Shared Dictionary/cache/index-dir/the-real-index
tracked	auto-form-filler/.audit-ui/profile/Default/Shared Dictionary/db
tracked	auto-form-filler/.audit-ui/profile/Default/Shared Dictionary/db-journal
tracked	auto-form-filler/.audit-ui/profile/Default/Site Characteristics Database/CURRENT
tracked	auto-form-filler/.audit-ui/profile/Default/Site Characteristics Database/LOCK
tracked	auto-form-filler/.audit-ui/profile/Default/Site Characteristics Database/LOG
tracked	auto-form-filler/.audit-ui/profile/Default/Site Characteristics Database/LOG.old
tracked	auto-form-filler/.audit-ui/profile/Default/Site Characteristics Database/MANIFEST-000001
tracked	auto-form-filler/.audit-ui/profile/Default/Sync Data/LevelDB/CURRENT
tracked	auto-form-filler/.audit-ui/profile/Default/Sync Data/LevelDB/LOCK
tracked	auto-form-filler/.audit-ui/profile/Default/Sync Data/LevelDB/LOG
tracked	auto-form-filler/.audit-ui/profile/Default/Sync Data/LevelDB/LOG.old
tracked	auto-form-filler/.audit-ui/profile/Default/Sync Data/LevelDB/MANIFEST-000001
tracked	auto-form-filler/.audit-ui/profile/Default/Sync Extension Settings/eainhgdjdmipbcjhbjbnhgmccchbaegd/CURRENT
tracked	auto-form-filler/.audit-ui/profile/Default/Sync Extension Settings/eainhgdjdmipbcjhbjbnhgmccchbaegd/LOCK
tracked	auto-form-filler/.audit-ui/profile/Default/Sync Extension Settings/eainhgdjdmipbcjhbjbnhgmccchbaegd/LOG
tracked	auto-form-filler/.audit-ui/profile/Default/Sync Extension Settings/eainhgdjdmipbcjhbjbnhgmccchbaegd/LOG.old
tracked	auto-form-filler/.audit-ui/profile/Default/Sync Extension Settings/eainhgdjdmipbcjhbjbnhgmccchbaegd/MANIFEST-000001
tracked	auto-form-filler/.audit-ui/profile/Default/Top Sites
tracked	auto-form-filler/.audit-ui/profile/Default/Top Sites-journal
tracked	auto-form-filler/.audit-ui/profile/Default/TransportSecurity
tracked	auto-form-filler/.audit-ui/profile/Default/Trust Tokens
tracked	auto-form-filler/.audit-ui/profile/Default/Trust Tokens-journal
tracked	auto-form-filler/.audit-ui/profile/Default/Web Data
tracked	auto-form-filler/.audit-ui/profile/Default/Web Data-journal
tracked	auto-form-filler/.audit-ui/profile/Default/WebStorage/QuotaManager
tracked	auto-form-filler/.audit-ui/profile/Default/WebStorage/QuotaManager-journal
tracked	auto-form-filler/.audit-ui/profile/Default/chrome_cart_db/LOCK
tracked	auto-form-filler/.audit-ui/profile/Default/chrome_cart_db/LOG
tracked	auto-form-filler/.audit-ui/profile/Default/chrome_cart_db/LOG.old
tracked	auto-form-filler/.audit-ui/profile/Default/commerce_subscription_db/LOCK
tracked	auto-form-filler/.audit-ui/profile/Default/commerce_subscription_db/LOG
tracked	auto-form-filler/.audit-ui/profile/Default/commerce_subscription_db/LOG.old
tracked	auto-form-filler/.audit-ui/profile/Default/discount_infos_db/LOCK
tracked	auto-form-filler/.audit-ui/profile/Default/discount_infos_db/LOG
tracked	auto-form-filler/.audit-ui/profile/Default/discount_infos_db/LOG.old
tracked	auto-form-filler/.audit-ui/profile/Default/discounts_db/LOCK
tracked	auto-form-filler/.audit-ui/profile/Default/discounts_db/LOG
tracked	auto-form-filler/.audit-ui/profile/Default/discounts_db/LOG.old
tracked	auto-form-filler/.audit-ui/profile/Default/parcel_tracking_db/LOCK
tracked	auto-form-filler/.audit-ui/profile/Default/parcel_tracking_db/LOG
tracked	auto-form-filler/.audit-ui/profile/Default/parcel_tracking_db/LOG.old
tracked	auto-form-filler/.audit-ui/profile/Default/shared_proto_db/CURRENT
tracked	auto-form-filler/.audit-ui/profile/Default/shared_proto_db/LOCK
tracked	auto-form-filler/.audit-ui/profile/Default/shared_proto_db/LOG
tracked	auto-form-filler/.audit-ui/profile/Default/shared_proto_db/LOG.old
tracked	auto-form-filler/.audit-ui/profile/Default/shared_proto_db/MANIFEST-000001
tracked	auto-form-filler/.audit-ui/profile/Default/shared_proto_db/metadata/CURRENT
tracked	auto-form-filler/.audit-ui/profile/Default/shared_proto_db/metadata/LOCK
tracked	auto-form-filler/.audit-ui/profile/Default/shared_proto_db/metadata/LOG
tracked	auto-form-filler/.audit-ui/profile/Default/shared_proto_db/metadata/LOG.old
tracked	auto-form-filler/.audit-ui/profile/Default/shared_proto_db/metadata/MANIFEST-000001
tracked	auto-form-filler/.audit-ui/profile/Default/trusted_vault.pb
tracked	auto-form-filler/.audit-ui/profile/GrShaderCache/data_0
tracked	auto-form-filler/.audit-ui/profile/GrShaderCache/data_1
tracked	auto-form-filler/.audit-ui/profile/GrShaderCache/data_2
tracked	auto-form-filler/.audit-ui/profile/GrShaderCache/data_3
tracked	auto-form-filler/.audit-ui/profile/GrShaderCache/index
tracked	auto-form-filler/.audit-ui/profile/GraphiteDawnCache/data_0
tracked	auto-form-filler/.audit-ui/profile/GraphiteDawnCache/data_1
tracked	auto-form-filler/.audit-ui/profile/GraphiteDawnCache/data_2
tracked	auto-form-filler/.audit-ui/profile/GraphiteDawnCache/data_3
tracked	auto-form-filler/.audit-ui/profile/GraphiteDawnCache/index
tracked	auto-form-filler/.audit-ui/profile/Last Version
tracked	auto-form-filler/.audit-ui/profile/Local State
tracked	auto-form-filler/.audit-ui/profile/ShaderCache/data_0
tracked	auto-form-filler/.audit-ui/profile/ShaderCache/data_1
tracked	auto-form-filler/.audit-ui/profile/ShaderCache/data_2
tracked	auto-form-filler/.audit-ui/profile/ShaderCache/data_3
tracked	auto-form-filler/.audit-ui/profile/ShaderCache/index
tracked	auto-form-filler/.audit-ui/profile/Variations
tracked	auto-form-filler/.audit-ui/profile/segmentation_platform/ukm_db
tracked	auto-form-filler/.dracon/data/keys/owner_age1f7y5.pub
tracked	auto-form-filler/.dracon/data/keys/owner_nixos.pub
tracked	auto-form-filler/.pi/goals/archived/goal_2026060720325255_mq464fhs-rugf4x.md
tracked	auto-form-filler/.pi/goals/archived/goal_2026060910114410_mq5qb3cr-zaesn9.md
tracked	auto-form-filler/components/ProfileEditor.tsx
tracked	auto-form-filler/docs/FIREFOX_AMO_GUIDE.md
tracked	auto-form-filler/docs/FIREFOX_SUBMISSION_GUIDE.md
tracked	auto-form-filler/public/1.png
tracked	auto-form-filler/public/2.png
tracked	auto-form-filler/public/3.png
tracked	auto-form-filler/public/4.png
tracked	auto-form-filler/public/440x280.png
tracked	auto-form-filler/public/icon/128.png
tracked	auto-form-filler/public/icon/16.png
tracked	auto-form-filler/public/icon/32.png
tracked	auto-form-filler/public/icon/48.png
tracked	auto-form-filler/public/icon/96.png
tracked	auto-form-filler/tests/profileManager.test.ts
tracked	auto-form-filler/tests/profileResolver.test.ts
tracked	auto-form-filler/utils/profileResolver.ts
tracked	bugkit/.env.example
tracked	bugkit/RELEASE_NOTES.md
tracked	bugkit/docs/CHROME_STORE_LISTING.md
tracked	bugkit/docs/FIREFOX_AMO_GUIDE.md
tracked	bugkit/docs/FIREFOX_SUBMISSION_GUIDE.md
tracked	bugkit/entrypoints/offscreen.html
tracked	bugkit/lib/capture/screenshot.ts
tracked	bugkit/lib/utils/browser.ts
tracked	bugkit/public/_locales/en/messages.json
tracked	bugkit/public/icon/128.png
tracked	bugkit/public/icon/128.svg
tracked	bugkit/public/icon/16.png
tracked	bugkit/public/icon/16.svg
tracked	bugkit/public/icon/32.png
tracked	bugkit/public/icon/32.svg
tracked	bugkit/public/icon/48.png
tracked	bugkit/public/icon/48.svg
tracked	bugkit/public/icon/96.png
tracked	bugkit/public/icon/icon-16-alt1.png
tracked	bugkit/public/icon/icon-16-alt2.png
tracked	bugkit/public/icon/icon-16-alt3.png
tracked	bugkit/public/icon/icon-16-bug.png
tracked	bugkit/public/icon/icon-16.png
tracked	bugkit/public/icon/icon.svg
tracked	bugkit/public/icon/logo.png
tracked	bugkit/public/index.html
tracked	bugkit/public/page-instrumentation.js
tracked	bugkit/public/promo-marquee.png
tracked	bugkit/public/rrweb-worker.js
tracked	bugkit/public/rrweb.js
tracked	bugkit/release-kit/CHROME_STORE_FORM.txt
tracked	bugkit/release-kit/PROMO_IMAGES.txt
tracked	bugkit/scripts/screenshot-guide.sh
tracked	bugkit/store-assets/1.png
tracked	bugkit/store-assets/2.png
tracked	bugkit/store-assets/3.png
tracked	bugkit/store-assets/4.png
tracked	bugkit/store-assets/5.png
tracked	bugkit/store-assets/thumb.png
tracked	cinematic-pages-cooler-presentations/.dracon/data/keys/owner_age1f7y5.pub
tracked	cinematic-pages-cooler-presentations/public/_locales/en/messages.json
tracked	cinematic-pages-cooler-presentations/public/icon/128.png
tracked	cinematic-pages-cooler-presentations/public/icon/16.png
tracked	cinematic-pages-cooler-presentations/public/icon/32.png
tracked	cinematic-pages-cooler-presentations/public/icon/48.png
tracked	cinematic-pages-cooler-presentations/public/icon/96.png
tracked	cinematic-pages-cooler-presentations/public/screenshots/1.png
tracked	cinematic-pages-cooler-presentations/public/screenshots/2.png
tracked	cinematic-pages-cooler-presentations/public/screenshots/3.png
tracked	cinematic-pages-cooler-presentations/public/screenshots/README.md
tracked	cursor-style/ChatGPT Image Apr 19, 2026, 10_05_16 PM.png
tracked	cursor-style/assets/chrome-store.png
tracked	cursor-style/assets/chrome-store2.png
tracked	cursor-style/assets/thumb.png
tracked	cursor-style/public/assets/cursor-catalog.json
tracked	cursor-style/public/assets/cursors/amber-pointer.svg
tracked	cursor-style/public/assets/cursors/bat-pointer.svg
tracked	cursor-style/public/assets/cursors/blue-pointer.svg
tracked	cursor-style/public/assets/cursors/bow-pointer.svg
tracked	cursor-style/public/assets/cursors/bunny-pointer.svg
tracked	cursor-style/public/assets/cursors/cloud-pointer.svg
tracked	cursor-style/public/assets/cursors/clover-pointer.svg
tracked	cursor-style/public/assets/cursors/controller-pointer.svg
tracked	cursor-style/public/assets/cursors/cpu-pointer.svg
tracked	cursor-style/public/assets/cursors/crosshair-pointer.svg
tracked	cursor-style/public/assets/cursors/crown-pointer.svg
tracked	cursor-style/public/assets/cursors/crystal-cursor.svg
tracked	cursor-style/public/assets/cursors/crystal-pointer.svg
tracked	cursor-style/public/assets/cursors/cyan-pointer.svg
tracked	cursor-style/public/assets/cursors/cyber-cat-cursor.svg
tracked	cursor-style/public/assets/cursors/cyber-cat-pointer.svg
tracked	cursor-style/public/assets/cursors/diamond-gem-pointer.svg
tracked	cursor-style/public/assets/cursors/diamond-pointer.svg
tracked	cursor-style/public/assets/cursors/drop-pointer.svg
tracked	cursor-style/public/assets/cursors/dropper-pointer.svg
tracked	cursor-style/public/assets/cursors/emerald-gem-pointer.svg
tracked	cursor-style/public/assets/cursors/emerald-pointer.svg
tracked	cursor-style/public/assets/cursors/flame-cursor.svg
tracked	cursor-style/public/assets/cursors/flame-pointer.svg
tracked	cursor-style/public/assets/cursors/ghost-cursor.svg
tracked	cursor-style/public/assets/cursors/ghost-pointer.svg
tracked	cursor-style/public/assets/cursors/heart-arrow-pointer.svg
tracked	cursor-style/public/assets/cursors/heart-glow-cursor.svg
tracked	cursor-style/public/assets/cursors/heart-glow-pointer.svg
tracked	cursor-style/public/assets/cursors/indigo-pointer.svg
tracked	cursor-style/public/assets/cursors/infinity-pointer.svg
tracked	cursor-style/public/assets/cursors/leaf-pointer.svg
tracked	cursor-style/public/assets/cursors/lightning-bolt-cursor.svg
tracked	cursor-style/public/assets/cursors/lightning-bolt-pointer.svg
tracked	cursor-style/public/assets/cursors/moon-pointer.svg
tracked	cursor-style/public/assets/cursors/mushroom-cursor.svg
tracked	cursor-style/public/assets/cursors/mushroom-pointer.svg
tracked	cursor-style/public/assets/cursors/neon-arrow-cursor.svg
tracked	cursor-style/public/assets/cursors/neon-arrow-pointer.svg
tracked	cursor-style/public/assets/cursors/orange-pointer.svg
tracked	cursor-style/public/assets/cursors/paw-print-cursor.svg
tracked	cursor-style/public/assets/cursors/paw-print-pointer.svg
tracked	cursor-style/public/assets/cursors/peace-pointer.svg
tracked	cursor-style/public/assets/cursors/pink-pointer.svg
tracked	cursor-style/public/assets/cursors/pumpkin-pointer.svg
tracked	cursor-style/public/assets/cursors/rain-pointer.svg
tracked	cursor-style/public/assets/cursors/robot-pointer.svg
tracked	cursor-style/public/assets/cursors/shield-pointer.svg
tracked	cursor-style/public/assets/cursors/skull-pointer.svg
tracked	cursor-style/public/assets/cursors/star-burst-cursor.svg
tracked	cursor-style/public/assets/cursors/star-burst-pointer.svg
tracked	cursor-style/public/assets/cursors/star-gold-pointer.svg
tracked	cursor-style/public/assets/cursors/star-pointer.svg
tracked	cursor-style/public/assets/cursors/star-red-pointer.svg
tracked	cursor-style/public/assets/cursors/sun-pointer.svg
tracked	cursor-style/public/assets/cursors/swords-pointer.svg
tracked	cursor-style/public/assets/cursors/swords-red-pointer.svg
tracked	cursor-style/public/assets/cursors/target-pointer.svg
tracked	cursor-style/public/assets/cursors/teal-pointer.svg
tracked	cursor-style/public/assets/cursors/trophy-pointer.svg
tracked	cursor-style/public/assets/cursors/violet-pointer.svg
tracked	cursor-style/public/icon.svg
tracked	cursor-style/public/icons/icon128.png
tracked	cursor-style/public/icons/icon16.png
tracked	cursor-style/public/icons/icon32.png
tracked	cursor-style/public/icons/icon48.png
tracked	cursor-style/public/icons/marquee-promo.png
tracked	cursor-style/public/icons/small-promo.png
tracked	cursor-style/public/icons/store-128.png
tracked	cursor-style/public/icons/store-promo.png
tracked	cursor-style/public/store-icon.svg
tracked	cursor-style/scripts/patch-firefox-manifest.mjs
tracked	custom-history/.dracon/data/keys/owner_nixos.pub
tracked	custom-history/docs/screenshots-guide.md
tracked	custom-history/public/.gitkeep
tracked	custom-history/public/1.png
tracked	custom-history/public/2.png
tracked	custom-history/public/fonts/Inter-Bold.woff2
tracked	custom-history/public/fonts/Inter-Medium.woff2
tracked	custom-history/public/fonts/Inter-Regular.woff2
tracked	custom-history/public/fonts/Inter-SemiBold.woff2
tracked	custom-history/public/icon128.png
tracked	custom-history/public/icon16.png
tracked	custom-history/public/icon32.png
tracked	custom-history/public/icon48.png
tracked	custom-history/public/thumb.png
tracked	custom-search/public/icon/128.svg
tracked	custom-search/public/icon/16.png
tracked	custom-search/public/icon/16.svg
tracked	custom-search/public/icon/32.png
tracked	custom-search/public/icon/32.svg
tracked	custom-search/public/icon/48.png
tracked	custom-search/public/icon/48.svg
tracked	custom-search/public/icon/96.svg
tracked	custom-search/public/page-inject.js
tracked	custom-search/public/privacy.html
tracked	custom-search/public/rules.json
tracked	custom-search/public/search.html
tracked	custom-search/public/store/1.png
tracked	custom-search/public/store/2.png
tracked	custom-search/public/store/3.png
tracked	custom-search/public/store/4.png
tracked	custom-search/public/store/5.png
tracked	custom-search/public/store/logo-128.png
tracked	custom-search/public/store/logo-512.png
tracked	custom-search/public/store/logo.svg
tracked	custom-search/public/store/thumb.png
tracked	custom-search/tmp/playwriter-screenshot-1778374364636-6nk0.png
tracked	dark-mode-themes/.env
tracked	dark-mode-themes/.env.example
tracked	dark-mode-themes/public/1.png
tracked	dark-mode-themes/public/2.png
tracked	dark-mode-themes/public/3.png
tracked	dark-mode-themes/public/4.png
tracked	dark-mode-themes/public/5.png
tracked	dark-mode-themes/public/_locales/en/messages.json
tracked	dark-mode-themes/public/icon/128.png
tracked	dark-mode-themes/public/icon/16.png
tracked	dark-mode-themes/public/icon/32.png
tracked	dark-mode-themes/public/icon/48.png
tracked	dark-mode-themes/public/icon/96.png
tracked	dark-mode-themes/public/thumb.png
tracked	dark-mode-themes/store-assets/screenshot-editor.svg
tracked	dark-mode-themes/store-assets/screenshot-popup.svg
tracked	dark-mode-themes/store-assets/screenshot-sites.svg
tracked	dark-mode-themes/store-assets/screenshot-themes.svg
tracked	death-note-typing-practice/.pi/goals/archived/goal_2026060218184238_mpwweh4e-6wdl1n.md
tracked	death-note-typing-practice/.pi/goals/archived/goal_2026060220263539_mpwx7r6k-rybvnt.md
tracked	death-note-typing-practice/.pi/goals/archived/goal_2026060510512481_mpyawu6v-e1salc.md
tracked	death-note-typing-practice/.pi/goals/archived/goal_2026060511011208_mq0r0ets-sifow3.md
tracked	death-note-typing-practice/.pi/goals/archived/goal_2026060517492382_mq14fkyq-f3l2qm.md
tracked	death-note-typing-practice/.pi/goals/archived/goal_2026060520275742_mq18kbrx-964pao.md
tracked	death-note-typing-practice/.pi/goals/archived/goal_2026060523381590_mq1hh5b8-8n7uug.md
tracked	death-note-typing-practice/.pi/goals/archived/goal_2026060614282238_mq2dobwq-yii7jj.md
tracked	death-note-typing-practice/.pi/goals/archived/goal_2026060616143110_mq2hmlsy-b9l85e.md
tracked	death-note-typing-practice/.pi/goals/archived/goal_2026060617114873_mq2i2468-gs8fgw.md
tracked	death-note-typing-practice/.pi/goals/archived/goal_2026060811282436_mq4co2by-jl052y.md
tracked	death-note-typing-practice/.pi/goals/archived/goal_2026060816320714_mq538we9-zi657e.md
tracked	death-note-typing-practice/.pi/goals/archived/goal_2026060817070241_mq5e9jir-f6eit9.md
tracked	death-note-typing-practice/.pi/goals/archived/goal_2026060821005804_mq5muii3-7c12vr.md
tracked	death-note-typing-practice/.pi/goals/archived/goal_2026060821280768_mq5npv1n-qsh1bu.md
tracked	death-note-typing-practice/.pi/goals/archived/goal_2026060902204587_mq5ooxbg-13nx4j.md
tracked	death-note-typing-practice/.pi/goals/archived/goal_2026060910330132_mq5zheck-5t66kn.md
tracked	death-note-typing-practice/.pi/goals/archived/goal_2026060912511039_mq6gay9e-ydlecu.md
tracked	death-note-typing-practice/CHROME_WEB_STORE_COPY.txt
tracked	death-note-typing-practice/CHROME_WEB_STORE_COPY_PASTE.txt
tracked	death-note-typing-practice/CHROME_WEB_STORE_PRIVACY_COPY.txt
tracked	death-note-typing-practice/CHROME_WEB_STORE_PRIVACY_COPY_PASTE.txt
tracked	death-note-typing-practice/FIREFOX_ADDON_TAGS.txt
tracked	death-note-typing-practice/RELEASE_NOTES.md
tracked	death-note-typing-practice/public/1.png
tracked	death-note-typing-practice/public/2.png
tracked	death-note-typing-practice/public/3.png
tracked	death-note-typing-practice/public/4.png
tracked	death-note-typing-practice/public/440x280.png
tracked	death-note-typing-practice/public/5.png
tracked	death-note-typing-practice/public/_locales/en/messages.json
tracked	death-note-typing-practice/public/fonts/cinzel-400.woff2
tracked	death-note-typing-practice/public/fonts/cinzel-700.woff2
tracked	death-note-typing-practice/public/fonts/cinzel-900.woff2
tracked	death-note-typing-practice/public/fonts/courier-prime-400.woff2
tracked	death-note-typing-practice/public/fonts/courier-prime-700.woff2
tracked	death-note-typing-practice/public/fonts/creepster-400.woff2
tracked	death-note-typing-practice/public/fonts/fonts.css
tracked	death-note-typing-practice/public/icon/128.png
tracked	death-note-typing-practice/public/icon/16.png
tracked	death-note-typing-practice/public/icon/32.png
tracked	death-note-typing-practice/public/icon/48.png
tracked	death-note-typing-practice/public/icon/96.png
tracked	death-note-typing-practice/public/sounds/achievement-voice.mp3
tracked	death-note-typing-practice/public/sounds/achievement.mp3
tracked	death-note-typing-practice/public/sounds/chime.mp3
tracked	death-note-typing-practice/public/sounds/danger.mp3
tracked	death-note-typing-practice/public/sounds/error.mp3
tracked	death-note-typing-practice/public/sounds/fanfare.mp3
tracked	death-note-typing-practice/public/sounds/music-elimination.mp3
tracked	death-note-typing-practice/public/sounds/music-gameover-2.mp3
tracked	death-note-typing-practice/public/sounds/music-gameover.mp3
tracked	death-note-typing-practice/public/sounds/music-gameplay-2.mp3
tracked	death-note-typing-practice/public/sounds/music-gameplay.mp3
tracked	death-note-typing-practice/public/sounds/music-menu-2.mp3
tracked	death-note-typing-practice/public/sounds/music-menu.mp3
tracked	death-note-typing-practice/public/sounds/success.mp3
tracked	death-note-typing-practice/public/sounds/whoosh.mp3
tracked	death-note-typing-practice/tests/e2e/screenshots/audit-ambient-particles.png
tracked	death-note-typing-practice/tests/e2e/screenshots/audit-baseline-menu.png
tracked	death-note-typing-practice/tests/e2e/screenshots/audit-baseline-practice.png
tracked	death-note-typing-practice/tests/e2e/screenshots/audit-card-depth.png
tracked	death-note-typing-practice/tests/e2e/screenshots/audit-effects-tab.png
tracked	death-note-typing-practice/tests/e2e/screenshots/audit-menu-stability.png
tracked	death-note-typing-practice/tests/e2e/screenshots/bugfix-special-chars.png
tracked	death-note-typing-practice/tests/e2e/screenshots/game-after-click.png
tracked	death-note-typing-practice/tests/e2e/screenshots/game-loaded.png
tracked	death-note-typing-practice/tests/e2e/screenshots/game-menu.png
tracked	death-note-typing-practice/tests/e2e/screenshots/game-typing.png
tracked	death-note-typing-practice/tests/e2e/screenshots/main-menu-after-pause.png
tracked	death-note-typing-practice/tests/e2e/screenshots/music-stops-on-asteroids-gameover.png
tracked	death-note-typing-practice/tests/e2e/screenshots/music-stops-on-gameover.png
tracked	death-note-typing-practice/tests/e2e/screenshots/music-track-selector-set1.png
tracked	death-note-typing-practice/tests/e2e/screenshots/music-track-selector-set2.png
tracked	death-note-typing-practice/tests/e2e/screenshots/music-transition-menu-to-elimination.png
tracked	death-note-typing-practice/tests/e2e/screenshots/music-transition-menu-to-gameplay.png
tracked	death-note-typing-practice/tests/e2e/screenshots/pause-overlay-asteroids.png
tracked	death-note-typing-practice/tests/e2e/screenshots/pause-overlay-elimination.png
tracked	death-note-typing-practice/tests/e2e/screenshots/pause-overlay-practice.png
tracked	death-note-typing-practice/tests/e2e/screenshots/restart-asteroids.png
tracked	death-note-typing-practice/tests/e2e/screenshots/restart-elimination.png
tracked	death-note-typing-practice/tests/e2e/screenshots/restart-practice.png
tracked	death-note-typing-practice/tests/e2e/screenshots/settings-after-tabs.png
tracked	death-note-typing-practice/tests/e2e/screenshots/settings-loaded.png
tracked	death-note-typing-practice/tests/e2e/screenshots/settings-tabs.png
tracked	death-note-typing-practice/tests/e2e/screenshots/ui-polish-practice-side-panels.png
tracked	death-note-typing-practice/tests/e2e/screenshots/ui-polish-wide-layout.png
tracked	draconstartype-typing-practice-1.0.1-chrome.zip
tracked	full-page-screenshot/.env.example
tracked	full-page-screenshot/.github/workflows/build.yml
tracked	full-page-screenshot/.github/workflows/lint.yml
tracked	full-page-screenshot/.github/workflows/release.yml
tracked	full-page-screenshot/.github/workflows/test.yml
tracked	full-page-screenshot/.gitignore
tracked	full-page-screenshot/CHANGELOG.md
tracked	full-page-screenshot/EXTENSION_CONSTRAINTS.md
tracked	full-page-screenshot/NEW_PROJECT_CHECKLIST.md
tracked	full-page-screenshot/PRIVACY.md
tracked	full-page-screenshot/README.md
tracked	full-page-screenshot/RELEASE.md
tracked	full-page-screenshot/entrypoints/background.ts
tracked	full-page-screenshot/entrypoints/content.ts
tracked	full-page-screenshot/entrypoints/editor/App.tsx
tracked	full-page-screenshot/entrypoints/editor/index.html
tracked	full-page-screenshot/entrypoints/editor/main.tsx
tracked	full-page-screenshot/entrypoints/editor/style.css
tracked	full-page-screenshot/entrypoints/popup/App.tsx
tracked	full-page-screenshot/entrypoints/popup/index.html
tracked	full-page-screenshot/entrypoints/popup/main.tsx
tracked	full-page-screenshot/entrypoints/popup/style.css
tracked	full-page-screenshot/eslint.config.mjs
tracked	full-page-screenshot/package-lock.json
tracked	full-page-screenshot/package.json
tracked	full-page-screenshot/pnpm-lock.yaml
tracked	full-page-screenshot/postcss.config.cjs
tracked	full-page-screenshot/public/_locales/en/messages.json
tracked	full-page-screenshot/public/icon/128.png
tracked	full-page-screenshot/public/icon/16.png
tracked	full-page-screenshot/public/icon/32.png
tracked	full-page-screenshot/public/icon/48.png
tracked	full-page-screenshot/public/icon/96.png
tracked	full-page-screenshot/public/thumb.png
tracked	full-page-screenshot/tailwind.config.cjs
tracked	full-page-screenshot/template.json
tracked	full-page-screenshot/tsconfig.json
tracked	full-page-screenshot/utils/image.test.ts
tracked	full-page-screenshot/utils/image.ts
tracked	full-page-screenshot/utils/shared/types.ts
tracked	full-page-screenshot/utils/store.test.ts
tracked	full-page-screenshot/utils/store.ts
tracked	full-page-screenshot/vitest.config.ts
tracked	full-page-screenshot/vitest.setup.ts
tracked	full-page-screenshot/wxt.config.ts
tracked	job-finder/public/icon/128.png
tracked	job-finder/public/icon/16.png
tracked	job-finder/public/icon/32.png
tracked	job-finder/public/icon/48.png
tracked	job-finder/public/icon/96.png
tracked	job-finder/store-assets/icons/128.png
tracked	job-finder/store-assets/icons/16.png
tracked	job-finder/store-assets/icons/32.png
tracked	job-finder/store-assets/icons/48.png
tracked	job-finder/store-assets/icons/96.png
tracked	job-finder/store-assets/screenshots/competitor-breakdown.png
tracked	job-finder/store-assets/screenshots/options.png
tracked	job-finder/store-assets/screenshots/popup.png
tracked	job-finder/store-assets/screenshots/tracker.png
tracked	job-finder/store-assets/tile/tile-440x280.png
tracked	job-finder/tests/profileToFields.test.ts
tracked	live-reload-pro/.dracon/data/keys/owner_nixos.pub
tracked	live-reload-pro/CHROME_WEB_STORE.md
tracked	live-reload-pro/FIREFOX_ADDONS.md
tracked	live-reload-pro/FIREFOX_SUBMISSION_GUIDE.md
tracked	live-reload-pro/public/1.png
tracked	live-reload-pro/public/440x280.png
tracked	live-reload-pro/public/icon/128.png
tracked	live-reload-pro/public/icon/16.png
tracked	live-reload-pro/public/icon/32.png
tracked	live-reload-pro/public/icon/48.png
tracked	live-reload-pro/public/icon/96.png
tracked	live-reload-pro/public/livereload.js
tracked	live-reload-pro/public/wxt.svg
tracked	live-reload-pro/references/jnihajbhpnppcggbcgedagnkighmdlei/IconActive.png
tracked	live-reload-pro/references/jnihajbhpnppcggbcgedagnkighmdlei/IconActive@2x.png
tracked	live-reload-pro/references/jnihajbhpnppcggbcgedagnkighmdlei/IconDisabled.png
tracked	live-reload-pro/references/jnihajbhpnppcggbcgedagnkighmdlei/IconDisabled@2x.png
tracked	live-reload-pro/references/jnihajbhpnppcggbcgedagnkighmdlei/IconEnabled.png
tracked	live-reload-pro/references/jnihajbhpnppcggbcgedagnkighmdlei/IconEnabled@2x.png
tracked	live-reload-pro/references/jnihajbhpnppcggbcgedagnkighmdlei/IconUnavailable.png
tracked	live-reload-pro/references/jnihajbhpnppcggbcgedagnkighmdlei/IconUnavailable@2x.png
tracked	live-reload-pro/references/jnihajbhpnppcggbcgedagnkighmdlei/icon128.png
tracked	live-reload-pro/references/jnihajbhpnppcggbcgedagnkighmdlei/icon48.png
tracked	live-reload-pro/references/kdlcalkcmchabpgfhmjannmkbppggkck/icons/icon128.png
tracked	live-reload-pro/references/kdlcalkcmchabpgfhmjannmkbppggkck/icons/icon128_disabled.png
tracked	live-reload-pro/references/kdlcalkcmchabpgfhmjannmkbppggkck/icons/icon16.png
tracked	live-reload-pro/references/kdlcalkcmchabpgfhmjannmkbppggkck/icons/icon16_disabled.png
tracked	live-reload-pro/references/kdlcalkcmchabpgfhmjannmkbppggkck/icons/icon48.png
tracked	live-reload-pro/references/kdlcalkcmchabpgfhmjannmkbppggkck/icons/icon48_disabled.png
tracked	scrap/calmweb/.dracon/data/keys/owner_age1f7y5.pub
tracked	scrap/calmweb/.dracon/data/keys/owner_nixos.pub
tracked	scrap/calmweb/.pi/goals/archived/goal_2026060218215363_mpwweeeu-cl45qo.md
tracked	scrap/calmweb/.pi/goals/archived/goal_2026060219163111_mpwwx8mh-6qwrrz.md
tracked	scrap/calmweb/.pi/goals/archived/goal_2026060314592025_mpy4bc27-nuvjoe.md
tracked	scrap/calmweb/.pi/goals/archived/goal_2026060315352996_mpy5bosh-0pio7j.md
tracked	scrap/calmweb/apps/extension/public/_locales/en/messages.json
tracked	scrap/calmweb/apps/extension/public/blocklists/content-farms.json
tracked	scrap/calmweb/apps/extension/public/blocklists/user-favoring.json
tracked	scrap/calmweb/apps/extension/public/icon/128.png
tracked	scrap/calmweb/apps/extension/public/icon/16.png
tracked	scrap/calmweb/apps/extension/public/icon/32.png
tracked	scrap/calmweb/apps/extension/public/icon/48.png
tracked	scrap/calmweb/apps/extension/public/icon/96.png
tracked	scrap/calmweb/apps/extension/public/icon/README.md
tracked	scrap/calmweb/apps/extension/public/icon/generate-icons.html
tracked	scrap/calmweb/apps/extension/public/icon/icon.svg
tracked	scrap/google-tasks-pro-tasks-kanban/.pi/goals/active_goal_2026060220465466_mpx1tmx0-kfk651.md
tracked	scrap/google-tasks-pro-tasks-kanban/.pi/goals/archived/goal_2026060218311012_mpwwf04u-m37cgt.md
tracked	scrap/google-tasks-pro-tasks-kanban/.pi/goals/archived/goal_2026060218462800_mpwxcgvq-k3bpnx.md
tracked	scrap/google-tasks-pro-tasks-kanban/.pi/goals/archived/goal_2026060219320047_mpwz1q30-7aecc4.md
tracked	scrap/google-tasks-pro-tasks-kanban/.pi/goals/archived/goal_2026060219532766_mpwwf04u-m37cgt.md
tracked	scrap/google-tasks-pro-tasks-kanban/icon/128.png
tracked	scrap/google-tasks-pro-tasks-kanban/icon/16.png
tracked	scrap/google-tasks-pro-tasks-kanban/icon/32.png
tracked	scrap/google-tasks-pro-tasks-kanban/icon/48.png
tracked	scrap/google-tasks-pro-tasks-kanban/icon/96.png
tracked	scripts/fix-firefox-manifest.js
tracked	vidpro-extension/.dracon/data/keys/owner_age1f7y5.pub
tracked	vidpro-extension/.pi/goals/active_goal_2026060902461687_mq5zawfd-toyp9p.md
tracked	vidpro-extension/.pi/goals/archived/goal_2026052300520987_mphknz8w-ox7yyq.md
tracked	vidpro-extension/.pi/goals/archived/goal_2026052311054108_mpi6jqxo-qlvs9l.md
tracked	vidpro-extension/.pi/goals/archived/goal_2026053120191025_mpu5nz9a-kowr6b.md
tracked	vidpro-extension/.pi/goals/archived/goal_2026053122323239_mpu62f9v-vwhdeg.md
tracked	vidpro-extension/.pi/goals/archived/goal_2026060102322328_mpuh6a2n-dj0a49.md
tracked	vidpro-extension/.pi/goals/archived/goal_2026060114455778_mpv8vsmt-wmpxe6.md
tracked	vidpro-extension/.pi/goals/archived/goal_2026060119100167_mpvds4wf-75mpx3.md
tracked	vidpro-extension/.pi/goals/archived/goal_2026060122484862_mpvpidae-pm31f9.md
tracked	vidpro-extension/.pi/goals/archived/goal_2026060211462379_mpvrjuse-v86u29.md
tracked	vidpro-extension/.pi/goals/archived/goal_2026060214051820_mpwn6o75-rnys0x.md
tracked	vidpro-extension/.pi/goals/archived/goal_2026060216345310_mpwsk6sp-lpwqt2.md
tracked	vidpro-extension/.pi/goals/archived/goal_2026060216522776_mpwta8pb-vcmij0.md
tracked	vidpro-extension/.pi/goals/archived/goal_2026060217312630_mpwukjef-rvdcgm.md
tracked	vidpro-extension/.pi/goals/archived/goal_2026060218445450_mpwxb1xr-xovpe5.md
tracked	vidpro-extension/.pi/goals/archived/goal_2026060218591121_mpwxui9h-c7025z.md
tracked	vidpro-extension/.pi/goals/archived/goal_2026060219223933_mpwyemo7-kx27nl.md
tracked	vidpro-extension/.pi/goals/archived/goal_2026060310383018_mpxcu5ns-zr4izy.md
tracked	vidpro-extension/.pi/goals/archived/goal_2026060315261372_mpy5kf1k-6l7lfg.md
tracked	vidpro-extension/.pi/goals/archived/goal_2026060319310241_mpy624uk-4snrvk.md
tracked	vidpro-extension/.pi/goals/archived/goal_2026060322211373_mpyk8aq5-2pyqfl.md
tracked	vidpro-extension/.pi/goals/archived/goal_2026060322334802_mpykpraq-cvndas.md
tracked	vidpro-extension/.pi/goals/archived/goal_2026060415565657_mpzkt2fv-4bz1as.md
tracked	vidpro-extension/.pi/goals/archived/goal_2026060416104340_mpzmlt8g-ibjzjb.md
tracked	vidpro-extension/.pi/goals/archived/goal_2026060516442706_mq128pb1-xlvjj2.md
tracked	vidpro-extension/.pi/goals/archived/goal_2026060518303346_mq16p96p-y97s88.md
tracked	vidpro-extension/.pi/goals/archived/goal_2026060519373720_mq198y0d-mgc3h8.md
tracked	vidpro-extension/.pi/goals/archived/goal_2026060523392311_mq1hsi4p-zm5h4j.md
tracked	vidpro-extension/.pi/goals/archived/goal_2026060616040729_mq2dw5lj-5imb98.md
tracked	vidpro-extension/.pi/goals/archived/goal_2026060816275550_mq5coler-gqeaco.md
tracked	vidpro-extension/.pi/goals/archived/goal_2026060816450860_mq5dljke-4dn6lf.md
tracked	vidpro-extension/.pi/goals/archived/goal_2026060823004028_mq5qu10c-jhgqft.md
tracked	vidpro-extension/.pi/goals/archived/goal_2026060823161708_mq5rl7uw-3prc0v.md
tracked	vidpro-extension/.pi/goals/archived/goal_2026060901381258_mq5unyg8-a780kc.md
tracked	vidpro-extension/.pi/goals/archived/goal_2026060902082781_mq5xe57t-s6pq5x.md
tracked	vidpro-extension/components/ProfileSettings.svelte
tracked	vidpro-extension/docs/archive/note.md
tracked	vidpro-extension/e2e/screenshots/smoke-dashboard.png
tracked	vidpro-extension/e2e/screenshots/smoke-global-search.png
tracked	vidpro-extension/e2e/screenshots/smoke-optimize.png
tracked	vidpro-extension/e2e/screenshots/smoke-popup.png
tracked	vidpro-extension/e2e/screenshots/smoke-research.png
tracked	vidpro-extension/e2e/screenshots/smoke-settings.png
tracked	vidpro-extension/public/_locales/de/messages.json
tracked	vidpro-extension/public/_locales/en/messages.json
tracked	vidpro-extension/public/_locales/es/messages.json
tracked	vidpro-extension/public/_locales/fr/messages.json
tracked	vidpro-extension/public/icon/128.png
tracked	vidpro-extension/public/icon/16.png
tracked	vidpro-extension/public/icon/32.png
tracked	vidpro-extension/public/icon/48.png
tracked	vidpro-extension/public/icon/96.png
tracked	vidpro-extension/public/vidpro-theme.css
tracked	vidpro-extension/public/wxt.svg
tracked	vidpro-extension/test/firefoxCompatibility.test.ts
tracked	volume-and-video-pro/.dracon/data/keys/owner_age15xjl.pub
tracked	volume-and-video-pro/.dracon/data/keys/owner_age1f7y5.pub
tracked	volume-and-video-pro/.dracon/data/keys/owner_nixos.pub
tracked	volume-and-video-pro/FIREFOX_AMO_GUIDE.md
tracked	volume-and-video-pro/FIREFOX_VALIDATION_FIXES.md
tracked	volume-and-video-pro/public/icon/128.png
tracked	volume-and-video-pro/public/icon/16.png
tracked	volume-and-video-pro/public/icon/32.png
tracked	volume-and-video-pro/public/icon/48.png
tracked	volume-and-video-pro/public/icon/96.png
tracked	volume-and-video-pro/public/wxt.svg
tracked	volume-and-video-pro/screenshots/popup-ui.png
tracked	wxt-starter/.env.example
tracked	wxt-starter/public/_locales/en/messages.json
tracked	wxt-starter/public/wasm/dracon_wasm.d.ts
tracked	wxt-starter/public/wasm/dracon_wasm.js
tracked	wxt-starter/public/wasm/dracon_wasm_bg.wasm
tracked	wxt-starter/public/wasm/dracon_wasm_bg.wasm.d.ts
tracked	wxt-starter/public/wasm/package.json
tracked	youtube-dislike/RELEASE_NOTES.md
tracked	youtube-dislike/icon/128.png
tracked	youtube-dislike/icon/16.png
tracked	youtube-dislike/icon/32.png
tracked	youtube-dislike/icon/48.png
tracked	youtube-dislike/icon/96.png
tracked	youtube-dislike/public/1.png
tracked	youtube-dislike/public/2.png
tracked	youtube-dislike/public/ChatGPT Image May 7, 2026, 08_28_22 PM.png
tracked	youtube-dislike/public/icon/128.png
tracked	youtube-dislike/public/icon/16.png
tracked	youtube-dislike/public/icon/32.png
tracked	youtube-dislike/public/icon/48.png
tracked	youtube-dislike/public/icon/96.png
tracked	youtube-dislike/public/thumb.png
tracked	youtube-dislike/scripts/public/icon/128.png
tracked	youtube-dislike/scripts/public/icon/16.png
tracked	youtube-dislike/scripts/public/icon/32.png
tracked	youtube-dislike/scripts/public/icon/48.png
tracked	youtube-dislike/scripts/public/icon/96.png
untracked	auto-form-filler/.audit-ui/functional-profile-debug10/Default/Account Web Data
untracked	auto-form-filler/.audit-ui/functional-profile-debug10/Default/Account Web Data-journal
untracked	auto-form-filler/.audit-ui/functional-profile-debug10/Default/Affiliation Database
untracked	auto-form-filler/.audit-ui/functional-profile-debug10/Default/Affiliation Database-journal
untracked	auto-form-filler/.audit-ui/functional-profile-debug10/Default/BookmarkMergedSurfaceOrdering
untracked	auto-form-filler/.audit-ui/functional-profile-debug10/Default/Cache/Cache_Data/60275391413c5610_0
untracked	auto-form-filler/.audit-ui/functional-profile-debug10/Default/Cache/Cache_Data/7e0f8c4ddb5a9a1e_0
untracked	auto-form-filler/.audit-ui/functional-profile-debug10/Default/Cache/Cache_Data/8121ea39bde7a9ef_0
untracked	auto-form-filler/.audit-ui/functional-profile-debug10/Default/Cache/Cache_Data/eb1e553f9fc0ebeb_0
untracked	auto-form-filler/.audit-ui/functional-profile-debug10/Default/Cache/Cache_Data/index
untracked	auto-form-filler/.audit-ui/functional-profile-debug10/Default/Cache/Cache_Data/index-dir/the-real-index
untracked	auto-form-filler/.audit-ui/functional-profile-debug10/Default/Cache/No_Vary_Search/journal.baj
untracked	auto-form-filler/.audit-ui/functional-profile-debug10/Default/Cache/No_Vary_Search/snapshot.baf
untracked	auto-form-filler/.audit-ui/functional-profile-debug10/Default/ClientCertificates/LOCK
untracked	auto-form-filler/.audit-ui/functional-profile-debug10/Default/ClientCertificates/LOG
untracked	auto-form-filler/.audit-ui/functional-profile-debug10/Default/Code Cache/js/268b144ca6ed5939_0
untracked	auto-form-filler/.audit-ui/functional-profile-debug10/Default/Code Cache/js/4bd3243c0e65bd9d_0
untracked	auto-form-filler/.audit-ui/functional-profile-debug10/Default/Code Cache/js/5a1883e0a1b9d887_0
untracked	auto-form-filler/.audit-ui/functional-profile-debug10/Default/Code Cache/js/da47abc846fb5923_0
untracked	auto-form-filler/.audit-ui/functional-profile-debug10/Default/Code Cache/js/index
untracked	auto-form-filler/.audit-ui/functional-profile-debug10/Default/Code Cache/js/index-dir/the-real-index
untracked	auto-form-filler/.audit-ui/functional-profile-debug10/Default/Code Cache/wasm/index
untracked	auto-form-filler/.audit-ui/functional-profile-debug10/Default/Code Cache/wasm/index-dir/the-real-index
untracked	auto-form-filler/.audit-ui/functional-profile-debug10/Default/Cookies
untracked	auto-form-filler/.audit-ui/functional-profile-debug10/Default/Cookies-journal
untracked	auto-form-filler/.audit-ui/functional-profile-debug10/Default/DawnGraphiteCache/data_0
untracked	auto-form-filler/.audit-ui/functional-profile-debug10/Default/DawnGraphiteCache/data_1
untracked	auto-form-filler/.audit-ui/functional-profile-debug10/Default/DawnGraphiteCache/data_2
untracked	auto-form-filler/.audit-ui/functional-profile-debug10/Default/DawnGraphiteCache/data_3
untracked	auto-form-filler/.audit-ui/functional-profile-debug10/Default/DawnGraphiteCache/index
untracked	auto-form-filler/.audit-ui/functional-profile-debug10/Default/DawnWebGPUCache/data_0
untracked	auto-form-filler/.audit-ui/functional-profile-debug10/Default/DawnWebGPUCache/data_1
untracked	auto-form-filler/.audit-ui/functional-profile-debug10/Default/DawnWebGPUCache/data_2
untracked	auto-form-filler/.audit-ui/functional-profile-debug10/Default/DawnWebGPUCache/data_3
untracked	auto-form-filler/.audit-ui/functional-profile-debug10/Default/DawnWebGPUCache/index
untracked	auto-form-filler/.audit-ui/functional-profile-debug10/Default/Extension Rules/CURRENT
untracked	auto-form-filler/.audit-ui/functional-profile-debug10/Default/Extension Rules/LOCK
untracked	auto-form-filler/.audit-ui/functional-profile-debug10/Default/Extension Rules/LOG
untracked	auto-form-filler/.audit-ui/functional-profile-debug10/Default/Extension Rules/MANIFEST-000001
untracked	auto-form-filler/.audit-ui/functional-profile-debug10/Default/Extension Scripts/CURRENT
untracked	auto-form-filler/.audit-ui/functional-profile-debug10/Default/Extension Scripts/LOCK
untracked	auto-form-filler/.audit-ui/functional-profile-debug10/Default/Extension Scripts/LOG
untracked	auto-form-filler/.audit-ui/functional-profile-debug10/Default/Extension Scripts/MANIFEST-000001
untracked	auto-form-filler/.audit-ui/functional-profile-debug10/Default/Extension State/CURRENT
untracked	auto-form-filler/.audit-ui/functional-profile-debug10/Default/Extension State/LOCK
untracked	auto-form-filler/.audit-ui/functional-profile-debug10/Default/Extension State/LOG
untracked	auto-form-filler/.audit-ui/functional-profile-debug10/Default/Extension State/MANIFEST-000001
untracked	auto-form-filler/.audit-ui/functional-profile-debug10/Default/Favicons
untracked	auto-form-filler/.audit-ui/functional-profile-debug10/Default/Favicons-journal
untracked	auto-form-filler/.audit-ui/functional-profile-debug10/Default/GPUCache/data_0
untracked	auto-form-filler/.audit-ui/functional-profile-debug10/Default/GPUCache/data_1
untracked	auto-form-filler/.audit-ui/functional-profile-debug10/Default/GPUCache/data_2
untracked	auto-form-filler/.audit-ui/functional-profile-debug10/Default/GPUCache/data_3
untracked	auto-form-filler/.audit-ui/functional-profile-debug10/Default/GPUCache/index
untracked	auto-form-filler/.audit-ui/functional-profile-debug10/Default/History
untracked	auto-form-filler/.audit-ui/functional-profile-debug10/Default/History-journal
untracked	auto-form-filler/.audit-ui/functional-profile-debug10/Default/LOCK
untracked	auto-form-filler/.audit-ui/functional-profile-debug10/Default/LOG
untracked	auto-form-filler/.audit-ui/functional-profile-debug10/Default/Local Extension Settings/eainhgdjdmipbcjhbjbnhgmccchbaegd/CURRENT
untracked	auto-form-filler/.audit-ui/functional-profile-debug10/Default/Local Extension Settings/eainhgdjdmipbcjhbjbnhgmccchbaegd/LOCK
untracked	auto-form-filler/.audit-ui/functional-profile-debug10/Default/Local Extension Settings/eainhgdjdmipbcjhbjbnhgmccchbaegd/LOG
untracked	auto-form-filler/.audit-ui/functional-profile-debug10/Default/Local Extension Settings/eainhgdjdmipbcjhbjbnhgmccchbaegd/MANIFEST-000001
untracked	auto-form-filler/.audit-ui/functional-profile-debug10/Default/Local Storage/leveldb/CURRENT
untracked	auto-form-filler/.audit-ui/functional-profile-debug10/Default/Local Storage/leveldb/LOCK
untracked	auto-form-filler/.audit-ui/functional-profile-debug10/Default/Local Storage/leveldb/LOG
untracked	auto-form-filler/.audit-ui/functional-profile-debug10/Default/Local Storage/leveldb/MANIFEST-000001
untracked	auto-form-filler/.audit-ui/functional-profile-debug10/Default/Login Data
untracked	auto-form-filler/.audit-ui/functional-profile-debug10/Default/Login Data For Account
untracked	auto-form-filler/.audit-ui/functional-profile-debug10/Default/Login Data For Account-journal
untracked	auto-form-filler/.audit-ui/functional-profile-debug10/Default/Login Data-journal
untracked	auto-form-filler/.audit-ui/functional-profile-debug10/Default/Network Persistent State
untracked	auto-form-filler/.audit-ui/functional-profile-debug10/Default/PersistentOriginTrials/LOCK
untracked	auto-form-filler/.audit-ui/functional-profile-debug10/Default/PersistentOriginTrials/LOG
untracked	auto-form-filler/.audit-ui/functional-profile-debug10/Default/Preferences
untracked	auto-form-filler/.audit-ui/functional-profile-debug10/Default/README
untracked	auto-form-filler/.audit-ui/functional-profile-debug10/Default/Reporting and NEL
untracked	auto-form-filler/.audit-ui/functional-profile-debug10/Default/Reporting and NEL-journal
untracked	auto-form-filler/.audit-ui/functional-profile-debug10/Default/SCT Auditing Pending Reports
untracked	auto-form-filler/.audit-ui/functional-profile-debug10/Default/Safe Browsing Cookies
untracked	auto-form-filler/.audit-ui/functional-profile-debug10/Default/Safe Browsing Cookies-journal
untracked	auto-form-filler/.audit-ui/functional-profile-debug10/Default/Secure Preferences
untracked	auto-form-filler/.audit-ui/functional-profile-debug10/Default/Segmentation Platform/SegmentInfoDB/LOCK
untracked	auto-form-filler/.audit-ui/functional-profile-debug10/Default/Segmentation Platform/SegmentInfoDB/LOG
untracked	auto-form-filler/.audit-ui/functional-profile-debug10/Default/Segmentation Platform/SignalDB/LOCK
untracked	auto-form-filler/.audit-ui/functional-profile-debug10/Default/Segmentation Platform/SignalDB/LOG
untracked	auto-form-filler/.audit-ui/functional-profile-debug10/Default/Segmentation Platform/SignalStorageConfigDB/LOCK
untracked	auto-form-filler/.audit-ui/functional-profile-debug10/Default/Segmentation Platform/SignalStorageConfigDB/LOG
untracked	auto-form-filler/.audit-ui/functional-profile-debug10/Default/ServerCertificate
untracked	auto-form-filler/.audit-ui/functional-profile-debug10/Default/ServerCertificate-journal
untracked	auto-form-filler/.audit-ui/functional-profile-debug10/Default/Service Worker/Database/CURRENT
untracked	auto-form-filler/.audit-ui/functional-profile-debug10/Default/Service Worker/Database/LOCK
untracked	auto-form-filler/.audit-ui/functional-profile-debug10/Default/Service Worker/Database/LOG
untracked	auto-form-filler/.audit-ui/functional-profile-debug10/Default/Service Worker/Database/MANIFEST-000001
untracked	auto-form-filler/.audit-ui/functional-profile-debug10/Default/Service Worker/ScriptCache/2cc80dabc69f58b6_0
untracked	auto-form-filler/.audit-ui/functional-profile-debug10/Default/Service Worker/ScriptCache/2cc80dabc69f58b6_1
untracked	auto-form-filler/.audit-ui/functional-profile-debug10/Default/Service Worker/ScriptCache/index
untracked	auto-form-filler/.audit-ui/functional-profile-debug10/Default/Service Worker/ScriptCache/index-dir/the-real-index
untracked	auto-form-filler/.audit-ui/functional-profile-debug10/Default/Session Storage/CURRENT
untracked	auto-form-filler/.audit-ui/functional-profile-debug10/Default/Session Storage/LOCK
untracked	auto-form-filler/.audit-ui/functional-profile-debug10/Default/Session Storage/LOG
untracked	auto-form-filler/.audit-ui/functional-profile-debug10/Default/Session Storage/MANIFEST-000001
untracked	auto-form-filler/.audit-ui/functional-profile-debug10/Default/Sessions/Session_13425612511119945
untracked	auto-form-filler/.audit-ui/functional-profile-debug10/Default/Sessions/Tabs_13425612511139205
untracked	auto-form-filler/.audit-ui/functional-profile-debug10/Default/Shared Dictionary/cache/index
untracked	auto-form-filler/.audit-ui/functional-profile-debug10/Default/Shared Dictionary/cache/index-dir/the-real-index
untracked	auto-form-filler/.audit-ui/functional-profile-debug10/Default/Shared Dictionary/db
untracked	auto-form-filler/.audit-ui/functional-profile-debug10/Default/Shared Dictionary/db-journal
untracked	auto-form-filler/.audit-ui/functional-profile-debug10/Default/Site Characteristics Database/CURRENT
untracked	auto-form-filler/.audit-ui/functional-profile-debug10/Default/Site Characteristics Database/LOCK
untracked	auto-form-filler/.audit-ui/functional-profile-debug10/Default/Site Characteristics Database/LOG
untracked	auto-form-filler/.audit-ui/functional-profile-debug10/Default/Site Characteristics Database/MANIFEST-000001
untracked	auto-form-filler/.audit-ui/functional-profile-debug10/Default/Sync Data/LevelDB/CURRENT
untracked	auto-form-filler/.audit-ui/functional-profile-debug10/Default/Sync Data/LevelDB/LOCK
untracked	auto-form-filler/.audit-ui/functional-profile-debug10/Default/Sync Data/LevelDB/LOG
untracked	auto-form-filler/.audit-ui/functional-profile-debug10/Default/Sync Data/LevelDB/MANIFEST-000001
untracked	auto-form-filler/.audit-ui/functional-profile-debug10/Default/Sync Extension Settings/eainhgdjdmipbcjhbjbnhgmccchbaegd/CURRENT
untracked	auto-form-filler/.audit-ui/functional-profile-debug10/Default/Sync Extension Settings/eainhgdjdmipbcjhbjbnhgmccchbaegd/LOCK
untracked	auto-form-filler/.audit-ui/functional-profile-debug10/Default/Sync Extension Settings/eainhgdjdmipbcjhbjbnhgmccchbaegd/LOG
untracked	auto-form-filler/.audit-ui/functional-profile-debug10/Default/Sync Extension Settings/eainhgdjdmipbcjhbjbnhgmccchbaegd/MANIFEST-000001
untracked	auto-form-filler/.audit-ui/functional-profile-debug10/Default/Top Sites
untracked	auto-form-filler/.audit-ui/functional-profile-debug10/Default/Top Sites-journal
untracked	auto-form-filler/.audit-ui/functional-profile-debug10/Default/TransportSecurity
untracked	auto-form-filler/.audit-ui/functional-profile-debug10/Default/Trust Tokens
untracked	auto-form-filler/.audit-ui/functional-profile-debug10/Default/Trust Tokens-journal
untracked	auto-form-filler/.audit-ui/functional-profile-debug10/Default/Web Data
untracked	auto-form-filler/.audit-ui/functional-profile-debug10/Default/Web Data-journal
untracked	auto-form-filler/.audit-ui/functional-profile-debug10/Default/WebStorage/QuotaManager
untracked	auto-form-filler/.audit-ui/functional-profile-debug10/Default/WebStorage/QuotaManager-journal
untracked	auto-form-filler/.audit-ui/functional-profile-debug10/Default/chrome_cart_db/LOCK
untracked	auto-form-filler/.audit-ui/functional-profile-debug10/Default/chrome_cart_db/LOG
untracked	auto-form-filler/.audit-ui/functional-profile-debug10/Default/commerce_subscription_db/LOCK
untracked	auto-form-filler/.audit-ui/functional-profile-debug10/Default/commerce_subscription_db/LOG
untracked	auto-form-filler/.audit-ui/functional-profile-debug10/Default/discount_infos_db/LOCK
untracked	auto-form-filler/.audit-ui/functional-profile-debug10/Default/discount_infos_db/LOG
untracked	auto-form-filler/.audit-ui/functional-profile-debug10/Default/discounts_db/LOCK
untracked	auto-form-filler/.audit-ui/functional-profile-debug10/Default/discounts_db/LOG
untracked	auto-form-filler/.audit-ui/functional-profile-debug10/Default/parcel_tracking_db/LOCK
untracked	auto-form-filler/.audit-ui/functional-profile-debug10/Default/parcel_tracking_db/LOG
untracked	auto-form-filler/.audit-ui/functional-profile-debug10/Default/shared_proto_db/CURRENT
untracked	auto-form-filler/.audit-ui/functional-profile-debug10/Default/shared_proto_db/LOCK
untracked	auto-form-filler/.audit-ui/functional-profile-debug10/Default/shared_proto_db/LOG
untracked	auto-form-filler/.audit-ui/functional-profile-debug10/Default/shared_proto_db/MANIFEST-000001
untracked	auto-form-filler/.audit-ui/functional-profile-debug10/Default/shared_proto_db/metadata/CURRENT
untracked	auto-form-filler/.audit-ui/functional-profile-debug10/Default/shared_proto_db/metadata/LOCK
untracked	auto-form-filler/.audit-ui/functional-profile-debug10/Default/shared_proto_db/metadata/LOG
untracked	auto-form-filler/.audit-ui/functional-profile-debug10/Default/shared_proto_db/metadata/MANIFEST-000001
untracked	auto-form-filler/.audit-ui/functional-profile-debug10/Default/trusted_vault.pb
untracked	auto-form-filler/.audit-ui/functional-profile-debug10/GrShaderCache/data_0
untracked	auto-form-filler/.audit-ui/functional-profile-debug10/GrShaderCache/data_1
untracked	auto-form-filler/.audit-ui/functional-profile-debug10/GrShaderCache/data_2
untracked	auto-form-filler/.audit-ui/functional-profile-debug10/GrShaderCache/data_3
untracked	auto-form-filler/.audit-ui/functional-profile-debug10/GrShaderCache/index
untracked	auto-form-filler/.audit-ui/functional-profile-debug10/GraphiteDawnCache/data_0
untracked	auto-form-filler/.audit-ui/functional-profile-debug10/GraphiteDawnCache/data_1
untracked	auto-form-filler/.audit-ui/functional-profile-debug10/GraphiteDawnCache/data_2
untracked	auto-form-filler/.audit-ui/functional-profile-debug10/GraphiteDawnCache/data_3
untracked	auto-form-filler/.audit-ui/functional-profile-debug10/GraphiteDawnCache/index
untracked	auto-form-filler/.audit-ui/functional-profile-debug10/Last Version
untracked	auto-form-filler/.audit-ui/functional-profile-debug10/Local State
untracked	auto-form-filler/.audit-ui/functional-profile-debug10/ShaderCache/data_0
untracked	auto-form-filler/.audit-ui/functional-profile-debug10/ShaderCache/data_1
untracked	auto-form-filler/.audit-ui/functional-profile-debug10/ShaderCache/data_2
untracked	auto-form-filler/.audit-ui/functional-profile-debug10/ShaderCache/data_3
untracked	auto-form-filler/.audit-ui/functional-profile-debug10/ShaderCache/index
untracked	auto-form-filler/.audit-ui/functional-profile-debug10/Variations
untracked	auto-form-filler/.audit-ui/functional-profile-debug10/segmentation_platform/ukm_db
