repo	section	path	action	reason
/home/dracon/Dev/dracon-code	tracked	.pi/goals/active_goal_2026060910381641_mq6g5vxc-7r9kba.md	blocked-by-pi-exclusion	.pi local task state must not be cleaned
/home/dracon/Dev/dracon-code	tracked	.pi/goals/archived/goal_2026052216114777_mph1kohw-ph0em0.md	blocked-by-pi-exclusion	.pi local task state must not be cleaned
/home/dracon/Dev/dracon-code	tracked	.pi/goals/archived/goal_2026060722190602_mq47xm8s-0cdmwq.md	blocked-by-pi-exclusion	.pi local task state must not be cleaned
/home/dracon/Dev/dracon-code	tracked	.pi/goals/archived/goal_2026060823581535_mq5ppctc-iuoudp.md	blocked-by-pi-exclusion	.pi local task state must not be cleaned
/home/dracon/Dev/dracon-code	tracked	.pi/goals/archived/goal_2026060901142949_mq5twlw1-7wtnsa.md	blocked-by-pi-exclusion	.pi local task state must not be cleaned
/home/dracon/Dev/dracon-code	tracked	.pi/goals/archived/goal_2026060902491924_mq5wvm96-laxtgn.md	blocked-by-pi-exclusion	.pi local task state must not be cleaned
/home/dracon/Dev/dracon-code	tracked	.ralph/audit-fix-loop.md	blocked-needs-approval	local task/session state; ambiguous user-owned content
/home/dracon/Dev/dracon-code	tracked	.ralph/audit-fix-loop.state.json	blocked-needs-approval	local task/session state; ambiguous user-owned content
/home/dracon/Dev/dracon-code	tracked	.ralph/cut-fleet-reconcile.md	blocked-needs-approval	local task/session state; ambiguous user-owned content
/home/dracon/Dev/dracon-code	tracked	.ralph/cut-fleet-reconcile.state.json	blocked-needs-approval	local task/session state; ambiguous user-owned content
/home/dracon/Dev/dracon-code	tracked	.ralph/extension-sprint.md	blocked-needs-approval	local task/session state; ambiguous user-owned content
/home/dracon/Dev/dracon-code	tracked	.ralph/extension-sprint.state.json	blocked-needs-approval	local task/session state; ambiguous user-owned content
/home/dracon/Dev/dracon-code	tracked	.ralph/full-audit.md	blocked-needs-approval	local task/session state; ambiguous user-owned content
/home/dracon/Dev/dracon-code	tracked	.ralph/full-audit.state.json	blocked-needs-approval	local task/session state; ambiguous user-owned content
/home/dracon/Dev/dracon-code	tracked	.ralph/phase3-dracon-ai-extraction.md	blocked-needs-approval	local task/session state; ambiguous user-owned content
/home/dracon/Dev/dracon-code	tracked	.ralph/phase3-dracon-ai-extraction.state.json	blocked-needs-approval	local task/session state; ambiguous user-owned content
/home/dracon/Dev/dracon-code	tracked	.ralph/phase4-dracon-cli-extraction.md	blocked-needs-approval	local task/session state; ambiguous user-owned content
/home/dracon/Dev/dracon-code	tracked	.ralph/phase4-dracon-cli-extraction.state.json	blocked-needs-approval	local task/session state; ambiguous user-owned content
/home/dracon/Dev/dracon-code	tracked	.ralph/pi-parity-sprint.md	blocked-needs-approval	local task/session state; ambiguous user-owned content
/home/dracon/Dev/dracon-code	tracked	.ralph/pi-parity-sprint.state.json	blocked-needs-approval	local task/session state; ambiguous user-owned content
/home/dracon/Dev/dracon-code	tracked	.ralph/polish-sprint.md	blocked-needs-approval	local task/session state; ambiguous user-owned content
/home/dracon/Dev/dracon-code	tracked	.ralph/polish-sprint.state.json	blocked-needs-approval	local task/session state; ambiguous user-owned content
/home/dracon/Dev/dracon-code	tracked	.ralph/project-audit.md	blocked-needs-approval	local task/session state; ambiguous user-owned content
/home/dracon/Dev/dracon-code	tracked	.ralph/project-audit.state.json	blocked-needs-approval	local task/session state; ambiguous user-owned content
/home/dracon/Dev/dracon-code	tracked	.ralph/remaining-work.md	blocked-needs-approval	local task/session state; ambiguous user-owned content
/home/dracon/Dev/dracon-code	tracked	.ralph/remaining-work.state.json	blocked-needs-approval	local task/session state; ambiguous user-owned content
/home/dracon/Dev/dracon-code	tracked	IMPLEMENTATION_TODO.md	blocked-needs-approval	possibly obsolete doc/checklist; needs approval
/home/dracon/Dev/dracon-code	tracked	TODO.md	blocked-needs-approval	possibly obsolete doc/checklist; needs approval
/home/dracon/Dev/dracon-code	tracked	crates/dracon-core/src/policy/secret_scan.rs	blocked-needs-approval	secret-like file requires rotation/approval before removal
/home/dracon/Dev/dracon-code	tracked	docs/AUDIT-TODO.md	blocked-needs-approval	possibly obsolete doc/checklist; needs approval
/home/dracon/Dev/dracon-code	tracked	proptest-regressions/policy/secret_scan.txt	blocked-needs-approval	secret-like file requires rotation/approval before removal
/home/dracon/Dev/dracon-code	tracked	src/runtime/secret_guard_runtime.rs	blocked-needs-approval	secret-like file requires rotation/approval before removal
/home/dracon/Dev/pully-fully-pull-based-fleet-reconciler	tracked	.pi/goals/active_goal_2026060910502909_mq6gll9i-0r4zhz.md	blocked-by-pi-exclusion	.pi local task state must not be cleaned
/home/dracon/Dev/pully-fully-pull-based-fleet-reconciler	tracked	.pi/goals/archived/goal_2026052301061603_mphkm63y-kh28zc.md	blocked-by-pi-exclusion	.pi local task state must not be cleaned
/home/dracon/Dev/pully-fully-pull-based-fleet-reconciler	tracked	.pi/goals/archived/goal_2026060217193267_mpwu2ibk-2hwhv3.md	blocked-by-pi-exclusion	.pi local task state must not be cleaned
/home/dracon/Dev/pully-fully-pull-based-fleet-reconciler	tracked	.pi/goals/archived/goal_2026060218493004_mpwvwnyb-c9ekb6.md	blocked-by-pi-exclusion	.pi local task state must not be cleaned
/home/dracon/Dev/pully-fully-pull-based-fleet-reconciler	tracked	.pi/goals/archived/goal_2026060313005191_mpx8mlxw-10gedi.md	blocked-by-pi-exclusion	.pi local task state must not be cleaned
/home/dracon/Dev/pully-fully-pull-based-fleet-reconciler	tracked	.pi/goals/archived/goal_2026060314500355_mpy3tx1e-4by9y4.md	blocked-by-pi-exclusion	.pi local task state must not be cleaned
/home/dracon/Dev/pully-fully-pull-based-fleet-reconciler	tracked	.pi/goals/archived/goal_2026060413470148_mpz8ofip-w8ptj5.md	blocked-by-pi-exclusion	.pi local task state must not be cleaned
/home/dracon/Dev/pully-fully-pull-based-fleet-reconciler	tracked	.pi/goals/archived/goal_2026060419471493_mpzua1zw-pgin1k.md	blocked-by-pi-exclusion	.pi local task state must not be cleaned
/home/dracon/Dev/pully-fully-pull-based-fleet-reconciler	tracked	.pi/goals/archived/goal_2026060421090666_mpzwzkuz-hn2y6j.md	blocked-by-pi-exclusion	.pi local task state must not be cleaned
/home/dracon/Dev/pully-fully-pull-based-fleet-reconciler	tracked	.pi/goals/archived/goal_2026060422204795_mpzyeehk-1wna94.md	blocked-by-pi-exclusion	.pi local task state must not be cleaned
/home/dracon/Dev/pully-fully-pull-based-fleet-reconciler	tracked	.pi/goals/archived/goal_2026060516442964_mq12qk3u-fy7yw5.md	blocked-by-pi-exclusion	.pi local task state must not be cleaned
/home/dracon/Dev/pully-fully-pull-based-fleet-reconciler	tracked	.pi/goals/archived/goal_2026060518451045_mq176irk-rwijir.md	blocked-by-pi-exclusion	.pi local task state must not be cleaned
/home/dracon/Dev/pully-fully-pull-based-fleet-reconciler	tracked	.pi/goals/archived/goal_2026060612334244_mq1gqh9f-358iwl.md	blocked-by-pi-exclusion	.pi local task state must not be cleaned
/home/dracon/Dev/pully-fully-pull-based-fleet-reconciler	tracked	.pi/goals/archived/goal_2026060616315502_mq2dxwni-jy1vyr.md	blocked-by-pi-exclusion	.pi local task state must not be cleaned
/home/dracon/Dev/pully-fully-pull-based-fleet-reconciler	tracked	.pi/goals/archived/goal_2026060720295458_mq46ckdo-pi9dm4.md	blocked-by-pi-exclusion	.pi local task state must not be cleaned
/home/dracon/Dev/pully-fully-pull-based-fleet-reconciler	tracked	.pi/goals/archived/goal_2026060720411782_mq46odda-enegwq.md	blocked-by-pi-exclusion	.pi local task state must not be cleaned
/home/dracon/Dev/pully-fully-pull-based-fleet-reconciler	tracked	.pi/goals/archived/goal_2026060910093544_mq5qaota-spinkp.md	blocked-by-pi-exclusion	.pi local task state must not be cleaned
/home/dracon/Dev/pully-fully-pull-based-fleet-reconciler	tracked	.ralph/analysis/AI-OPS.md	blocked-needs-approval	local task/session state; ambiguous user-owned content
/home/dracon/Dev/pully-fully-pull-based-fleet-reconciler	tracked	.ralph/analysis/NAMING.md	blocked-needs-approval	local task/session state; ambiguous user-owned content
/home/dracon/Dev/pully-fully-pull-based-fleet-reconciler	tracked	.ralph/analysis/NOTIFICATION_ARCHITECTURE.md	blocked-needs-approval	local task/session state; ambiguous user-owned content
/home/dracon/Dev/pully-fully-pull-based-fleet-reconciler	tracked	.ralph/analysis/NOTIFICATION_RANKING.md	blocked-needs-approval	local task/session state; ambiguous user-owned content
/home/dracon/Dev/pully-fully-pull-based-fleet-reconciler	tracked	.ralph/analysis/OBSERVABILITY.md	blocked-needs-approval	local task/session state; ambiguous user-owned content
/home/dracon/Dev/pully-fully-pull-based-fleet-reconciler	tracked	.ralph/analysis/PLAN.md	blocked-needs-approval	local task/session state; ambiguous user-owned content
/home/dracon/Dev/pully-fully-pull-based-fleet-reconciler	tracked	.ralph/audit-loop.md	blocked-needs-approval	local task/session state; ambiguous user-owned content
/home/dracon/Dev/pully-fully-pull-based-fleet-reconciler	tracked	.ralph/audit-loop.state.json	blocked-needs-approval	local task/session state; ambiguous user-owned content
/home/dracon/Dev/pully-fully-pull-based-fleet-reconciler	tracked	.ralph/audit-run.md	blocked-needs-approval	local task/session state; ambiguous user-owned content
/home/dracon/Dev/pully-fully-pull-based-fleet-reconciler	tracked	.ralph/dracon-cleanup-loop.md	blocked-needs-approval	local task/session state; ambiguous user-owned content
/home/dracon/Dev/pully-fully-pull-based-fleet-reconciler	tracked	.ralph/dracon-cleanup-loop.state.json	blocked-needs-approval	local task/session state; ambiguous user-owned content
/home/dracon/Dev/pully-fully-pull-based-fleet-reconciler	tracked	.ralph/dracon-docs-loop.md	blocked-needs-approval	local task/session state; ambiguous user-owned content
/home/dracon/Dev/pully-fully-pull-based-fleet-reconciler	tracked	.ralph/dracon-docs-loop.state.json	blocked-needs-approval	local task/session state; ambiguous user-owned content
/home/dracon/Dev/pully-fully-pull-based-fleet-reconciler	tracked	.ralph/full-audit.md	blocked-needs-approval	local task/session state; ambiguous user-owned content
/home/dracon/Dev/pully-fully-pull-based-fleet-reconciler	tracked	.ralph/full-audit.state.json	blocked-needs-approval	local task/session state; ambiguous user-owned content
/home/dracon/Dev/pully-fully-pull-based-fleet-reconciler	tracked	.ralph/pully-fleet-standardization.md	blocked-needs-approval	local task/session state; ambiguous user-owned content
/home/dracon/Dev/pully-fully-pull-based-fleet-reconciler	tracked	.ralph/pully-fleet-standardization.state.json	blocked-needs-approval	local task/session state; ambiguous user-owned content
/home/dracon/Dev/pully-fully-pull-based-fleet-reconciler	tracked	pully/docs/systemd/prod.env.example	blocked-needs-approval	secret-like file requires rotation/approval before removal
/home/dracon/Dev/pully-fully-pull-based-fleet-reconciler	tracked	pully/docs/systemd/secrets.env.example	blocked-needs-approval	secret-like file requires rotation/approval before removal
/home/dracon/Dev/pully-fully-pull-based-fleet-reconciler	tracked	pully/fixtures/status.token	blocked-needs-approval	secret-like file requires rotation/approval before removal
/home/dracon/Dev/Junk-Runner-bevy	tracked	.envrc	blocked-needs-approval	secret-like file requires rotation/approval before removal
/home/dracon/Dev/Junk-Runner-bevy	tracked	.pi/goals/archived/goal_2026060102393388_mpu68ydx-s264wr.md	blocked-by-pi-exclusion	.pi local task state must not be cleaned
/home/dracon/Dev/Junk-Runner-bevy	tracked	.pi/goals/archived/goal_2026060117543869_mpv5abz5-dlojg8.md	blocked-by-pi-exclusion	.pi local task state must not be cleaned
/home/dracon/Dev/Junk-Runner-bevy	tracked	.pi/goals/archived/goal_2026060120131477_mpvitboo-m1ve5f.md	blocked-by-pi-exclusion	.pi local task state must not be cleaned
/home/dracon/Dev/Junk-Runner-bevy	tracked	.pi/goals/archived/goal_2026060123180332_mpvqpwv6-y8s3y0.md	blocked-by-pi-exclusion	.pi local task state must not be cleaned
/home/dracon/Dev/Junk-Runner-bevy	tracked	.pi/goals/archived/goal_2026060212351353_mpwep5yl-vsxjya.md	blocked-by-pi-exclusion	.pi local task state must not be cleaned
/home/dracon/Dev/Junk-Runner-bevy	tracked	.pi/goals/archived/goal_2026060215161545_mpwojofw-n0rqcp.md	blocked-by-pi-exclusion	.pi local task state must not be cleaned
/home/dracon/Dev/Junk-Runner-bevy	tracked	.pi/goals/archived/goal_2026060218484052_mpwstpov-e7cyuv.md	blocked-by-pi-exclusion	.pi local task state must not be cleaned
/home/dracon/Dev/Junk-Runner-bevy	tracked	.pi/goals/archived/goal_2026060300404444_mpx1mrww-dclo26.md	blocked-by-pi-exclusion	.pi local task state must not be cleaned
/home/dracon/Dev/Junk-Runner-bevy	tracked	.pi/goals/archived/goal_2026060315114830_mpxac84y-4w4ers.md	blocked-by-pi-exclusion	.pi local task state must not be cleaned
/home/dracon/Dev/Junk-Runner-bevy	tracked	.pi/goals/archived/goal_2026060401125163_mpycrqkp-8emufq.md	blocked-by-pi-exclusion	.pi local task state must not be cleaned
/home/dracon/Dev/Junk-Runner-bevy	tracked	.pi/goals/archived/goal_2026060401475288_mpyqyzmt-6jabjz.md	blocked-by-pi-exclusion	.pi local task state must not be cleaned
/home/dracon/Dev/Junk-Runner-bevy	tracked	.pi/goals/archived/goal_2026060409491374_mpyv3t7i-vup5bv.md	blocked-by-pi-exclusion	.pi local task state must not be cleaned
/home/dracon/Dev/Junk-Runner-bevy	tracked	.pi/goals/archived/goal_2026060416175981_mpzliu9g-xv6q06.md	blocked-by-pi-exclusion	.pi local task state must not be cleaned
/home/dracon/Dev/Junk-Runner-bevy	tracked	.pi/goals/archived/goal_2026060420312145_mpzthwua-rzc91q.md	blocked-by-pi-exclusion	.pi local task state must not be cleaned
/home/dracon/Dev/Junk-Runner-bevy	tracked	.pi/goals/archived/goal_2026060421164310_mpzx3td9-b91bpl.md	blocked-by-pi-exclusion	.pi local task state must not be cleaned
/home/dracon/Dev/Junk-Runner-bevy	tracked	.pi/goals/archived/goal_2026060421245392_mpzxwnqg-i2084f.md	blocked-by-pi-exclusion	.pi local task state must not be cleaned
/home/dracon/Dev/Junk-Runner-bevy	tracked	.pi/goals/archived/goal_2026060501015246_mpzzpqvc-gj1jh9.md	blocked-by-pi-exclusion	.pi local task state must not be cleaned
/home/dracon/Dev/Junk-Runner-bevy	tracked	.pi/goals/archived/goal_2026060511003255_mq07hesq-5j0mws.md	blocked-by-pi-exclusion	.pi local task state must not be cleaned
/home/dracon/Dev/Junk-Runner-bevy	tracked	.pi/goals/archived/goal_2026060512010772_mq0rz70p-6w56bh.md	blocked-by-pi-exclusion	.pi local task state must not be cleaned
/home/dracon/Dev/Junk-Runner-bevy	tracked	.pi/goals/archived/goal_2026060517183242_mq0yvzib-zgq5hb.md	blocked-by-pi-exclusion	.pi local task state must not be cleaned
/home/dracon/Dev/Junk-Runner-bevy	tracked	.pi/goals/archived/goal_2026060518411859_mq176twx-ecaoww.md	blocked-by-pi-exclusion	.pi local task state must not be cleaned
/home/dracon/Dev/Junk-Runner-bevy	tracked	.pi/goals/archived/goal_2026060519082125_mq17ziwx-1srcxd.md	blocked-by-pi-exclusion	.pi local task state must not be cleaned
/home/dracon/Dev/Junk-Runner-bevy	tracked	.pi/goals/archived/goal_2026060520025761_mq19ypqo-t8mm6q.md	blocked-by-pi-exclusion	.pi local task state must not be cleaned
/home/dracon/Dev/Junk-Runner-bevy	tracked	.pi/goals/archived/goal_2026060521053492_mq1ccoa6-emkdgc.md	blocked-by-pi-exclusion	.pi local task state must not be cleaned
/home/dracon/Dev/Junk-Runner-bevy	tracked	.pi/goals/archived/goal_2026060601224268_mq1jgpk8-v8wm7u.md	blocked-by-pi-exclusion	.pi local task state must not be cleaned
/home/dracon/Dev/Junk-Runner-bevy	tracked	.pi/goals/archived/goal_2026060608492718_mq216c9u-yw3gt5.md	blocked-by-pi-exclusion	.pi local task state must not be cleaned
/home/dracon/Dev/Junk-Runner-bevy	tracked	.pi/goals/archived/goal_2026060615220179_mq2dt2og-0rlqzc.md	blocked-by-pi-exclusion	.pi local task state must not be cleaned
/home/dracon/Dev/Junk-Runner-bevy	tracked	.pi/goals/archived/goal_2026060817405337_mq2hgc5j-3ebz2h.md	blocked-by-pi-exclusion	.pi local task state must not be cleaned
/home/dracon/Dev/Junk-Runner-bevy	tracked	.pi/goals/archived/goal_2026060818103310_mq5gg5io-j8ircd.md	blocked-by-pi-exclusion	.pi local task state must not be cleaned
/home/dracon/Dev/Junk-Runner-bevy	tracked	.pi/goals/archived/goal_2026060900463435_mq5n5cfb-01ey8c.md	blocked-by-pi-exclusion	.pi local task state must not be cleaned
/home/dracon/Dev/Junk-Runner-bevy	tracked	.pi/goals/archived/goal_2026060910231457_mq5wmkrp-gsxkb6.md	blocked-by-pi-exclusion	.pi local task state must not be cleaned
/home/dracon/Dev/Junk-Runner-bevy	tracked	.pi/goals/archived/goal_2026060910593747_mq6gavqp-gxvier.md	blocked-by-pi-exclusion	.pi local task state must not be cleaned
/home/dracon/Dev/Junk-Runner-bevy	tracked	.pi/goals/archived/goal_2026060913452855_mq6k300n-5nkcqw.md	blocked-by-pi-exclusion	.pi local task state must not be cleaned
/home/dracon/Dev/Junk-Runner-bevy	tracked	.pi/goals/bevy-ui-parity-status.md	blocked-by-pi-exclusion	.pi local task state must not be cleaned
/home/dracon/Dev/Junk-Runner-bevy	tracked	.pi/goals/inventory-bevy-vs-web.md	blocked-by-pi-exclusion	.pi local task state must not be cleaned
/home/dracon/Dev/Junk-Runner-bevy	tracked	.pi/goals/inventory-r2-2026-06.md	blocked-by-pi-exclusion	.pi local task state must not be cleaned
/home/dracon/Dev/Junk-Runner-bevy	tracked	.pi/goals/notes_dev_failure_root_cause_mpxac84y-4w4ers.md	blocked-by-pi-exclusion	.pi local task state must not be cleaned
/home/dracon/Dev/Junk-Runner-bevy	tracked	.pi/goals/parity-matrix.md	blocked-by-pi-exclusion	.pi local task state must not be cleaned
/home/dracon/Dev/Junk-Runner-bevy	tracked	.pi/goals/parity-walkthrough.md	blocked-by-pi-exclusion	.pi local task state must not be cleaned
/home/dracon/Dev/Junk-Runner-bevy	tracked	.pi/goals/perf-audit-note-2026-06.md	blocked-by-pi-exclusion	.pi local task state must not be cleaned
/home/dracon/Dev/Junk-Runner-bevy	tracked	.pi/goals/perf-investigation-2026-06.md	blocked-by-pi-exclusion	.pi local task state must not be cleaned
/home/dracon/Dev/Junk-Runner-bevy	tracked	.pi/goals/perf-verification-2026-06.md	blocked-by-pi-exclusion	.pi local task state must not be cleaned
/home/dracon/Dev/Junk-Runner-bevy	tracked	.pi/goals/r2-audit-note-2026-06.md	blocked-by-pi-exclusion	.pi local task state must not be cleaned
/home/dracon/Dev/Junk-Runner-bevy	tracked	.pi/goals/verification-report.md	blocked-by-pi-exclusion	.pi local task state must not be cleaned
/home/dracon/Dev/Junk-Runner-bevy	tracked	archived-rust-backend/icons/icon.png	preserved	potential user-owned note/screenshot/project asset
/home/dracon/Dev/Junk-Runner-bevy	tracked	assets/audio/music/adventure/adventure_theme_1.mp3	preserved	potential user-owned note/screenshot/project asset
/home/dracon/Dev/Junk-Runner-bevy	tracked	assets/audio/music/adventure/adventure_theme_10.mp3	preserved	potential user-owned note/screenshot/project asset
/home/dracon/Dev/Junk-Runner-bevy	tracked	assets/audio/music/adventure/adventure_theme_11.mp3	preserved	potential user-owned note/screenshot/project asset
/home/dracon/Dev/Junk-Runner-bevy	tracked	assets/audio/music/adventure/adventure_theme_12.mp3	preserved	potential user-owned note/screenshot/project asset
/home/dracon/Dev/Junk-Runner-bevy	tracked	assets/audio/music/adventure/adventure_theme_2.mp3	preserved	potential user-owned note/screenshot/project asset
/home/dracon/Dev/Junk-Runner-bevy	tracked	assets/audio/music/adventure/adventure_theme_3.mp3	preserved	potential user-owned note/screenshot/project asset
/home/dracon/Dev/Junk-Runner-bevy	tracked	assets/audio/music/adventure/adventure_theme_4.mp3	preserved	potential user-owned note/screenshot/project asset
/home/dracon/Dev/Junk-Runner-bevy	tracked	assets/audio/music/adventure/adventure_theme_5.mp3	preserved	potential user-owned note/screenshot/project asset
/home/dracon/Dev/Junk-Runner-bevy	tracked	assets/audio/music/adventure/adventure_theme_6.mp3	preserved	potential user-owned note/screenshot/project asset
/home/dracon/Dev/Junk-Runner-bevy	tracked	assets/audio/music/adventure/adventure_theme_7.mp3	preserved	potential user-owned note/screenshot/project asset
/home/dracon/Dev/Junk-Runner-bevy	tracked	assets/audio/music/adventure/adventure_theme_8.mp3	preserved	potential user-owned note/screenshot/project asset
/home/dracon/Dev/Junk-Runner-bevy	tracked	assets/audio/music/adventure/adventure_theme_9.mp3	preserved	potential user-owned note/screenshot/project asset
/home/dracon/Dev/Junk-Runner-bevy	tracked	assets/audio/music/bar/bar_theme_1.mp3	preserved	potential user-owned note/screenshot/project asset
/home/dracon/Dev/Junk-Runner-bevy	tracked	assets/audio/music/battle/battle_theme_1.mp3	preserved	potential user-owned note/screenshot/project asset
/home/dracon/Dev/Junk-Runner-bevy	tracked	assets/audio/music/battle/battle_theme_10.mp3	preserved	potential user-owned note/screenshot/project asset
/home/dracon/Dev/Junk-Runner-bevy	tracked	assets/audio/music/battle/battle_theme_11.mp3	preserved	potential user-owned note/screenshot/project asset
/home/dracon/Dev/Junk-Runner-bevy	tracked	assets/audio/music/battle/battle_theme_12.mp3	preserved	potential user-owned note/screenshot/project asset
/home/dracon/Dev/Junk-Runner-bevy	tracked	assets/audio/music/battle/battle_theme_13.mp3	preserved	potential user-owned note/screenshot/project asset
/home/dracon/Dev/Junk-Runner-bevy	tracked	assets/audio/music/battle/battle_theme_14.mp3	preserved	potential user-owned note/screenshot/project asset
/home/dracon/Dev/Junk-Runner-bevy	tracked	assets/audio/music/battle/battle_theme_15.mp3	preserved	potential user-owned note/screenshot/project asset
/home/dracon/Dev/Junk-Runner-bevy	tracked	assets/audio/music/battle/battle_theme_16.mp3	preserved	potential user-owned note/screenshot/project asset
/home/dracon/Dev/Junk-Runner-bevy	tracked	assets/audio/music/battle/battle_theme_17.mp3	preserved	potential user-owned note/screenshot/project asset
/home/dracon/Dev/Junk-Runner-bevy	tracked	assets/audio/music/battle/battle_theme_18.mp3	preserved	potential user-owned note/screenshot/project asset
/home/dracon/Dev/Junk-Runner-bevy	tracked	assets/audio/music/battle/battle_theme_19.mp3	preserved	potential user-owned note/screenshot/project asset
/home/dracon/Dev/Junk-Runner-bevy	tracked	assets/audio/music/battle/battle_theme_2.mp3	preserved	potential user-owned note/screenshot/project asset
/home/dracon/Dev/Junk-Runner-bevy	tracked	assets/audio/music/battle/battle_theme_20.mp3	preserved	potential user-owned note/screenshot/project asset
/home/dracon/Dev/Junk-Runner-bevy	tracked	assets/audio/music/battle/battle_theme_21.mp3	preserved	potential user-owned note/screenshot/project asset
/home/dracon/Dev/Junk-Runner-bevy	tracked	assets/audio/music/battle/battle_theme_22.mp3	preserved	potential user-owned note/screenshot/project asset
/home/dracon/Dev/Junk-Runner-bevy	tracked	assets/audio/music/battle/battle_theme_23.mp3	preserved	potential user-owned note/screenshot/project asset
/home/dracon/Dev/Junk-Runner-bevy	tracked	assets/audio/music/battle/battle_theme_24.mp3	preserved	potential user-owned note/screenshot/project asset
/home/dracon/Dev/Junk-Runner-bevy	tracked	assets/audio/music/battle/battle_theme_25.mp3	preserved	potential user-owned note/screenshot/project asset
/home/dracon/Dev/Junk-Runner-bevy	tracked	assets/audio/music/battle/battle_theme_26.mp3	preserved	potential user-owned note/screenshot/project asset
/home/dracon/Dev/Junk-Runner-bevy	tracked	assets/audio/music/battle/battle_theme_27.mp3	preserved	potential user-owned note/screenshot/project asset
/home/dracon/Dev/Junk-Runner-bevy	tracked	assets/audio/music/battle/battle_theme_28.mp3	preserved	potential user-owned note/screenshot/project asset
/home/dracon/Dev/Junk-Runner-bevy	tracked	assets/audio/music/battle/battle_theme_29.mp3	preserved	potential user-owned note/screenshot/project asset
/home/dracon/Dev/Junk-Runner-bevy	tracked	assets/audio/music/battle/battle_theme_3.mp3	preserved	potential user-owned note/screenshot/project asset
/home/dracon/Dev/Junk-Runner-bevy	tracked	assets/audio/music/battle/battle_theme_30.mp3	preserved	potential user-owned note/screenshot/project asset
/home/dracon/Dev/Junk-Runner-bevy	tracked	assets/audio/music/battle/battle_theme_31.mp3	preserved	potential user-owned note/screenshot/project asset
/home/dracon/Dev/Junk-Runner-bevy	tracked	assets/audio/music/battle/battle_theme_32.mp3	preserved	potential user-owned note/screenshot/project asset
/home/dracon/Dev/Junk-Runner-bevy	tracked	assets/audio/music/battle/battle_theme_33.mp3	preserved	potential user-owned note/screenshot/project asset
/home/dracon/Dev/Junk-Runner-bevy	tracked	assets/audio/music/battle/battle_theme_4.mp3	preserved	potential user-owned note/screenshot/project asset
/home/dracon/Dev/Junk-Runner-bevy	tracked	assets/audio/music/battle/battle_theme_5.mp3	preserved	potential user-owned note/screenshot/project asset
/home/dracon/Dev/Junk-Runner-bevy	tracked	assets/audio/music/battle/battle_theme_6.mp3	preserved	potential user-owned note/screenshot/project asset
/home/dracon/Dev/Junk-Runner-bevy	tracked	assets/audio/music/battle/battle_theme_7.mp3	preserved	potential user-owned note/screenshot/project asset
/home/dracon/Dev/Junk-Runner-bevy	tracked	assets/audio/music/battle/battle_theme_8.mp3	preserved	potential user-owned note/screenshot/project asset
/home/dracon/Dev/Junk-Runner-bevy	tracked	assets/audio/music/battle/battle_theme_9.mp3	preserved	potential user-owned note/screenshot/project asset
/home/dracon/Dev/Junk-Runner-bevy	tracked	assets/audio/music/battle/battle_theme_mmx_synthwave.mp3	preserved	potential user-owned note/screenshot/project asset
/home/dracon/Dev/Junk-Runner-bevy	tracked	assets/audio/music/battle/battle_theme_synthwave.mp3	preserved	potential user-owned note/screenshot/project asset
/home/dracon/Dev/Junk-Runner-bevy	tracked	assets/audio/music/event/event_theme_1.mp3	preserved	potential user-owned note/screenshot/project asset
/home/dracon/Dev/Junk-Runner-bevy	tracked	assets/audio/music/gameover/gameover_theme_1.mp3	preserved	potential user-owned note/screenshot/project asset
/home/dracon/Dev/Junk-Runner-bevy	tracked	assets/audio/music/map/map_ambient.mp3	preserved	potential user-owned note/screenshot/project asset
/home/dracon/Dev/Junk-Runner-bevy	tracked	assets/audio/music/menu/menu_theme_2.mp3	preserved	potential user-owned note/screenshot/project asset
/home/dracon/Dev/Junk-Runner-bevy	tracked	assets/audio/music/menu/menu_theme_3.mp3	preserved	potential user-owned note/screenshot/project asset
/home/dracon/Dev/Junk-Runner-bevy	tracked	assets/audio/music/menu/menu_theme_4.mp3	preserved	potential user-owned note/screenshot/project asset
/home/dracon/Dev/Junk-Runner-bevy	tracked	assets/audio/music/shop/shop_theme_1.mp3	preserved	potential user-owned note/screenshot/project asset
/home/dracon/Dev/Junk-Runner-bevy	tracked	assets/audio/music/shop/shop_theme_2.mp3	preserved	potential user-owned note/screenshot/project asset
/home/dracon/Dev/Junk-Runner-bevy	tracked	assets/audio/music/shop/shop_theme_3.mp3	preserved	potential user-owned note/screenshot/project asset
/home/dracon/Dev/Junk-Runner-bevy	tracked	assets/audio/music/victory/victory_theme_1.mp3	preserved	potential user-owned note/screenshot/project asset
/home/dracon/Dev/Junk-Runner-bevy	tracked	assets/audio/sfx_credits.wav	preserved	potential user-owned note/screenshot/project asset
/home/dracon/Dev/Junk-Runner-bevy	tracked	assets/audio/sfx_crew_lost.wav	preserved	potential user-owned note/screenshot/project asset
/home/dracon/Dev/Junk-Runner-bevy	tracked	assets/audio/sfx_crew_recruited.wav	preserved	potential user-owned note/screenshot/project asset
/home/dracon/Dev/Junk-Runner-bevy	tracked	assets/audio/sfx_defeat_sting.wav	preserved	potential user-owned note/screenshot/project asset
/home/dracon/Dev/Junk-Runner-bevy	tracked	assets/audio/sfx_explosion.wav	preserved	potential user-owned note/screenshot/project asset
/home/dracon/Dev/Junk-Runner-bevy	tracked	assets/audio/sfx_jump.wav	preserved	potential user-owned note/screenshot/project asset
/home/dracon/Dev/Junk-Runner-bevy	tracked	assets/audio/sfx_laser.wav	preserved	potential user-owned note/screenshot/project asset
/home/dracon/Dev/Junk-Runner-bevy	tracked	assets/audio/sfx_low_fuel.wav	preserved	potential user-owned note/screenshot/project asset
/home/dracon/Dev/Junk-Runner-bevy	tracked	assets/audio/sfx_repair.wav	preserved	potential user-owned note/screenshot/project asset
/home/dracon/Dev/Junk-Runner-bevy	tracked	assets/audio/sfx_scan.wav	preserved	potential user-owned note/screenshot/project asset
/home/dracon/Dev/Junk-Runner-bevy	tracked	assets/audio/sfx_scrap_pickup.wav	preserved	potential user-owned note/screenshot/project asset
/home/dracon/Dev/Junk-Runner-bevy	tracked	assets/audio/sfx_shield_hit.wav	preserved	potential user-owned note/screenshot/project asset
/home/dracon/Dev/Junk-Runner-bevy	tracked	assets/audio/sfx_system_failure.wav	preserved	potential user-owned note/screenshot/project asset
/home/dracon/Dev/Junk-Runner-bevy	tracked	assets/audio/sfx_ui_hover.wav	preserved	potential user-owned note/screenshot/project asset
/home/dracon/Dev/Junk-Runner-bevy	tracked	assets/audio/sfx_ui_select.wav	preserved	potential user-owned note/screenshot/project asset
/home/dracon/Dev/Junk-Runner-bevy	tracked	assets/audio/sfx_victory_sting.wav	preserved	potential user-owned note/screenshot/project asset
/home/dracon/Dev/Junk-Runner-bevy	tracked	market_001.jpg	preserved	potential user-owned note/screenshot/project asset
/home/dracon/Dev/Junk-Runner-bevy	tracked	rumor_001.jpg	preserved	potential user-owned note/screenshot/project asset
/home/dracon/Dev/Junk-Runner-bevy	tracked	todolist.md	blocked-needs-approval	possibly obsolete doc/checklist; needs approval
/home/dracon/Dev/Junk-Runner-bevy	tracked	trade_001.jpg	preserved	potential user-owned note/screenshot/project asset
/home/dracon/Dev/Junk-Runner-bevy	tracked	warning_001.jpg	preserved	potential user-owned note/screenshot/project asset
/home/dracon/Dev/Junk-Runner-bevy	tracked	web/image_001.jpg	preserved	potential user-owned note/screenshot/project asset
/home/dracon/Dev/Junk-Runner-bevy	tracked	web/src/assets/audio/music/menu/menu_theme_1.mp3	preserved	potential user-owned note/screenshot/project asset
/home/dracon/Dev/Junk-Runner-bevy	tracked	web/src/assets/audio/music/menu/menu_theme_2.mp3	preserved	potential user-owned note/screenshot/project asset
/home/dracon/Dev/Junk-Runner-bevy	tracked	web/src/assets/audio/music/menu/menu_theme_3.mp3	preserved	potential user-owned note/screenshot/project asset
/home/dracon/Dev/Junk-Runner-bevy	tracked	web/src/assets/cover/title_screen.jpg	preserved	potential user-owned note/screenshot/project asset
/home/dracon/Dev/Junk-Runner-bevy	tracked	web/src/assets/cover/title_screen_001.jpg	preserved	potential user-owned note/screenshot/project asset
/home/dracon/Dev/Junk-Runner-bevy	tracked	web/src/assets/hero.png	preserved	potential user-owned note/screenshot/project asset
/home/dracon/Dev/Junk-Runner-bevy	tracked	web/src/assets/map/emblem.jpg	preserved	potential user-owned note/screenshot/project asset
/home/dracon/Dev/Junk-Runner-bevy	tracked	web/src/assets/map/icons/anomaly.jpg	preserved	potential user-owned note/screenshot/project asset
/home/dracon/Dev/Junk-Runner-bevy	tracked	web/src/assets/map/icons/combat.jpg	preserved	potential user-owned note/screenshot/project asset
/home/dracon/Dev/Junk-Runner-bevy	tracked	web/src/assets/map/icons/debris.jpg	preserved	potential user-owned note/screenshot/project asset
/home/dracon/Dev/Junk-Runner-bevy	tracked	web/src/assets/map/icons/derelict.jpg	preserved	potential user-owned note/screenshot/project asset
/home/dracon/Dev/Junk-Runner-bevy	tracked	web/src/assets/map/icons/empty.jpg	preserved	potential user-owned note/screenshot/project asset
/home/dracon/Dev/Junk-Runner-bevy	tracked	web/src/assets/map/icons/hub.jpg	preserved	potential user-owned note/screenshot/project asset
/home/dracon/Dev/Junk-Runner-bevy	tracked	web/src/assets/map/icons/market.jpg	preserved	potential user-owned note/screenshot/project asset
/home/dracon/Dev/Junk-Runner-bevy	tracked	web/src/assets/map/icons/outpost.jpg	preserved	potential user-owned note/screenshot/project asset
/home/dracon/Dev/Junk-Runner-bevy	tracked	web/src/assets/map/icons/planet.jpg	preserved	potential user-owned note/screenshot/project asset
/home/dracon/Dev/Junk-Runner-bevy	tracked	web/src/assets/map/icons/rest.jpg	preserved	potential user-owned note/screenshot/project asset
/home/dracon/Dev/Junk-Runner-bevy	tracked	web/src/assets/map/icons/shipyard.jpg	preserved	potential user-owned note/screenshot/project asset
/home/dracon/Dev/Junk-Runner-bevy	tracked	web/src/assets/map/icons/station.jpg	preserved	potential user-owned note/screenshot/project asset
/home/dracon/Dev/Junk-Runner-bevy	tracked	web/src/assets/map/icons/wormhole.jpg	preserved	potential user-owned note/screenshot/project asset
/home/dracon/Dev/Junk-Runner-bevy	tracked	web/src/assets/map/nebula_bg.jpg	preserved	potential user-owned note/screenshot/project asset
/home/dracon/Dev/Junk-Runner-bevy	tracked	web/src/assets/map/pyramid_bg.jpg	preserved	potential user-owned note/screenshot/project asset
/home/dracon/Dev/Junk-Runner-bevy	tracked	web/src/assets/map/ship.jpg	preserved	potential user-owned note/screenshot/project asset
/home/dracon/Dev/Junk-Runner-bevy	tracked	web/src/assets/map/tier1_outer_rim.jpg	preserved	potential user-owned note/screenshot/project asset
/home/dracon/Dev/Junk-Runner-bevy	tracked	web/src/assets/map/tier2_inner_rim.jpg	preserved	potential user-owned note/screenshot/project asset
/home/dracon/Dev/Junk-Runner-bevy	tracked	web/src/assets/map/tier3_core_belt.jpg	preserved	potential user-owned note/screenshot/project asset
/home/dracon/Dev/Junk-Runner-bevy	tracked	web/src/assets/map/tier4_corridor.jpg	preserved	potential user-owned note/screenshot/project asset
/home/dracon/Dev/Junk-Runner-bevy	tracked	web/src/assets/news/corporate.jpg	preserved	potential user-owned note/screenshot/project asset
/home/dracon/Dev/Junk-Runner-bevy	tracked	web/src/assets/news/crew.jpg	preserved	potential user-owned note/screenshot/project asset
/home/dracon/Dev/Junk-Runner-bevy	tracked	web/src/assets/news/crisis.jpg	preserved	potential user-owned note/screenshot/project asset
/home/dracon/Dev/Junk-Runner-bevy	tracked	web/src/assets/news/market.jpg	preserved	potential user-owned note/screenshot/project asset
/home/dracon/Dev/Junk-Runner-bevy	tracked	web/src/assets/news/military.jpg	preserved	potential user-owned note/screenshot/project asset
/home/dracon/Dev/Junk-Runner-bevy	tracked	web/src/assets/news/opportunity.jpg	preserved	potential user-owned note/screenshot/project asset
/home/dracon/Dev/Junk-Runner-bevy	tracked	web/src/assets/news/rumor.jpg	preserved	potential user-owned note/screenshot/project asset
/home/dracon/Dev/Junk-Runner-bevy	tracked	web/src/assets/news/trade.jpg	preserved	potential user-owned note/screenshot/project asset
/home/dracon/Dev/Junk-Runner-bevy	tracked	web/src/assets/news/warning.jpg	preserved	potential user-owned note/screenshot/project asset
/home/dracon/Dev/Junk-Runner-bevy	tracked	web/src/assets/news/world_event.jpg	preserved	potential user-owned note/screenshot/project asset
/home/dracon/Dev/Junk-Runner-bevy	tracked	web/src/lib/audio/screenMap.ts	preserved	potential user-owned note/screenshot/project asset
/home/dracon/Dev/Junk-Runner-bevy	tracked	web/src/lib/components/ScreenTransition.svelte	preserved	potential user-owned note/screenshot/project asset
/home/dracon/Dev/Junk-Runner-bevy	tracked	web/src/lib/effects/screens.css	preserved	potential user-owned note/screenshot/project asset
/home/dracon/Dev/Junk-Runner-bevy	tracked	web/src/lib/screens/Achievements.svelte	preserved	potential user-owned note/screenshot/project asset
/home/dracon/Dev/Junk-Runner-bevy	tracked	web/src/lib/screens/Bar.svelte	preserved	potential user-owned note/screenshot/project asset
/home/dracon/Dev/Junk-Runner-bevy	tracked	web/src/lib/screens/Cockpit.svelte	preserved	potential user-owned note/screenshot/project asset
/home/dracon/Dev/Junk-Runner-bevy	tracked	web/src/lib/screens/Combat.svelte	preserved	potential user-owned note/screenshot/project asset
/home/dracon/Dev/Junk-Runner-bevy	tracked	web/src/lib/screens/CombatDeployment.svelte	preserved	potential user-owned note/screenshot/project asset
/home/dracon/Dev/Junk-Runner-bevy	tracked	web/src/lib/screens/Crew.svelte	preserved	potential user-owned note/screenshot/project asset
/home/dracon/Dev/Junk-Runner-bevy	tracked	web/src/lib/screens/CrewHire.svelte	preserved	potential user-owned note/screenshot/project asset
/home/dracon/Dev/Junk-Runner-bevy	tracked	web/src/lib/screens/DebugMenu.svelte	preserved	potential user-owned note/screenshot/project asset
/home/dracon/Dev/Junk-Runner-bevy	tracked	web/src/lib/screens/Event.svelte	preserved	potential user-owned note/screenshot/project asset
/home/dracon/Dev/Junk-Runner-bevy	tracked	web/src/lib/screens/GameOver.svelte	preserved	potential user-owned note/screenshot/project asset
/home/dracon/Dev/Junk-Runner-bevy	tracked	web/src/lib/screens/Inventory.svelte	preserved	potential user-owned note/screenshot/project asset
/home/dracon/Dev/Junk-Runner-bevy	tracked	web/src/lib/screens/JobBoard.svelte	preserved	potential user-owned note/screenshot/project asset
/home/dracon/Dev/Junk-Runner-bevy	tracked	web/src/lib/screens/Loot.svelte	preserved	potential user-owned note/screenshot/project asset
/home/dracon/Dev/Junk-Runner-bevy	tracked	web/src/lib/screens/Map.svelte	preserved	potential user-owned note/screenshot/project asset
/home/dracon/Dev/Junk-Runner-bevy	tracked	web/src/lib/screens/Menu.svelte	preserved	potential user-owned note/screenshot/project asset
/home/dracon/Dev/Junk-Runner-bevy	tracked	web/src/lib/screens/ModManager.svelte	preserved	potential user-owned note/screenshot/project asset
/home/dracon/Dev/Junk-Runner-bevy	tracked	web/src/lib/screens/Planet.svelte	preserved	potential user-owned note/screenshot/project asset
/home/dracon/Dev/Junk-Runner-bevy	tracked	web/src/lib/screens/Settings.svelte	preserved	potential user-owned note/screenshot/project asset
/home/dracon/Dev/Junk-Runner-bevy	tracked	web/src/lib/screens/Ship.svelte	preserved	potential user-owned note/screenshot/project asset
/home/dracon/Dev/Junk-Runner-bevy	tracked	web/src/lib/screens/Shop.svelte	preserved	potential user-owned note/screenshot/project asset
/home/dracon/Dev/Junk-Runner-bevy	tracked	web/src/lib/screens/Station.svelte	preserved	potential user-owned note/screenshot/project asset
/home/dracon/Dev/Junk-Runner-bevy	tracked	web/src/lib/screens/StationHangar.svelte	preserved	potential user-owned note/screenshot/project asset
/home/dracon/Dev/Junk-Runner-bevy	tracked	web/src/lib/screens/TerminalDemo.svelte	preserved	potential user-owned note/screenshot/project asset
/home/dracon/Dev/Junk-Runner-bevy	tracked	web/src/lib/screens/Trade.svelte	preserved	potential user-owned note/screenshot/project asset
/home/dracon/Dev/Junk-Runner-bevy	tracked	web/src/lib/screens/Tutorial.svelte	preserved	potential user-owned note/screenshot/project asset
/home/dracon/Dev/Junk-Runner-bevy	tracked	web/src/lib/screens/_shared/BuyRow.svelte	preserved	potential user-owned note/screenshot/project asset
/home/dracon/Dev/Junk-Runner-bevy	tracked	web/src/lib/screens/_shared/FeedbackOverlay.svelte	preserved	potential user-owned note/screenshot/project asset
/home/dracon/Dev/Junk-Runner-bevy	tracked	web/src/lib/screens/_shared/InvRow.svelte	preserved	potential user-owned note/screenshot/project asset
/home/dracon/Dev/Junk-Runner-bevy	tracked	web/src/lib/screens/_shared/MapHud.svelte	preserved	potential user-owned note/screenshot/project asset
/home/dracon/Dev/Junk-Runner-bevy	tracked	web/src/lib/screens/_shared/ShopRow.svelte	preserved	potential user-owned note/screenshot/project asset
/home/dracon/Dev/Junk-Runner-bevy	tracked	web/src/lib/screens/_shared/SplashScreen.svelte	preserved	potential user-owned note/screenshot/project asset
/home/dracon/Dev/Junk-Runner-bevy	tracked	web/src/lib/screens/_shared/TradeRow.svelte	preserved	potential user-owned note/screenshot/project asset
/home/dracon/Dev/Junk-Runner-bevy	tracked	web/src/lib/stores/screenTransition.ts	preserved	potential user-owned note/screenshot/project asset
/home/dracon/Dev/Junk-Runner-bevy	tracked	web/test-results/tests-e2e-audit-Functional-a3278-igates-to-all-major-screens/error-context.md	preserved	potential user-owned note/screenshot/project asset
/home/dracon/Dev/Junk-Runner-bevy	tracked	web/test-results/tests-e2e-audit-Visual-Aud-d8b08-enshots-TerminalDemo-screen/error-context.md	preserved	potential user-owned note/screenshot/project asset
/home/dracon/Dev/Junk-Runner-bevy	tracked	"web/test-results/tests-e2e-audit-Visual-Audit-\342\200\224-Screenshots-Bar-screen/error-context.md"	preserved	potential user-owned note/screenshot/project asset
/home/dracon/Dev/Junk-Runner-bevy	tracked	"web/test-results/tests-e2e-audit-Visual-Audit-\342\200\224-Screenshots-Cockpit-screen/error-context.md"	preserved	potential user-owned note/screenshot/project asset
/home/dracon/Dev/Junk-Runner-bevy	tracked	"web/test-results/tests-e2e-audit-Visual-Audit-\342\200\224-Screenshots-Combat-screen/error-context.md"	preserved	potential user-owned note/screenshot/project asset
/home/dracon/Dev/Junk-Runner-bevy	tracked	"web/test-results/tests-e2e-audit-Visual-Audit-\342\200\224-Screenshots-Crew-screen/error-context.md"	preserved	potential user-owned note/screenshot/project asset
/home/dracon/Dev/Junk-Runner-bevy	tracked	"web/test-results/tests-e2e-audit-Visual-Audit-\342\200\224-Screenshots-GameOver-screen/error-context.md"	preserved	potential user-owned note/screenshot/project asset
/home/dracon/Dev/Junk-Runner-bevy	tracked	"web/test-results/tests-e2e-audit-Visual-Audit-\342\200\224-Screenshots-Inventory-screen/error-context.md"	preserved	potential user-owned note/screenshot/project asset
/home/dracon/Dev/Junk-Runner-bevy	tracked	"web/test-results/tests-e2e-audit-Visual-Audit-\342\200\224-Screenshots-Map-screen/error-context.md"	preserved	potential user-owned note/screenshot/project asset
/home/dracon/Dev/Junk-Runner-bevy	tracked	"web/test-results/tests-e2e-audit-Visual-Audit-\342\200\224-Screenshots-Menu-screen/error-context.md"	preserved	potential user-owned note/screenshot/project asset
/home/dracon/Dev/Junk-Runner-bevy	tracked	"web/test-results/tests-e2e-audit-Visual-Audit-\342\200\224-Screenshots-Settings-screen/error-context.md"	preserved	potential user-owned note/screenshot/project asset
/home/dracon/Dev/Junk-Runner-bevy	tracked	"web/test-results/tests-e2e-audit-Visual-Audit-\342\200\224-Screenshots-Ship-screen/error-context.md"	preserved	potential user-owned note/screenshot/project asset
/home/dracon/Dev/Junk-Runner-bevy	tracked	"web/test-results/tests-e2e-audit-Visual-Audit-\342\200\224-Screenshots-Shop-screen/error-context.md"	preserved	potential user-owned note/screenshot/project asset
/home/dracon/Dev/Junk-Runner-bevy	tracked	"web/test-results/tests-e2e-audit-Visual-Audit-\342\200\224-Screenshots-Station-screen/error-context.md"	preserved	potential user-owned note/screenshot/project asset
/home/dracon/Dev/Junk-Runner-bevy	tracked	"web/test-results/tests-e2e-audit-Visual-Audit-\342\200\224-Screenshots-Trade-screen/error-context.md"	preserved	potential user-owned note/screenshot/project asset
/home/dracon/Dev/Junk-Runner-bevy	tracked	"web/test-results/tests-e2e-audit-Visual-Audit-\342\200\224-Screenshots-Tutorial-screen/error-context.md"	preserved	potential user-owned note/screenshot/project asset
/home/dracon/Dev/Junk-Runner-bevy	tracked	web/test-results/tests-e2e-full-game-Junk-R-09a4a-e-Flow-trade-screen-renders/error-context.md	preserved	potential user-owned note/screenshot/project asset
/home/dracon/Dev/Junk-Runner-bevy	tracked	web/test-results/tests-e2e-full-game-Junk-R-63ae7-ame-Flow-map-screen-renders/error-context.md	preserved	potential user-owned note/screenshot/project asset
/home/dracon/Dev/Junk-Runner-bevy	tracked	web/test-results/tests-e2e-full-game-Junk-R-71781-me-Flow-ship-screen-renders/error-context.md	preserved	potential user-owned note/screenshot/project asset
/home/dracon/Dev/Junk-Runner-bevy	tracked	web/test-results/tests-e2e-full-game-Junk-R-bf339-me-Flow-crew-screen-renders/error-context.md	preserved	potential user-owned note/screenshot/project asset
/home/dracon/Dev/Junk-Runner-bevy	tracked	web/test-results/tests-e2e-full-game-Junk-R-e3ecd-low-settings-screen-renders/error-context.md	preserved	potential user-owned note/screenshot/project asset
/home/dracon/Dev/Junk-Runner-bevy	tracked	web/tests/e2e/screenshots/01-menu.png	preserved	potential user-owned note/screenshot/project asset
/home/dracon/Dev/Junk-Runner-bevy	tracked	web/tests/e2e/screenshots/02-settings.png	preserved	potential user-owned note/screenshot/project asset
/home/dracon/Dev/Junk-Runner-bevy	tracked	web/tests/e2e/screenshots/03-tutorial.png	preserved	potential user-owned note/screenshot/project asset
/home/dracon/Dev/Junk-Runner-bevy	tracked	web/tests/e2e/screenshots/04-map.png	preserved	potential user-owned note/screenshot/project asset
/home/dracon/Dev/Junk-Runner-bevy	tracked	web/tests/e2e/screenshots/05-cockpit.png	preserved	potential user-owned note/screenshot/project asset
/home/dracon/Dev/Junk-Runner-bevy	tracked	web/tests/e2e/screenshots/06-combat.png	preserved	potential user-owned note/screenshot/project asset
/home/dracon/Dev/Junk-Runner-bevy	tracked	web/tests/e2e/screenshots/07-shop.png	preserved	potential user-owned note/screenshot/project asset
/home/dracon/Dev/Junk-Runner-bevy	tracked	web/tests/e2e/screenshots/08-station.png	preserved	potential user-owned note/screenshot/project asset
/home/dracon/Dev/Junk-Runner-bevy	tracked	web/tests/e2e/screenshots/09-inventory.png	preserved	potential user-owned note/screenshot/project asset
/home/dracon/Dev/Junk-Runner-bevy	tracked	web/tests/e2e/screenshots/10-gameover.png	preserved	potential user-owned note/screenshot/project asset
/home/dracon/Dev/Junk-Runner-bevy	tracked	web/tests/e2e/screenshots/11-terminal-demo.png	preserved	potential user-owned note/screenshot/project asset
/home/dracon/Dev/Junk-Runner-bevy	tracked	web/tests/e2e/screenshots/12-crew.png	preserved	potential user-owned note/screenshot/project asset
/home/dracon/Dev/Junk-Runner-bevy	tracked	web/tests/e2e/screenshots/13-ship.png	preserved	potential user-owned note/screenshot/project asset
/home/dracon/Dev/Junk-Runner-bevy	tracked	web/tests/e2e/screenshots/14-trade.png	preserved	potential user-owned note/screenshot/project asset
/home/dracon/Dev/Junk-Runner-bevy	tracked	web/tests/e2e/screenshots/15-bar.png	preserved	potential user-owned note/screenshot/project asset
/home/dracon/Dev/one-mil-girls	tracked	.pi/goals/active_goal_2026060910592708_mq6gx4dn-rvvo0n.md	blocked-by-pi-exclusion	.pi local task state must not be cleaned
/home/dracon/Dev/one-mil-girls	tracked	.pi/goals/archived/goal_2026060102125726_mpubu1zw-jtme09.md	blocked-by-pi-exclusion	.pi local task state must not be cleaned
/home/dracon/Dev/one-mil-girls	tracked	.pi/goals/archived/goal_2026060112335490_mpv4hrlh-03uro8.md	blocked-by-pi-exclusion	.pi local task state must not be cleaned
/home/dracon/Dev/one-mil-girls	tracked	.pi/goals/archived/goal_2026060122324907_mpvoy0q7-75gjal.md	blocked-by-pi-exclusion	.pi local task state must not be cleaned
/home/dracon/Dev/one-mil-girls	tracked	.pi/goals/archived/goal_2026060123250651_mpvqjnlz-l0jwn4.md	blocked-by-pi-exclusion	.pi local task state must not be cleaned
/home/dracon/Dev/one-mil-girls	tracked	.pi/goals/archived/goal_2026060218551692_mpwehgeq-gut0q9.md	blocked-by-pi-exclusion	.pi local task state must not be cleaned
/home/dracon/Dev/one-mil-girls	tracked	.pi/goals/archived/goal_2026060300270988_mpx8pa1p-oa2kz3.md	blocked-by-pi-exclusion	.pi local task state must not be cleaned
/home/dracon/Dev/one-mil-girls	tracked	.pi/goals/archived/goal_2026060301194609_mpxbbi39-qi9f26.md	blocked-by-pi-exclusion	.pi local task state must not be cleaned
/home/dracon/Dev/one-mil-girls	tracked	.pi/goals/archived/goal_2026060309504849_mpxcnxso-zgpnw7.md	blocked-by-pi-exclusion	.pi local task state must not be cleaned
/home/dracon/Dev/one-mil-girls	tracked	.pi/goals/archived/goal_2026060313371049_mpy1e7cv-urevlc.md	blocked-by-pi-exclusion	.pi local task state must not be cleaned
/home/dracon/Dev/one-mil-girls	tracked	.pi/goals/archived/goal_2026060318184883_mpyaiftl-mv1cfy.md	blocked-by-pi-exclusion	.pi local task state must not be cleaned
/home/dracon/Dev/one-mil-girls	tracked	.pi/goals/archived/goal_2026060321340496_mpyfl6oa-0vmvem.md	blocked-by-pi-exclusion	.pi local task state must not be cleaned
/home/dracon/Dev/one-mil-girls	tracked	.pi/goals/archived/goal_2026060322180898_mpykcg02-07mumt.md	blocked-by-pi-exclusion	.pi local task state must not be cleaned
/home/dracon/Dev/one-mil-girls	tracked	.pi/goals/archived/goal_2026060323450821_mpyn9npd-7tp0tk.md	blocked-by-pi-exclusion	.pi local task state must not be cleaned
/home/dracon/Dev/one-mil-girls	tracked	.pi/goals/archived/goal_2026060400451976_mpypmxi4-yqkk0d.md	blocked-by-pi-exclusion	.pi local task state must not be cleaned
/home/dracon/Dev/one-mil-girls	tracked	.pi/goals/archived/goal_2026060401511039_mpyrszb1-75m20i.md	blocked-by-pi-exclusion	.pi local task state must not be cleaned
/home/dracon/Dev/one-mil-girls	tracked	.pi/goals/archived/goal_2026060403010487_mpytx6o4-zf0u3n.md	blocked-by-pi-exclusion	.pi local task state must not be cleaned
/home/dracon/Dev/one-mil-girls	tracked	.pi/goals/archived/goal_2026060409493147_mpyv16wl-khnkxn.md	blocked-by-pi-exclusion	.pi local task state must not be cleaned
/home/dracon/Dev/one-mil-girls	tracked	.pi/goals/archived/goal_2026060416281309_mpzlhw16-x54qry.md	blocked-by-pi-exclusion	.pi local task state must not be cleaned
/home/dracon/Dev/one-mil-girls	tracked	.pi/goals/archived/goal_2026060502143200_mq070dr6-cbk0el.md	blocked-by-pi-exclusion	.pi local task state must not be cleaned
/home/dracon/Dev/one-mil-girls	tracked	.pi/goals/archived/goal_2026060502190014_mq08gepl-krsz62.md	blocked-by-pi-exclusion	.pi local task state must not be cleaned
/home/dracon/Dev/one-mil-girls	tracked	.pi/goals/archived/goal_2026060511015451_mq0q687m-ktaadm.md	blocked-by-pi-exclusion	.pi local task state must not be cleaned
/home/dracon/Dev/one-mil-girls	tracked	.pi/goals/archived/goal_2026060515302020_mq1003oq-9wq5us.md	blocked-by-pi-exclusion	.pi local task state must not be cleaned
/home/dracon/Dev/one-mil-girls	tracked	.pi/goals/archived/goal_2026060516344169_mq12ns2a-m6vl9i.md	blocked-by-pi-exclusion	.pi local task state must not be cleaned
/home/dracon/Dev/one-mil-girls	tracked	.pi/goals/archived/goal_2026060516502639_mq13ijel-ae4qof.md	blocked-by-pi-exclusion	.pi local task state must not be cleaned
/home/dracon/Dev/one-mil-girls	tracked	.pi/goals/archived/goal_2026060518043735_mq15zt7s-9ctz9x.md	blocked-by-pi-exclusion	.pi local task state must not be cleaned
/home/dracon/Dev/one-mil-girls	tracked	.pi/goals/archived/goal_2026060518323928_mq176dx6-e9nkwr.md	blocked-by-pi-exclusion	.pi local task state must not be cleaned
/home/dracon/Dev/one-mil-girls	tracked	.pi/goals/archived/goal_2026060522593615_mq1gqmeb-ong9px.md	blocked-by-pi-exclusion	.pi local task state must not be cleaned
/home/dracon/Dev/one-mil-girls	tracked	.pi/goals/archived/goal_2026060616312864_mq2e0r6k-pdyg8e.md	blocked-by-pi-exclusion	.pi local task state must not be cleaned
/home/dracon/Dev/one-mil-girls	tracked	.pi/goals/archived/goal_2026060821353125_mq5n1q7u-0mveun.md	blocked-by-pi-exclusion	.pi local task state must not be cleaned
/home/dracon/Dev/one-mil-girls	tracked	.pi/goals/archived/goal_2026060822090060_mq5p0774-kuyj8b.md	blocked-by-pi-exclusion	.pi local task state must not be cleaned
/home/dracon/Dev/one-mil-girls	tracked	.pi/goals/archived/goal_2026060902134214_mq5pylq1-qikpuf.md	blocked-by-pi-exclusion	.pi local task state must not be cleaned
/home/dracon/Dev/one-mil-girls	tracked	.pi/goals/archived/goal_2026060910415821_mq6f42an-ujd22c.md	blocked-by-pi-exclusion	.pi local task state must not be cleaned
/home/dracon/Dev/one-mil-girls	tracked	.pi/goals/goal_events.jsonl	blocked-by-pi-exclusion	.pi local task state must not be cleaned
/home/dracon/Dev/one-mil-girls	tracked	docs/audit/2026-06-11-full-audit-v2/script-audit.json	cleaned	generated audit artifact outside .pi
/home/dracon/Dev/one-mil-girls	tracked	docs/audit/2026-06-11-full-audit/day1/00-title.png	preserved	potential user-owned note/screenshot/project asset
/home/dracon/Dev/one-mil-girls	tracked	docs/audit/2026-06-11-full-audit/day1/01-day1-chapter-card.png	preserved	potential user-owned note/screenshot/project asset
/home/dracon/Dev/one-mil-girls	tracked	docs/audit/2026-06-11-full-audit/day1/02-pause-menu.png	preserved	potential user-owned note/screenshot/project asset
/home/dracon/Dev/one-mil-girls	tracked	docs/audit/2026-06-11-full-audit/day1/03-first-impression.png	preserved	potential user-owned note/screenshot/project asset
/home/dracon/Dev/one-mil-girls	tracked	docs/audit/2026-06-11-full-audit/day1/04-first-choice.png	preserved	potential user-owned note/screenshot/project asset
/home/dracon/Dev/one-mil-girls	tracked	docs/audit/2026-06-11-full-audit/day1/05-choice-confirmed.png	preserved	potential user-owned note/screenshot/project asset
/home/dracon/Dev/one-mil-girls	tracked	docs/audit/2026-06-11-full-audit/day5/00-day5-menu.png	preserved	potential user-owned note/screenshot/project asset
/home/dracon/Dev/one-mil-girls	tracked	docs/audit/2026-06-11-full-audit/day5/01-day5-save-screen.png	preserved	potential user-owned note/screenshot/project asset
/home/dracon/Dev/one-mil-girls	tracked	docs/audit/2026-06-11-full-audit/day5/02-day5-after-load.png	preserved	potential user-owned note/screenshot/project asset
/home/dracon/Dev/one-mil-girls	tracked	docs/audit/2026-06-11-full-audit/day5/choice-1.png	preserved	potential user-owned note/screenshot/project asset
/home/dracon/Dev/one-mil-girls	tracked	docs/audit/2026-06-11-full-audit/day5/choice-2.png	preserved	potential user-owned note/screenshot/project asset
/home/dracon/Dev/one-mil-girls	tracked	docs/audit/2026-06-11-full-audit/day5/choice-3.png	preserved	potential user-owned note/screenshot/project asset
/home/dracon/Dev/one-mil-girls	tracked	docs/audit/2026-06-11-full-audit/day5/choice-4.png	preserved	potential user-owned note/screenshot/project asset
/home/dracon/Dev/one-mil-girls	tracked	docs/audit/2026-06-11-full-audit/day5/choice-5.png	preserved	potential user-owned note/screenshot/project asset
/home/dracon/Dev/one-mil-girls	tracked	docs/audit/2026-06-11-full-audit/day5/choice-6.png	preserved	potential user-owned note/screenshot/project asset
/home/dracon/Dev/one-mil-girls	tracked	docs/audit/2026-06-11-full-audit/day5/step-40.png	preserved	potential user-owned note/screenshot/project asset
/home/dracon/Dev/one-mil-girls	tracked	docs/audit/2026-06-11-full-audit/dialogue-icon/01-dialogue.png	preserved	potential user-owned note/screenshot/project asset
/home/dracon/Dev/one-mil-girls	tracked	docs/audit/2026-06-11-full-audit/menu/00-title.png	preserved	potential user-owned note/screenshot/project asset
/home/dracon/Dev/one-mil-girls	tracked	docs/audit/2026-06-11-full-audit/menu/01-main-menu.png	preserved	potential user-owned note/screenshot/project asset
/home/dracon/Dev/one-mil-girls	tracked	docs/audit/2026-06-11-full-audit/menu/02-save-screen.png	preserved	potential user-owned note/screenshot/project asset
/home/dracon/Dev/one-mil-girls	tracked	docs/audit/2026-06-11-full-audit/menu/03-pause-menu.png	preserved	potential user-owned note/screenshot/project asset
/home/dracon/Dev/one-mil-girls	tracked	docs/audit/2026-06-11-full-audit/menu/04-settings.png	preserved	potential user-owned note/screenshot/project asset
/home/dracon/Dev/one-mil-girls	tracked	docs/audit/2026-06-11-weakest-parts/01-title.png	preserved	potential user-owned note/screenshot/project asset
/home/dracon/Dev/one-mil-girls	tracked	docs/audit/2026-06-11-weakest-parts/02-day1-chapter.png	preserved	potential user-owned note/screenshot/project asset
/home/dracon/Dev/one-mil-girls	tracked	docs/audit/2026-06-11-weakest-parts/03-day1-choice1.png	preserved	potential user-owned note/screenshot/project asset
/home/dracon/Dev/one-mil-girls	tracked	docs/audit/2026-06-11-weakest-parts/04-day1-invitation.png	preserved	potential user-owned note/screenshot/project asset
/home/dracon/Dev/one-mil-girls	tracked	docs/audit/2026-06-11-weakest-parts/05-day2-start.png	preserved	potential user-owned note/screenshot/project asset
/home/dracon/Dev/one-mil-girls	tracked	docs/audit/2026-06-11-weakest-parts/06-day2-choice.png	preserved	potential user-owned note/screenshot/project asset
/home/dracon/Dev/one-mil-girls	tracked	docs/audit/2026-06-11-weakest-parts/07-day3-start.png	preserved	potential user-owned note/screenshot/project asset
/home/dracon/Dev/one-mil-girls	tracked	docs/audit/2026-06-11-weakest-parts/08-day3-seat.png	preserved	potential user-owned note/screenshot/project asset
/home/dracon/Dev/one-mil-girls	tracked	docs/audit/2026-06-11-weakest-parts/09-day3-lunch.png	preserved	potential user-owned note/screenshot/project asset
/home/dracon/Dev/one-mil-girls	tracked	docs/audit/2026-06-11-weakest-parts/10-day3-gate.png	preserved	potential user-owned note/screenshot/project asset
/home/dracon/Dev/one-mil-girls	tracked	docs/audit/2026-06-11-weakest-parts/11-day3-side.png	preserved	potential user-owned note/screenshot/project asset
/home/dracon/Dev/one-mil-girls	tracked	docs/audit/2026-06-11-weakest-parts/12-day4-start.png	preserved	potential user-owned note/screenshot/project asset
/home/dracon/Dev/one-mil-girls	tracked	docs/audit/2026-06-11-weakest-parts/13-day4-confess.png	preserved	potential user-owned note/screenshot/project asset
/home/dracon/Dev/one-mil-girls	tracked	docs/audit/2026-06-11-weakest-parts/14-day4-feel.png	preserved	potential user-owned note/screenshot/project asset
/home/dracon/Dev/one-mil-girls	tracked	docs/audit/2026-06-11-weakest-parts/15-day5-start.png	preserved	potential user-owned note/screenshot/project asset
/home/dracon/Dev/one-mil-girls	tracked	docs/audit/2026-06-11-weakest-parts/16-day5-morning.png	preserved	potential user-owned note/screenshot/project asset
/home/dracon/Dev/one-mil-girls	tracked	docs/audit/2026-06-11-weakest-parts/17-day5-akane.png	preserved	potential user-owned note/screenshot/project asset
/home/dracon/Dev/one-mil-girls	tracked	docs/audit/2026-06-11-weakest-parts/18-day5-hikari.png	preserved	potential user-owned note/screenshot/project asset
/home/dracon/Dev/one-mil-girls	tracked	docs/audit/2026-06-11-weakest-parts/19-day5-yuki.png	preserved	potential user-owned note/screenshot/project asset
/home/dracon/Dev/one-mil-girls	tracked	docs/audit/2026-06-11-weakest-parts/20-day5-final.png	preserved	potential user-owned note/screenshot/project asset
/home/dracon/Dev/one-mil-girls	tracked	docs/audit/2026-06-11-weakest-parts/21-day5-ending.png	preserved	potential user-owned note/screenshot/project asset
/home/dracon/Dev/one-mil-girls	tracked	docs/audit/TODO.md	blocked-needs-approval	possibly obsolete doc/checklist; needs approval
/home/dracon/Dev/one-mil-girls	tracked	docs/audit/TODO_V3.md	blocked-needs-approval	possibly obsolete doc/checklist; needs approval
/home/dracon/Dev/one-mil-girls	tracked	docs/audit/TODO_V4.md	blocked-needs-approval	possibly obsolete doc/checklist; needs approval
/home/dracon/Dev/one-mil-girls	tracked	docs/audit/layout-smoke-day1-morning-final.png	preserved	potential user-owned note/screenshot/project asset
/home/dracon/Dev/one-mil-girls	tracked	docs/audit/layout-smoke-day1-morning.png	preserved	potential user-owned note/screenshot/project asset
/home/dracon/Dev/one-mil-girls	tracked	docs/audit/visual-qa/2026-06-10-post-inspiration-polish/00-title.png	preserved	potential user-owned note/screenshot/project asset
/home/dracon/Dev/one-mil-girls	tracked	docs/audit/visual-qa/2026-06-10-post-inspiration-polish/01-main-menu.png	preserved	potential user-owned note/screenshot/project asset
/home/dracon/Dev/one-mil-girls	tracked	docs/audit/visual-qa/2026-06-10-post-inspiration-polish/02-day1-chapter-card.png	preserved	potential user-owned note/screenshot/project asset
/home/dracon/Dev/one-mil-girls	tracked	docs/audit/visual-qa/2026-06-10-post-inspiration-polish/03-day1-zing-akane.png	preserved	potential user-owned note/screenshot/project asset
/home/dracon/Dev/one-mil-girls	tracked	docs/audit/visual-qa/2026-06-10-post-inspiration-polish/04-day1-diegetic-choice.png	preserved	potential user-owned note/screenshot/project asset
/home/dracon/Dev/one-mil-girls	tracked	docs/audit/visual-qa/2026-06-10-post-inspiration-polish/05-day2-chapter-card.png	preserved	potential user-owned note/screenshot/project asset
/home/dracon/Dev/one-mil-girls	tracked	docs/audit/visual-qa/2026-06-10-post-inspiration-polish/06-day2-zing-hikari.png	preserved	potential user-owned note/screenshot/project asset
/home/dracon/Dev/one-mil-girls	tracked	docs/audit/visual-qa/2026-06-10-post-inspiration-polish/07-day2-harem-plan.png	preserved	potential user-owned note/screenshot/project asset
/home/dracon/Dev/one-mil-girls	tracked	docs/audit/visual-qa/2026-06-10-post-inspiration-polish/08-day2-yuki-zing.png	preserved	potential user-owned note/screenshot/project asset
/home/dracon/Dev/one-mil-girls	tracked	docs/audit/visual-qa/2026-06-10-post-inspiration-polish/09-day3-chapter-card.png	preserved	potential user-owned note/screenshot/project asset
/home/dracon/Dev/one-mil-girls	tracked	docs/audit/visual-qa/2026-06-10-post-inspiration-polish/10-day3-route-lock-choice.png	preserved	potential user-owned note/screenshot/project asset
/home/dracon/Dev/one-mil-girls	tracked	docs/audit/visual-qa/2026-06-10-post-inspiration-polish/11-day5-chapter-card.png	preserved	potential user-owned note/screenshot/project asset
/home/dracon/Dev/one-mil-girls	tracked	docs/audit/visual-qa/2026-06-10-post-inspiration-polish/12-endings-gallery.png	preserved	potential user-owned note/screenshot/project asset
/home/dracon/Dev/one-mil-girls	tracked	docs/audit/visual-qa/2026-06-10-post-inspiration-polish/13-save-screen.png	preserved	potential user-owned note/screenshot/project asset
/home/dracon/Dev/one-mil-girls	tracked	docs/audit/visual-qa/2026-06-10-post-inspiration-polish/14-settings-screen.png	preserved	potential user-owned note/screenshot/project asset
/home/dracon/Dev/one-mil-girls	tracked	docs/audit/visual-qa/2026-06-10-post-inspiration-polish/15-achievements-toast.png	preserved	potential user-owned note/screenshot/project asset
/home/dracon/Dev/one-mil-girls	tracked	docs/audit/visual-qa/2026-06-10-post-inspiration-polish/NOTE.md	preserved	potential user-owned note/screenshot/project asset
/home/dracon/Dev/one-mil-girls	tracked	docs/audit/visual-qa/after-fixed-vn-v2.png	preserved	potential user-owned note/screenshot/project asset
/home/dracon/Dev/one-mil-girls	tracked	docs/audit/visual-qa/after-fixed-vn.png	preserved	potential user-owned note/screenshot/project asset
/home/dracon/Dev/one-mil-girls	tracked	docs/audit/visual-qa/after-fresh-title.png	preserved	potential user-owned note/screenshot/project asset
/home/dracon/Dev/one-mil-girls	tracked	docs/audit/visual-qa/after-fresh-vn-akane.png	preserved	potential user-owned note/screenshot/project asset
/home/dracon/Dev/one-mil-girls	tracked	docs/audit/visual-qa/after-fresh-vn-akane2.png	preserved	potential user-owned note/screenshot/project asset
/home/dracon/Dev/one-mil-girls	tracked	docs/audit/visual-qa/after-fresh-vn-cdp.png	preserved	potential user-owned note/screenshot/project asset
/home/dracon/Dev/one-mil-girls	tracked	docs/audit/visual-qa/after-fresh-vn.png	preserved	potential user-owned note/screenshot/project asset
/home/dracon/Dev/one-mil-girls	tracked	docs/audit/visual-qa/after/main-menu.png	preserved	potential user-owned note/screenshot/project asset
/home/dracon/Dev/one-mil-girls	tracked	docs/audit/visual-qa/after/title.png	preserved	potential user-owned note/screenshot/project asset
/home/dracon/Dev/one-mil-girls	tracked	docs/audit/visual-qa/after/vn-fresh-save.png	preserved	potential user-owned note/screenshot/project asset
/home/dracon/Dev/one-mil-girls	tracked	docs/audit/visual-qa/akane-crops-contact.png	preserved	potential user-owned note/screenshot/project asset
/home/dracon/Dev/one-mil-girls	tracked	docs/audit/visual-qa/before/main-menu.png	preserved	potential user-owned note/screenshot/project asset
/home/dracon/Dev/one-mil-girls	tracked	docs/audit/visual-qa/before/title.png	preserved	potential user-owned note/screenshot/project asset
/home/dracon/Dev/one-mil-girls	tracked	docs/audit/visual-qa/before/vn-fresh-save.png	preserved	potential user-owned note/screenshot/project asset
/home/dracon/Dev/one-mil-girls	tracked	docs/audit/visual-qa/build-title.png	preserved	potential user-owned note/screenshot/project asset
/home/dracon/Dev/one-mil-girls	tracked	docs/audit/visual-qa/convo-redesign-after/NOTE.md	preserved	potential user-owned note/screenshot/project asset
/home/dracon/Dev/one-mil-girls	tracked	docs/audit/visual-qa/convo-redesign-after/inspect/00-title.png	preserved	potential user-owned note/screenshot/project asset
/home/dracon/Dev/one-mil-girls	tracked	docs/audit/visual-qa/convo-redesign-after/inspect/01-opening-narration.png	preserved	potential user-owned note/screenshot/project asset
/home/dracon/Dev/one-mil-girls	tracked	docs/audit/visual-qa/convo-redesign-after/inspect/02-akane-flustered.png	preserved	potential user-owned note/screenshot/project asset
/home/dracon/Dev/one-mil-girls	tracked	docs/audit/visual-qa/convo-redesign-after/inspect/03-narration.png	preserved	potential user-owned note/screenshot/project asset
/home/dracon/Dev/one-mil-girls	tracked	docs/audit/visual-qa/convo-redesign-after/inspect/advance2.png	preserved	potential user-owned note/screenshot/project asset
/home/dracon/Dev/one-mil-girls	tracked	docs/audit/visual-qa/convo-redesign-after/inspect/advance3.png	preserved	potential user-owned note/screenshot/project asset
/home/dracon/Dev/one-mil-girls	tracked	docs/audit/visual-qa/convo-redesign-after/inspect/advance4.png	preserved	potential user-owned note/screenshot/project asset
/home/dracon/Dev/one-mil-girls	tracked	docs/audit/visual-qa/convo-redesign-after/inspect/inspect.json	cleaned	generated audit artifact outside .pi
/home/dracon/Dev/one-mil-girls	tracked	docs/audit/visual-qa/convo-redesign-after/title.png	preserved	potential user-owned note/screenshot/project asset
/home/dracon/Dev/one-mil-girls	tracked	docs/audit/visual-qa/convo-redesign-after/vn-done.png	preserved	potential user-owned note/screenshot/project asset
/home/dracon/Dev/one-mil-girls	tracked	docs/audit/visual-qa/convo-redesign-after/vn.png	preserved	potential user-owned note/screenshot/project asset
/home/dracon/Dev/one-mil-girls	tracked	docs/audit/visual-qa/convo-redesign-before/main-screen.png	preserved	potential user-owned note/screenshot/project asset
/home/dracon/Dev/one-mil-girls	tracked	docs/audit/visual-qa/convo-redesign-before/vn.png	preserved	potential user-owned note/screenshot/project asset
/home/dracon/Dev/one-mil-girls	tracked	docs/audit/visual-qa/crops/main-menu-center.png	preserved	potential user-owned note/screenshot/project asset
/home/dracon/Dev/one-mil-girls	tracked	docs/audit/visual-qa/crops/vn-contact.png	preserved	potential user-owned note/screenshot/project asset
/home/dracon/Dev/one-mil-girls	tracked	docs/audit/visual-qa/crops/vn-dialogue-portrait.png	preserved	potential user-owned note/screenshot/project asset
/home/dracon/Dev/one-mil-girls	tracked	docs/audit/visual-qa/crops/vn-floating-sprite.png	preserved	potential user-owned note/screenshot/project asset
/home/dracon/Dev/one-mil-girls	tracked	docs/audit/visual-qa/crops/vn-full-small.png	preserved	potential user-owned note/screenshot/project asset
/home/dracon/Dev/one-mil-girls	tracked	docs/audit/visual-qa/crops/vn-head-180-100.png	preserved	potential user-owned note/screenshot/project asset
/home/dracon/Dev/one-mil-girls	tracked	docs/audit/visual-qa/crops/vn-head-190-100.png	preserved	potential user-owned note/screenshot/project asset
/home/dracon/Dev/one-mil-girls	tracked	docs/audit/visual-qa/crops/vn-head-210-120.png	preserved	potential user-owned note/screenshot/project asset
/home/dracon/Dev/one-mil-girls	tracked	docs/audit/visual-qa/crops/vn-head-220-120.png	preserved	potential user-owned note/screenshot/project asset
/home/dracon/Dev/one-mil-girls	tracked	docs/audit/visual-qa/crops/vn-head-right-edge.png	preserved	potential user-owned note/screenshot/project asset
/home/dracon/Dev/one-mil-girls	tracked	docs/audit/visual-qa/crops/vn-top-left-head.png	preserved	potential user-owned note/screenshot/project asset
/home/dracon/Dev/one-mil-girls	tracked	docs/audit/visual-qa/crops/vn-topbar.png	preserved	potential user-owned note/screenshot/project asset
/home/dracon/Dev/one-mil-girls	tracked	docs/audit/visual-qa/effects-after/day1-morning-akane-face.png	preserved	potential user-owned note/screenshot/project asset
/home/dracon/Dev/one-mil-girls	tracked	docs/audit/visual-qa/effects-after/main-screen.png	preserved	potential user-owned note/screenshot/project asset
/home/dracon/Dev/one-mil-girls	tracked	docs/audit/visual-qa/effects-before/day1-morning-akane-face.png	preserved	potential user-owned note/screenshot/project asset
/home/dracon/Dev/one-mil-girls	tracked	docs/audit/visual-qa/effects-before/day1-morning-akane.png	preserved	potential user-owned note/screenshot/project asset
/home/dracon/Dev/one-mil-girls	tracked	docs/audit/visual-qa/effects-before/main-screen.png	preserved	potential user-owned note/screenshot/project asset
/home/dracon/Dev/one-mil-girls	tracked	docs/audit/visual-qa/pill-clip-after/NOTE.md	preserved	potential user-owned note/screenshot/project asset
/home/dracon/Dev/one-mil-girls	tracked	docs/audit/visual-qa/pill-clip-after/day1-akane-done.png	preserved	potential user-owned note/screenshot/project asset
/home/dracon/Dev/one-mil-girls	tracked	docs/audit/visual-qa/pill-clip-after/day1-akane.png	preserved	potential user-owned note/screenshot/project asset
/home/dracon/Dev/one-mil-girls	tracked	docs/audit/visual-qa/pill-clip-before/day1-akane.png	preserved	potential user-owned note/screenshot/project asset
/home/dracon/Dev/one-mil-girls	tracked	docs/audit/visual-qa/sfx-window-after/day1-akane.png	preserved	potential user-owned note/screenshot/project asset
/home/dracon/Dev/one-mil-girls	tracked	docs/audit/visual-qa/sfx-window-before/day1-akane.png	preserved	potential user-owned note/screenshot/project asset
/home/dracon/Dev/one-mil-girls	tracked	scripts/screenshot-cdp.mjs	preserved	potential user-owned note/screenshot/project asset
/home/dracon/Dev/one-mil-girls	tracked	scripts/screenshot-vn.mjs	preserved	potential user-owned note/screenshot/project asset
/home/dracon/Dev/one-mil-girls	tracked	src/lib/components/SaveScreen.svelte	preserved	potential user-owned note/screenshot/project asset
/home/dracon/Dev/one-mil-girls	tracked	src/lib/components/SettingsScreen.svelte	preserved	potential user-owned note/screenshot/project asset
/home/dracon/Dev/one-mil-girls	tracked	src/lib/components/TitleScreen.svelte	preserved	potential user-owned note/screenshot/project asset
/home/dracon/Dev/one-mil-girls	tracked	src/lib/components/VNScreen.svelte	preserved	potential user-owned note/screenshot/project asset
/home/dracon/Dev/one-mil-girls	tracked	static/audio/bgm/cafe.mp3	preserved	potential user-owned note/screenshot/project asset
/home/dracon/Dev/one-mil-girls	tracked	static/audio/bgm/evening.mp3	preserved	potential user-owned note/screenshot/project asset
/home/dracon/Dev/one-mil-girls	tracked	static/audio/bgm/mmx_final_ending.mp3	preserved	potential user-owned note/screenshot/project asset
/home/dracon/Dev/one-mil-girls	tracked	static/audio/bgm/mmx_home_morning.mp3	preserved	potential user-owned note/screenshot/project asset
/home/dracon/Dev/one-mil-girls	tracked	static/audio/bgm/morning.mp3	preserved	potential user-owned note/screenshot/project asset
/home/dracon/Dev/one-mil-girls	tracked	static/audio/bgm/park.mp3	preserved	potential user-owned note/screenshot/project asset
/home/dracon/Dev/one-mil-girls	tracked	static/audio/bgm/rooftop.mp3	preserved	potential user-owned note/screenshot/project asset
/home/dracon/Dev/one-mil-girls	tracked	static/audio/bgm/school.mp3	preserved	potential user-owned note/screenshot/project asset
/home/dracon/Dev/one-mil-girls	tracked	static/audio/bgm/street.mp3	preserved	potential user-owned note/screenshot/project asset
/home/dracon/Dev/one-mil-girls	tracked	static/audio/bgm/theme_akane.mp3	preserved	potential user-owned note/screenshot/project asset
/home/dracon/Dev/one-mil-girls	tracked	static/audio/bgm/theme_athena.mp3	preserved	potential user-owned note/screenshot/project asset
/home/dracon/Dev/one-mil-girls	tracked	static/audio/bgm/theme_carmilla.mp3	preserved	potential user-owned note/screenshot/project asset
/home/dracon/Dev/one-mil-girls	tracked	static/audio/bgm/theme_elara.mp3	preserved	potential user-owned note/screenshot/project asset
/home/dracon/Dev/one-mil-girls	tracked	static/audio/bgm/theme_hikari.mp3	preserved	potential user-owned note/screenshot/project asset
/home/dracon/Dev/one-mil-girls	tracked	static/audio/bgm/theme_luna.mp3	preserved	potential user-owned note/screenshot/project asset
/home/dracon/Dev/one-mil-girls	tracked	static/audio/bgm/theme_mei.mp3	preserved	potential user-owned note/screenshot/project asset
/home/dracon/Dev/one-mil-girls	tracked	static/audio/bgm/theme_mimi.mp3	preserved	potential user-owned note/screenshot/project asset
/home/dracon/Dev/one-mil-girls	tracked	static/audio/bgm/theme_mio.mp3	preserved	potential user-owned note/screenshot/project asset
/home/dracon/Dev/one-mil-girls	tracked	static/audio/bgm/theme_noa.mp3	preserved	potential user-owned note/screenshot/project asset
/home/dracon/Dev/one-mil-girls	tracked	static/audio/bgm/theme_rin.mp3	preserved	potential user-owned note/screenshot/project asset
/home/dracon/Dev/one-mil-girls	tracked	static/audio/bgm/theme_shiori.mp3	preserved	potential user-owned note/screenshot/project asset
/home/dracon/Dev/one-mil-girls	tracked	static/audio/bgm/theme_sora.mp3	preserved	potential user-owned note/screenshot/project asset
/home/dracon/Dev/one-mil-girls	tracked	static/audio/bgm/theme_vera.mp3	preserved	potential user-owned note/screenshot/project asset
/home/dracon/Dev/one-mil-girls	tracked	static/audio/bgm/theme_yuki.mp3	preserved	potential user-owned note/screenshot/project asset
/home/dracon/Dev/one-mil-girls	tracked	static/audio/bgm/theme_yuki_kunoichi.mp3	preserved	potential user-owned note/screenshot/project asset
/home/dracon/Dev/one-mil-girls	tracked	static/audio/bgm/theme_zara.mp3	preserved	potential user-owned note/screenshot/project asset
/home/dracon/Dev/one-mil-girls	tracked	static/audio/bgm/title.mp3	preserved	potential user-owned note/screenshot/project asset
/home/dracon/Dev/one-mil-girls	tracked	static/audio/sfx/chime/chime_click.mp3	preserved	potential user-owned note/screenshot/project asset
/home/dracon/Dev/one-mil-girls	tracked	static/audio/sfx/chime/chime_heart.mp3	preserved	potential user-owned note/screenshot/project asset
/home/dracon/Dev/one-mil-girls	tracked	static/audio/sfx/chime/chime_impact.mp3	preserved	potential user-owned note/screenshot/project asset
/home/dracon/Dev/one-mil-girls	tracked	static/audio/sfx/chime/chime_load.mp3	preserved	potential user-owned note/screenshot/project asset
/home/dracon/Dev/one-mil-girls	tracked	static/audio/sfx/chime/chime_page.mp3	preserved	potential user-owned note/screenshot/project asset
/home/dracon/Dev/one-mil-girls	tracked	static/audio/sfx/chime/chime_save.mp3	preserved	potential user-owned note/screenshot/project asset
/home/dracon/Dev/one-mil-girls	tracked	static/audio/sfx/chime/chime_sparkle.mp3	preserved	potential user-owned note/screenshot/project asset
/home/dracon/Dev/one-mil-girls	tracked	static/audio/sfx/chime/chime_whoosh.mp3	preserved	potential user-owned note/screenshot/project asset
/home/dracon/Dev/one-mil-girls	tracked	static/audio/sfx/emotion_angry.mp3	preserved	potential user-owned note/screenshot/project asset
/home/dracon/Dev/one-mil-girls	tracked	static/audio/sfx/emotion_flustered.mp3	preserved	potential user-owned note/screenshot/project asset
/home/dracon/Dev/one-mil-girls	tracked	static/audio/sfx/emotion_happy.mp3	preserved	potential user-owned note/screenshot/project asset
/home/dracon/Dev/one-mil-girls	tracked	static/audio/sfx/emotion_sad.mp3	preserved	potential user-owned note/screenshot/project asset
/home/dracon/Dev/one-mil-girls	tracked	static/audio/sfx/emotion_surprised.mp3	preserved	potential user-owned note/screenshot/project asset
/home/dracon/Dev/one-mil-girls	tracked	static/audio/sfx/heart_new.mp3	preserved	potential user-owned note/screenshot/project asset
/home/dracon/Dev/one-mil-girls	tracked	static/audio/sfx/load.mp3	preserved	potential user-owned note/screenshot/project asset
/home/dracon/Dev/one-mil-girls	tracked	static/audio/sfx/mmx_zing_sparkle.mp3	preserved	potential user-owned note/screenshot/project asset
/home/dracon/Dev/one-mil-girls	tracked	static/audio/sfx/page.mp3	preserved	potential user-owned note/screenshot/project asset
/home/dracon/Dev/one-mil-girls	tracked	static/audio/sfx/reaction_ara.mp3	preserved	potential user-owned note/screenshot/project asset
/home/dracon/Dev/one-mil-girls	tracked	static/audio/sfx/reaction_aww.mp3	preserved	potential user-owned note/screenshot/project asset
/home/dracon/Dev/one-mil-girls	tracked	static/audio/sfx/reaction_gasp.mp3	preserved	potential user-owned note/screenshot/project asset
/home/dracon/Dev/one-mil-girls	tracked	static/audio/sfx/reaction_giggle.mp3	preserved	potential user-owned note/screenshot/project asset
/home/dracon/Dev/one-mil-girls	tracked	static/audio/sfx/reaction_hmph.mp3	preserved	potential user-owned note/screenshot/project asset
/home/dracon/Dev/one-mil-girls	tracked	static/audio/sfx/reaction_mou.mp3	preserved	potential user-owned note/screenshot/project asset
/home/dracon/Dev/one-mil-girls	tracked	static/audio/sfx/reaction_nani.mp3	preserved	potential user-owned note/screenshot/project asset
/home/dracon/Dev/one-mil-girls	tracked	static/audio/sfx/reaction_oh.mp3	preserved	potential user-owned note/screenshot/project asset
/home/dracon/Dev/one-mil-girls	tracked	static/audio/sfx/reaction_sigh.mp3	preserved	potential user-owned note/screenshot/project asset
/home/dracon/Dev/one-mil-girls	tracked	static/audio/sfx/reaction_snrk.mp3	preserved	potential user-owned note/screenshot/project asset
/home/dracon/Dev/one-mil-girls	tracked	static/audio/sfx/reaction_softlaugh.mp3	preserved	potential user-owned note/screenshot/project asset
/home/dracon/Dev/one-mil-girls	tracked	static/audio/sfx/reaction_sugoi.mp3	preserved	potential user-owned note/screenshot/project asset
/home/dracon/Dev/one-mil-girls	tracked	static/audio/sfx/reaction_surprise.mp3	preserved	potential user-owned note/screenshot/project asset
/home/dracon/Dev/one-mil-girls	tracked	static/audio/sfx/reaction_yare.mp3	preserved	potential user-owned note/screenshot/project asset
/home/dracon/Dev/one-mil-girls	tracked	static/audio/sfx/reaction_yoshi.mp3	preserved	potential user-owned note/screenshot/project asset
/home/dracon/Dev/one-mil-girls	tracked	static/audio/sfx/rumble.mp3	preserved	potential user-owned note/screenshot/project asset
/home/dracon/Dev/one-mil-girls	tracked	static/audio/sfx/save.mp3	preserved	potential user-owned note/screenshot/project asset
/home/dracon/Dev/one-mil-girls	tracked	static/audio/sfx/select_new.mp3	preserved	potential user-owned note/screenshot/project asset
/home/dracon/Dev/one-mil-girls	tracked	static/audio/sfx/sparkle.mp3	preserved	potential user-owned note/screenshot/project asset
/home/dracon/Dev/one-mil-girls	tracked	static/audio/sfx/whoosh.mp3	preserved	potential user-owned note/screenshot/project asset
/home/dracon/Dev/one-mil-girls	tracked	static/audio/voices/akane/catchphrase.mp3	preserved	potential user-owned note/screenshot/project asset
/home/dracon/Dev/one-mil-girls	tracked	static/audio/voices/akane/confession_day5.mp3	preserved	potential user-owned note/screenshot/project asset
/home/dracon/Dev/one-mil-girls	tracked	static/audio/voices/akane/flustered.mp3	preserved	potential user-owned note/screenshot/project asset
/home/dracon/Dev/one-mil-girls	tracked	static/audio/voices/akane/happy.mp3	preserved	potential user-owned note/screenshot/project asset
/home/dracon/Dev/one-mil-girls	tracked	static/audio/voices/akane/sad.mp3	preserved	potential user-owned note/screenshot/project asset
/home/dracon/Dev/one-mil-girls	tracked	static/audio/voices/akane/surprised.mp3	preserved	potential user-owned note/screenshot/project asset
/home/dracon/Dev/one-mil-girls	tracked	static/audio/voices/hikari/catchphrase.mp3	preserved	potential user-owned note/screenshot/project asset
/home/dracon/Dev/one-mil-girls	tracked	static/audio/voices/hikari/confession_day5.mp3	preserved	potential user-owned note/screenshot/project asset
/home/dracon/Dev/one-mil-girls	tracked	static/audio/voices/hikari/flustered.mp3	preserved	potential user-owned note/screenshot/project asset
/home/dracon/Dev/one-mil-girls	tracked	static/audio/voices/hikari/happy.mp3	preserved	potential user-owned note/screenshot/project asset
/home/dracon/Dev/one-mil-girls	tracked	static/audio/voices/hikari/sad.mp3	preserved	potential user-owned note/screenshot/project asset
/home/dracon/Dev/one-mil-girls	tracked	static/audio/voices/hikari/surprised.mp3	preserved	potential user-owned note/screenshot/project asset
/home/dracon/Dev/one-mil-girls	tracked	static/audio/voices/mei/catchphrase.mp3	preserved	potential user-owned note/screenshot/project asset
/home/dracon/Dev/one-mil-girls	tracked	static/audio/voices/mei/flustered.mp3	preserved	potential user-owned note/screenshot/project asset
/home/dracon/Dev/one-mil-girls	tracked	static/audio/voices/mei/happy.mp3	preserved	potential user-owned note/screenshot/project asset
/home/dracon/Dev/one-mil-girls	tracked	static/audio/voices/mei/sad.mp3	preserved	potential user-owned note/screenshot/project asset
/home/dracon/Dev/one-mil-girls	tracked	static/audio/voices/mei/surprised.mp3	preserved	potential user-owned note/screenshot/project asset
/home/dracon/Dev/one-mil-girls	tracked	static/audio/voices/sora/catchphrase.mp3	preserved	potential user-owned note/screenshot/project asset
/home/dracon/Dev/one-mil-girls	tracked	static/audio/voices/sora/flustered.mp3	preserved	potential user-owned note/screenshot/project asset
/home/dracon/Dev/one-mil-girls	tracked	static/audio/voices/sora/happy.mp3	preserved	potential user-owned note/screenshot/project asset
/home/dracon/Dev/one-mil-girls	tracked	static/audio/voices/sora/sad.mp3	preserved	potential user-owned note/screenshot/project asset
/home/dracon/Dev/one-mil-girls	tracked	static/audio/voices/sora/surprised.mp3	preserved	potential user-owned note/screenshot/project asset
/home/dracon/Dev/one-mil-girls	tracked	static/audio/voices/yuki/catchphrase.mp3	preserved	potential user-owned note/screenshot/project asset
/home/dracon/Dev/one-mil-girls	tracked	static/audio/voices/yuki/confession_day5.mp3	preserved	potential user-owned note/screenshot/project asset
/home/dracon/Dev/one-mil-girls	tracked	static/audio/voices/yuki/flustered.mp3	preserved	potential user-owned note/screenshot/project asset
/home/dracon/Dev/one-mil-girls	tracked	static/audio/voices/yuki/happy.mp3	preserved	potential user-owned note/screenshot/project asset
/home/dracon/Dev/one-mil-girls	tracked	static/audio/voices/yuki/sad.mp3	preserved	potential user-owned note/screenshot/project asset
/home/dracon/Dev/one-mil-girls	tracked	static/audio/voices/yuki/surprised.mp3	preserved	potential user-owned note/screenshot/project asset
/home/dracon/Dev/one-mil-girls	tracked	static/favicon.png	preserved	potential user-owned note/screenshot/project asset
/home/dracon/Dev/one-mil-girls	tracked	static/images/akane.png	preserved	potential user-owned note/screenshot/project asset
/home/dracon/Dev/one-mil-girls	tracked	static/images/athena.png	preserved	potential user-owned note/screenshot/project asset
/home/dracon/Dev/one-mil-girls	tracked	static/images/bg_classroom.png	preserved	potential user-owned note/screenshot/project asset
/home/dracon/Dev/one-mil-girls	tracked	static/images/bg_home_evening.png	preserved	potential user-owned note/screenshot/project asset
/home/dracon/Dev/one-mil-girls	tracked	static/images/bg_home_morning_mmx.jpg	preserved	potential user-owned note/screenshot/project asset
/home/dracon/Dev/one-mil-girls	tracked	static/images/bg_library_warm.png	preserved	potential user-owned note/screenshot/project asset
/home/dracon/Dev/one-mil-girls	tracked	static/images/bg_park.png	preserved	potential user-owned note/screenshot/project asset
/home/dracon/Dev/one-mil-girls	tracked	static/images/bg_rooftop_sunset.png	preserved	potential user-owned note/screenshot/project asset
/home/dracon/Dev/one-mil-girls	tracked	static/images/bg_school.png	preserved	potential user-owned note/screenshot/project asset
/home/dracon/Dev/one-mil-girls	tracked	static/images/bg_street.png	preserved	potential user-owned note/screenshot/project asset
/home/dracon/Dev/one-mil-girls	tracked	static/images/bg_title_rooftop.png	preserved	potential user-owned note/screenshot/project asset
/home/dracon/Dev/one-mil-girls	tracked	static/images/carmilla.png	preserved	potential user-owned note/screenshot/project asset
/home/dracon/Dev/one-mil-girls	tracked	static/images/cocoa.png	preserved	potential user-owned note/screenshot/project asset
/home/dracon/Dev/one-mil-girls	tracked	static/images/decor_sakura_pattern.png	preserved	potential user-owned note/screenshot/project asset
/home/dracon/Dev/one-mil-girls	tracked	static/images/elara.png	preserved	potential user-owned note/screenshot/project asset
/home/dracon/Dev/one-mil-girls	tracked	static/images/group.png	preserved	potential user-owned note/screenshot/project asset
/home/dracon/Dev/one-mil-girls	tracked	static/images/hana.png	preserved	potential user-owned note/screenshot/project asset
/home/dracon/Dev/one-mil-girls	tracked	static/images/hikari.png	preserved	potential user-owned note/screenshot/project asset
/home/dracon/Dev/one-mil-girls	tracked	static/images/iris.png	preserved	potential user-owned note/screenshot/project asset
/home/dracon/Dev/one-mil-girls	tracked	static/images/luna.png	preserved	potential user-owned note/screenshot/project asset
/home/dracon/Dev/one-mil-girls	tracked	static/images/mei.png	preserved	potential user-owned note/screenshot/project asset
/home/dracon/Dev/one-mil-girls	tracked	static/images/mimi.png	preserved	potential user-owned note/screenshot/project asset
/home/dracon/Dev/one-mil-girls	tracked	static/images/mio.png	preserved	potential user-owned note/screenshot/project asset
/home/dracon/Dev/one-mil-girls	tracked	static/images/noa.png	preserved	potential user-owned note/screenshot/project asset
/home/dracon/Dev/one-mil-girls	tracked	static/images/rei.png	preserved	potential user-owned note/screenshot/project asset
/home/dracon/Dev/one-mil-girls	tracked	static/images/rin.png	preserved	potential user-owned note/screenshot/project asset
/home/dracon/Dev/one-mil-girls	tracked	static/images/shiori.png	preserved	potential user-owned note/screenshot/project asset
/home/dracon/Dev/one-mil-girls	tracked	static/images/sora.png	preserved	potential user-owned note/screenshot/project asset
/home/dracon/Dev/one-mil-girls	tracked	static/images/vera.png	preserved	potential user-owned note/screenshot/project asset
/home/dracon/Dev/one-mil-girls	tracked	static/images/yuki.png	preserved	potential user-owned note/screenshot/project asset
/home/dracon/Dev/one-mil-girls	tracked	static/images/yuki_kunoichi.png	preserved	potential user-owned note/screenshot/project asset
/home/dracon/Dev/one-mil-girls	tracked	static/images/zara.png	preserved	potential user-owned note/screenshot/project asset
/home/dracon/Dev/one-mil-girls	tracked	static/video/akane_confession_day5.mp4	preserved	potential user-owned note/screenshot/project asset
/home/dracon/Dev/one-mil-girls	tracked	static/video/akane_confession_voiced.mp4	preserved	potential user-owned note/screenshot/project asset
/home/dracon/Dev/one-mil-girls	tracked	static/video/hikari_confession_day5.mp4	preserved	potential user-owned note/screenshot/project asset
/home/dracon/Dev/one-mil-girls	tracked	static/video/hikari_confession_voiced.mp4	preserved	potential user-owned note/screenshot/project asset
/home/dracon/Dev/one-mil-girls	tracked	static/video/yuki_confession_day5.mp4	preserved	potential user-owned note/screenshot/project asset
/home/dracon/Dev/one-mil-girls	tracked	static/video/yuki_confession_voiced.mp4	preserved	potential user-owned note/screenshot/project asset
/home/dracon/Dev/dracon-utilities	tracked	.demon/data/keys/owner_age1wz5p.pub	cleaned	non-.pi local state directory/file
/home/dracon/Dev/dracon-utilities	tracked	.dracon/secret-audit-report.md	blocked-needs-approval	secret-like file requires rotation/approval before removal
/home/dracon/Dev/dracon-utilities	tracked	.pi/goals/archived/goal_2026060101425228_mpu5x2p8-gf5g0x.md	blocked-by-pi-exclusion	.pi local task state must not be cleaned
/home/dracon/Dev/dracon-utilities	tracked	.pi/goals/archived/goal_2026060112391305_mpuhonml-iu4vyd.md	blocked-by-pi-exclusion	.pi local task state must not be cleaned
/home/dracon/Dev/dracon-utilities	tracked	.pi/goals/archived/goal_2026060113214557_mpv55vx0-ly82en.md	blocked-by-pi-exclusion	.pi local task state must not be cleaned
/home/dracon/Dev/dracon-utilities	tracked	.pi/goals/archived/goal_2026060114444080_mpv8t5tf-4kja1i.md	blocked-by-pi-exclusion	.pi local task state must not be cleaned
/home/dracon/Dev/dracon-utilities	tracked	.pi/goals/archived/goal_2026060116410767_mpvafvt3-jx5ana.md	blocked-by-pi-exclusion	.pi local task state must not be cleaned
/home/dracon/Dev/dracon-utilities	tracked	.pi/goals/archived/goal_2026060121193403_mpvig51v-x013jf.md	blocked-by-pi-exclusion	.pi local task state must not be cleaned
/home/dracon/Dev/dracon-utilities	tracked	.pi/goals/archived/goal_2026060122023334_mpvoneju-0uop48.md	blocked-by-pi-exclusion	.pi local task state must not be cleaned
/home/dracon/Dev/dracon-utilities	tracked	.pi/goals/archived/goal_2026060122151934_mpvpc8ei-vrkajj.md	blocked-by-pi-exclusion	.pi local task state must not be cleaned
/home/dracon/Dev/dracon-utilities	tracked	.pi/goals/archived/goal_2026060209443449_mpvqvqvt-fd69qi.md	blocked-by-pi-exclusion	.pi local task state must not be cleaned
/home/dracon/Dev/dracon-utilities	tracked	.pi/goals/archived/goal_2026060218063528_mpwfahka-hkwnhs.md	blocked-by-pi-exclusion	.pi local task state must not be cleaned
/home/dracon/Dev/dracon-utilities	tracked	.pi/goals/archived/goal_2026060219370499_mpwyshhd-2vk8wv.md	blocked-by-pi-exclusion	.pi local task state must not be cleaned
/home/dracon/Dev/dracon-utilities	tracked	.pi/goals/archived/goal_2026060223221038_mpx3wkt5-62qa1v.md	blocked-by-pi-exclusion	.pi local task state must not be cleaned
/home/dracon/Dev/dracon-utilities	tracked	.pi/goals/archived/goal_2026060315315191_mpxbr7dd-ykvkdu.md	blocked-by-pi-exclusion	.pi local task state must not be cleaned
/home/dracon/Dev/dracon-utilities	tracked	.pi/goals/archived/goal_2026060318031749_mpya37wi-1zimyq.md	blocked-by-pi-exclusion	.pi local task state must not be cleaned
/home/dracon/Dev/dracon-utilities	tracked	.pi/goals/archived/goal_2026060319004594_mpyd8tlh-e56ujq.md	blocked-by-pi-exclusion	.pi local task state must not be cleaned
/home/dracon/Dev/dracon-utilities	tracked	.pi/goals/archived/goal_2026060320212474_mpyffcej-widq4g.md	blocked-by-pi-exclusion	.pi local task state must not be cleaned
/home/dracon/Dev/dracon-utilities	tracked	.pi/goals/archived/goal_2026060402152750_mpyj43v1-sb8jz4.md	blocked-by-pi-exclusion	.pi local task state must not be cleaned
/home/dracon/Dev/dracon-utilities	tracked	.pi/goals/archived/goal_2026060403135864_mpyub75b-fkc8zw.md	blocked-by-pi-exclusion	.pi local task state must not be cleaned
/home/dracon/Dev/dracon-utilities	tracked	.pi/goals/archived/goal_2026060414231413_mpz8uvvu-aa63e7.md	blocked-by-pi-exclusion	.pi local task state must not be cleaned
/home/dracon/Dev/dracon-utilities	tracked	.pi/goals/archived/goal_2026060416453122_mpzmo3p6-igmry2.md	blocked-by-pi-exclusion	.pi local task state must not be cleaned
/home/dracon/Dev/dracon-utilities	tracked	.pi/goals/archived/goal_2026060417030010_mpzocpxl-v7sl8c.md	blocked-by-pi-exclusion	.pi local task state must not be cleaned
/home/dracon/Dev/dracon-utilities	tracked	.pi/goals/archived/goal_2026060419192418_mpzsvrh0-yjeamn.md	blocked-by-pi-exclusion	.pi local task state must not be cleaned
/home/dracon/Dev/dracon-utilities	tracked	.pi/goals/archived/goal_2026060419235041_mpzsvrh0-yjeamn.md	blocked-by-pi-exclusion	.pi local task state must not be cleaned
/home/dracon/Dev/dracon-utilities	tracked	.pi/goals/archived/goal_2026060419420400_mpzu8m73-uwgob3.md	blocked-by-pi-exclusion	.pi local task state must not be cleaned
/home/dracon/Dev/dracon-utilities	tracked	.pi/goals/archived/goal_2026060420244881_mpzus9e3-dddb8g.md	blocked-by-pi-exclusion	.pi local task state must not be cleaned
/home/dracon/Dev/dracon-utilities	tracked	.pi/goals/archived/goal_2026060421394420_mpzy2jfu-q959eb.md	blocked-by-pi-exclusion	.pi local task state must not be cleaned
/home/dracon/Dev/dracon-utilities	tracked	.pi/goals/archived/goal_2026060422584010_mq01a4dh-zrtry6.md	blocked-by-pi-exclusion	.pi local task state must not be cleaned
/home/dracon/Dev/dracon-utilities	tracked	.pi/goals/archived/goal_2026060423242172_mq023m59-f0t6tw.md	blocked-by-pi-exclusion	.pi local task state must not be cleaned
/home/dracon/Dev/dracon-utilities	tracked	.pi/goals/archived/goal_2026060511214440_mq0pvqhu-uqok7l.md	blocked-by-pi-exclusion	.pi local task state must not be cleaned
/home/dracon/Dev/dracon-utilities	tracked	.pi/goals/archived/goal_2026060516174790_mq127fpq-ajghlm.md	blocked-by-pi-exclusion	.pi local task state must not be cleaned
/home/dracon/Dev/dracon-utilities	tracked	.pi/goals/archived/goal_2026060518254842_mq13a66t-11tg22.md	blocked-by-pi-exclusion	.pi local task state must not be cleaned
/home/dracon/Dev/dracon-utilities	tracked	.pi/goals/archived/goal_2026060519072990_mq18gkeb-e6tefp.md	blocked-by-pi-exclusion	.pi local task state must not be cleaned
/home/dracon/Dev/dracon-utilities	tracked	.pi/goals/archived/goal_2026060520354019_mq1acyku-2sxf1i.md	blocked-by-pi-exclusion	.pi local task state must not be cleaned
/home/dracon/Dev/dracon-utilities	tracked	.pi/goals/archived/goal_2026060601095280_mq1krsgc-wjnshs.md	blocked-by-pi-exclusion	.pi local task state must not be cleaned
/home/dracon/Dev/dracon-utilities	tracked	.pi/goals/archived/goal_2026060612502634_mq2a752j-vuj9w5.md	blocked-by-pi-exclusion	.pi local task state must not be cleaned
/home/dracon/Dev/dracon-utilities	tracked	.pi/goals/archived/goal_2026060616351530_mq2dvzvq-fx3mua.md	blocked-by-pi-exclusion	.pi local task state must not be cleaned
/home/dracon/Dev/dracon-utilities	tracked	.pi/goals/archived/goal_2026060723192686_mq4bvu8y-eq8gnn.md	blocked-by-pi-exclusion	.pi local task state must not be cleaned
/home/dracon/Dev/dracon-utilities	tracked	.pi/goals/archived/goal_2026060822150975_mq5noame-g3yfxg.md	blocked-by-pi-exclusion	.pi local task state must not be cleaned
/home/dracon/Dev/dracon-utilities	tracked	.pi/goals/archived/goal_2026060823450664_mq5q0ws4-krdztf.md	blocked-by-pi-exclusion	.pi local task state must not be cleaned
/home/dracon/Dev/dracon-utilities	tracked	.pi/goals/archived/goal_2026060910051127_mq4gady8-2jker2.md	blocked-by-pi-exclusion	.pi local task state must not be cleaned
/home/dracon/Dev/dracon-utilities	tracked	.pi/goals/archived/goal_2026060912501271_mq6fkxxs-ig5gcc.md	blocked-by-pi-exclusion	.pi local task state must not be cleaned
/home/dracon/Dev/dracon-utilities	tracked	.ralph/cleanup-remaining.md	blocked-needs-approval	local task/session state; ambiguous user-owned content
/home/dracon/Dev/dracon-utilities	tracked	.ralph/cleanup-remaining.state.json	blocked-needs-approval	local task/session state; ambiguous user-owned content
/home/dracon/Dev/dracon-utilities	tracked	.ralph/fix-voice-notify-bugs.md	blocked-needs-approval	local task/session state; ambiguous user-owned content
/home/dracon/Dev/dracon-utilities	tracked	.ralph/fix-voice-notify-bugs.state.json	blocked-needs-approval	local task/session state; ambiguous user-owned content
/home/dracon/Dev/dracon-utilities	tracked	.ralph/todo-sprint.md	blocked-needs-approval	local task/session state; ambiguous user-owned content
/home/dracon/Dev/dracon-utilities	tracked	.ralph/todo-sprint.state.json	blocked-needs-approval	local task/session state; ambiguous user-owned content
/home/dracon/Dev/dracon-utilities	tracked	.sisyphus/drafts/multi-remote-tests.md	blocked-needs-approval	local task/session state; ambiguous user-owned content
/home/dracon/Dev/dracon-utilities	tracked	.sisyphus/plans/multi-remote-test-suite.md	blocked-needs-approval	local task/session state; ambiguous user-owned content
/home/dracon/Dev/dracon-utilities	tracked	docs/audit/2026-06-11-full-repo-audit/final/per-repo/ai-auto-repo-rot-scanner-todo-agent.git.txt	blocked-needs-approval	possibly obsolete doc/checklist; needs approval
/home/dracon/Dev/dracon-utilities	tracked	docs/audit/2026-06-11-full-repo-audit/final/risk-paths/ai-auto-repo-rot-scanner-todo-agent.risk.tsv	blocked-needs-approval	possibly obsolete doc/checklist; needs approval
/home/dracon/Dev/dracon-utilities	tracked	docs/audit/2026-06-11-full-repo-audit/per-repo/ai-auto-repo-rot-scanner-todo-agent.git.txt	blocked-needs-approval	possibly obsolete doc/checklist; needs approval
/home/dracon/Dev/dracon-utilities	tracked	docs/audit/2026-06-11-full-repo-audit/post-funding/per-repo/ai-auto-repo-rot-scanner-todo-agent.git.txt	blocked-needs-approval	possibly obsolete doc/checklist; needs approval
/home/dracon/Dev/dracon-utilities	tracked	docs/audit/2026-06-11-full-repo-audit/public-readiness-funding/per-repo/ai-auto-repo-rot-scanner-todo-agent.git.txt	blocked-needs-approval	possibly obsolete doc/checklist; needs approval
/home/dracon/Dev/dracon-utilities	tracked	docs/audit/2026-06-11-full-repo-audit/risk-paths/ai-auto-repo-rot-scanner-todo-agent.risk.tsv	blocked-needs-approval	possibly obsolete doc/checklist; needs approval
/home/dracon/Dev/dracon-utilities	tracked	dracon-sync/CREDENTIALS.md	blocked-needs-approval	secret-like file requires rotation/approval before removal
/home/dracon/Dev/dracon-utilities	tracked	dracon-sync/src/secrets.rs	blocked-needs-approval	secret-like file requires rotation/approval before removal
/home/dracon/Dev/dracon-utilities	tracked	dracon-warden/src/security/tests/massive_secret_scan.proptest-regressions	blocked-needs-approval	secret-like file requires rotation/approval before removal
/home/dracon/Dev/dracon-utilities	tracked	dracon-warden/src/security/tests/massive_secret_scan.rs	blocked-needs-approval	secret-like file requires rotation/approval before removal
/home/dracon/Dev/dracon-utilities	tracked	dracon-warden/src/security/tests/registry_credentials_test.rs	blocked-needs-approval	secret-like file requires rotation/approval before removal
/home/dracon/Dev/dracon-utilities	tracked	todo.md	blocked-needs-approval	possibly obsolete doc/checklist; needs approval
/home/dracon/Dev/dracon-utilities	untracked	docs/audit/2026-06-11-full-repo-audit/cleanup-except-pi/per-repo/before.ai-auto-repo-rot-scanner-todo-agent.git.txt	blocked-needs-approval	possibly obsolete doc/checklist; needs approval
/home/dracon/Dev/dracon-utilities	untracked	docs/audit/2026-06-11-full-repo-audit/cleanup-except-pi/pi-proof/before.ai-auto-repo-rot-scanner-todo-agent.pi-files.txt	blocked-needs-approval	possibly obsolete doc/checklist; needs approval
/home/dracon/Dev/dracon-utilities	untracked	docs/audit/2026-06-11-full-repo-audit/cleanup-except-pi/pi-proof/before.ai-auto-repo-rot-scanner-todo-agent.pi-untracked.txt	blocked-needs-approval	possibly obsolete doc/checklist; needs approval
/home/dracon/Dev/dracon-platform	tracked	.pi/goals/archived/goal_2026060114151559_mpubve1l-w1065r.md	blocked-by-pi-exclusion	.pi local task state must not be cleaned
/home/dracon/Dev/dracon-platform	tracked	.pi/goals/archived/goal_2026060117160715_mpvcloes-ugifjr.md	blocked-by-pi-exclusion	.pi local task state must not be cleaned
/home/dracon/Dev/dracon-platform	tracked	.pi/goals/archived/goal_2026060200020178_mpvq4an0-3di7bv.md	blocked-by-pi-exclusion	.pi local task state must not be cleaned
/home/dracon/Dev/dracon-platform	tracked	.pi/goals/archived/goal_2026060217031663_mpwehw9r-kss6ab.md	blocked-by-pi-exclusion	.pi local task state must not be cleaned
/home/dracon/Dev/dracon-platform	tracked	.pi/goals/archived/goal_2026060221320645_mpwvbdsm-magn47.md	blocked-by-pi-exclusion	.pi local task state must not be cleaned
/home/dracon/Dev/dracon-platform	tracked	.pi/goals/archived/goal_2026060317523791_mpx9agxd-ywk8fy.md	blocked-by-pi-exclusion	.pi local task state must not be cleaned
/home/dracon/Dev/dracon-platform	tracked	.pi/goals/archived/goal_2026060318340417_mpx71kih-yjzm9s.md	blocked-by-pi-exclusion	.pi local task state must not be cleaned
/home/dracon/Dev/dracon-platform	tracked	.pi/goals/archived/goal_2026060319165680_mpydotwe-vku9gu.md	blocked-by-pi-exclusion	.pi local task state must not be cleaned
/home/dracon/Dev/dracon-platform	tracked	.pi/goals/archived/goal_2026060319592447_mpyfcukw-pwq8c3.md	blocked-by-pi-exclusion	.pi local task state must not be cleaned
/home/dracon/Dev/dracon-platform	tracked	.pi/goals/archived/goal_2026060320323996_mpyfxron-umsm65.md	blocked-by-pi-exclusion	.pi local task state must not be cleaned
/home/dracon/Dev/dracon-platform	tracked	.pi/goals/archived/goal_2026060401193447_mpyixusx-iv2ask.md	blocked-by-pi-exclusion	.pi local task state must not be cleaned
/home/dracon/Dev/dracon-platform	tracked	.pi/goals/archived/goal_2026060401584341_mpyrdcut-epfiho.md	blocked-by-pi-exclusion	.pi local task state must not be cleaned
/home/dracon/Dev/dracon-platform	tracked	.pi/goals/archived/goal_2026060414212846_mpyssfxs-k93992.md	blocked-by-pi-exclusion	.pi local task state must not be cleaned
/home/dracon/Dev/dracon-platform	tracked	.pi/goals/archived/goal_2026060417153469_mpzlejp1-1sfiym.md	blocked-by-pi-exclusion	.pi local task state must not be cleaned
/home/dracon/Dev/dracon-platform	tracked	.pi/goals/archived/goal_2026060419015216_mpzpldbh-qfs1ph.md	blocked-by-pi-exclusion	.pi local task state must not be cleaned
/home/dracon/Dev/dracon-platform	tracked	.pi/goals/archived/goal_2026060419445268_mpzucq90-3abltf.md	blocked-by-pi-exclusion	.pi local task state must not be cleaned
/home/dracon/Dev/dracon-platform	tracked	.pi/goals/archived/goal_2026060420552695_mpzwoefy-v2klb7.md	blocked-by-pi-exclusion	.pi local task state must not be cleaned
/home/dracon/Dev/dracon-platform	tracked	.pi/goals/archived/goal_2026060421103793_mpzxg9sa-q1yaxw.md	blocked-by-pi-exclusion	.pi local task state must not be cleaned
/home/dracon/Dev/dracon-platform	tracked	.pi/goals/archived/goal_2026060421261744_mpzxy6j6-gxi78x.md	blocked-by-pi-exclusion	.pi local task state must not be cleaned
/home/dracon/Dev/dracon-platform	tracked	.pi/goals/archived/goal_2026060421310492_mpzy6y8e-ddoafw.md	blocked-by-pi-exclusion	.pi local task state must not be cleaned
/home/dracon/Dev/dracon-platform	tracked	.pi/goals/archived/goal_2026060421465998_mpzyj9bk-tspzma.md	blocked-by-pi-exclusion	.pi local task state must not be cleaned
/home/dracon/Dev/dracon-platform	tracked	.pi/goals/archived/goal_2026060422320484_mpzzqjcr-fimub6.md	blocked-by-pi-exclusion	.pi local task state must not be cleaned
/home/dracon/Dev/dracon-platform	tracked	.pi/goals/archived/goal_2026060423144976_mq01kmmq-pfx4sn.md	blocked-by-pi-exclusion	.pi local task state must not be cleaned
/home/dracon/Dev/dracon-platform	tracked	.pi/goals/archived/goal_2026060500110859_mq037rv5-z9akf8.md	blocked-by-pi-exclusion	.pi local task state must not be cleaned
/home/dracon/Dev/dracon-platform	tracked	.pi/goals/archived/goal_2026060500405280_mq04r39z-lm7j10.md	blocked-by-pi-exclusion	.pi local task state must not be cleaned
/home/dracon/Dev/dracon-platform	tracked	.pi/goals/archived/goal_2026060502045188_mq078jjs-yjg1kx.md	blocked-by-pi-exclusion	.pi local task state must not be cleaned
/home/dracon/Dev/dracon-platform	tracked	.pi/goals/archived/goal_2026060502360449_mq08ku6g-sl1cqd.md	blocked-by-pi-exclusion	.pi local task state must not be cleaned
/home/dracon/Dev/dracon-platform	tracked	.pi/goals/archived/goal_2026060510433600_mq0ps5q3-t57izk.md	blocked-by-pi-exclusion	.pi local task state must not be cleaned
/home/dracon/Dev/dracon-platform	tracked	.pi/goals/archived/goal_2026060511240559_mq0qwr9y-qt5m2m.md	blocked-by-pi-exclusion	.pi local task state must not be cleaned
/home/dracon/Dev/dracon-platform	tracked	.pi/goals/archived/goal_2026060516155073_mq0xxk94-qfwcpo.md	blocked-by-pi-exclusion	.pi local task state must not be cleaned
/home/dracon/Dev/dracon-platform	tracked	.pi/goals/archived/goal_2026060520190320_mq16g8lk-d0xs4t.md	blocked-by-pi-exclusion	.pi local task state must not be cleaned
/home/dracon/Dev/dracon-platform	tracked	.pi/goals/archived/goal_2026060522563050_mq1g9wak-2y0fgu.md	blocked-by-pi-exclusion	.pi local task state must not be cleaned
/home/dracon/Dev/dracon-platform	tracked	.pi/goals/archived/goal_2026060523415402_mq1i2cjb-c2gnhj.md	blocked-by-pi-exclusion	.pi local task state must not be cleaned
/home/dracon/Dev/dracon-platform	tracked	.pi/goals/archived/goal_2026060606430551_mq1k264c-16fl01.md	blocked-by-pi-exclusion	.pi local task state must not be cleaned
/home/dracon/Dev/dracon-platform	tracked	.pi/goals/archived/goal_2026060718570984_mq2ases3-evm2gy.md	blocked-by-pi-exclusion	.pi local task state must not be cleaned
/home/dracon/Dev/dracon-platform	tracked	.pi/goals/archived/goal_2026060719532924_mq44gy4a-fmk83s.md	blocked-by-pi-exclusion	.pi local task state must not be cleaned
/home/dracon/Dev/dracon-platform	tracked	.pi/goals/archived/goal_2026060720335316_mq463pvs-s7u4jr.md	blocked-by-pi-exclusion	.pi local task state must not be cleaned
/home/dracon/Dev/dracon-platform	tracked	.pi/goals/archived/goal_2026060810401645_mq4b1i97-1hfoml.md	blocked-by-pi-exclusion	.pi local task state must not be cleaned
/home/dracon/Dev/dracon-platform	tracked	.pi/goals/archived/goal_2026060811193837_mq51z8qu-6ny2q3.md	blocked-by-pi-exclusion	.pi local task state must not be cleaned
/home/dracon/Dev/dracon-platform	tracked	.pi/goals/archived/goal_2026060811485041_mq51z8qu-6ny2q3.md	blocked-by-pi-exclusion	.pi local task state must not be cleaned
/home/dracon/Dev/dracon-platform	tracked	.pi/goals/archived/goal_2026060812251185_mq54futl-ar6dyz.md	blocked-by-pi-exclusion	.pi local task state must not be cleaned
/home/dracon/Dev/dracon-platform	tracked	.pi/goals/archived/goal_2026060812451208_mq54rw41-ad74pc.md	blocked-by-pi-exclusion	.pi local task state must not be cleaned
/home/dracon/Dev/dracon-platform	tracked	.pi/goals/archived/goal_2026060813445994_mq577p7l-kmbz08.md	blocked-by-pi-exclusion	.pi local task state must not be cleaned
/home/dracon/Dev/dracon-platform	tracked	.pi/goals/archived/goal_2026060816171689_mq5cg36v-i06gmb.md	blocked-by-pi-exclusion	.pi local task state must not be cleaned
/home/dracon/Dev/dracon-platform	tracked	.pi/goals/archived/goal_2026060816421420_mq5dcvi2-ycimnz.md	blocked-by-pi-exclusion	.pi local task state must not be cleaned
/home/dracon/Dev/dracon-platform	tracked	.pi/goals/archived/goal_2026060817461814_mq5e9caf-d59bqn.md	blocked-by-pi-exclusion	.pi local task state must not be cleaned
/home/dracon/Dev/dracon-platform	tracked	.pi/goals/archived/goal_2026060820521046_mq5gc8d8-k2qpmc.md	blocked-by-pi-exclusion	.pi local task state must not be cleaned
/home/dracon/Dev/dracon-platform	tracked	.pi/goals/archived/goal_2026060901130958_mq5qgq7e-dpt8fe.md	blocked-by-pi-exclusion	.pi local task state must not be cleaned
/home/dracon/Dev/dracon-platform	tracked	.pi/goals/archived/goal_2026060901541161_mq5wkwpn-ypwqd7.md	blocked-by-pi-exclusion	.pi local task state must not be cleaned
/home/dracon/Dev/dracon-platform	tracked	.pi/goals/archived/goal_2026060912583331_mq5yua2k-th4lrc.md	blocked-by-pi-exclusion	.pi local task state must not be cleaned
/home/dracon/Dev/dracon-platform	tracked	.pi/goals/archived/goal_2026060915164419_mq6p3wlf-sgw0pd.md	blocked-by-pi-exclusion	.pi local task state must not be cleaned
/home/dracon/Dev/dracon-platform	tracked	_audit-header.png	preserved	potential user-owned note/screenshot/project asset
/home/dracon/Dev/dracon-platform	tracked	_audit-tiny.png	preserved	potential user-owned note/screenshot/project asset
/home/dracon/Dev/dracon-platform	tracked	apis/docs/reorg-2026-06-11-todo.md	blocked-needs-approval	possibly obsolete doc/checklist; needs approval
/home/dracon/Dev/dracon-platform	tracked	apis/services/ai-api/.env.dev	blocked-needs-approval	secret-like file requires rotation/approval before removal
/home/dracon/Dev/dracon-platform	tracked	apis/services/ai-api/.env.example	blocked-needs-approval	secret-like file requires rotation/approval before removal
/home/dracon/Dev/dracon-platform	tracked	apis/services/ai-api/.env.prod	blocked-needs-approval	secret-like file requires rotation/approval before removal
/home/dracon/Dev/dracon-platform	tracked	apis/services/ai-api/ai-api-sdk/.env.example	blocked-needs-approval	secret-like file requires rotation/approval before removal
/home/dracon/Dev/dracon-platform	tracked	apis/services/auth-api/.env.dev	blocked-needs-approval	secret-like file requires rotation/approval before removal
/home/dracon/Dev/dracon-platform	tracked	apis/services/auth-api/.env.example	blocked-needs-approval	secret-like file requires rotation/approval before removal
/home/dracon/Dev/dracon-platform	tracked	apis/services/auth-api/.env.prod	blocked-needs-approval	secret-like file requires rotation/approval before removal
/home/dracon/Dev/dracon-platform	tracked	apis/services/billing-api/.env.dev	blocked-needs-approval	secret-like file requires rotation/approval before removal
/home/dracon/Dev/dracon-platform	tracked	apis/services/billing-api/.env.example	blocked-needs-approval	secret-like file requires rotation/approval before removal
/home/dracon/Dev/dracon-platform	tracked	apis/services/billing-api/.env.prod	blocked-needs-approval	secret-like file requires rotation/approval before removal
/home/dracon/Dev/dracon-platform	tracked	apis/services/email-api/.env.dev	blocked-needs-approval	secret-like file requires rotation/approval before removal
/home/dracon/Dev/dracon-platform	tracked	apis/services/email-api/.env.example	blocked-needs-approval	secret-like file requires rotation/approval before removal
/home/dracon/Dev/dracon-platform	tracked	apis/services/email-api/.env.prod	blocked-needs-approval	secret-like file requires rotation/approval before removal
/home/dracon/Dev/dracon-platform	tracked	public/favicon-128.png	preserved	potential user-owned note/screenshot/project asset
/home/dracon/Dev/dracon-platform	tracked	public/favicon-16.png	preserved	potential user-owned note/screenshot/project asset
/home/dracon/Dev/dracon-platform	tracked	public/favicon-32.png	preserved	potential user-owned note/screenshot/project asset
/home/dracon/Dev/dracon-platform	tracked	public/favicon-64.png	preserved	potential user-owned note/screenshot/project asset
/home/dracon/Dev/dracon-platform	tracked	web/games-hosted/games/junk-runner/assets/adventure_theme_1-BVN-o9x8.mp3	preserved	potential user-owned note/screenshot/project asset
/home/dracon/Dev/dracon-platform	tracked	web/games-hosted/games/junk-runner/assets/adventure_theme_10-CGbo1xyP.mp3	preserved	potential user-owned note/screenshot/project asset
/home/dracon/Dev/dracon-platform	tracked	web/games-hosted/games/junk-runner/assets/adventure_theme_11-DY1oWSxw.mp3	preserved	potential user-owned note/screenshot/project asset
/home/dracon/Dev/dracon-platform	tracked	web/games-hosted/games/junk-runner/assets/adventure_theme_12-DIDRSltJ.mp3	preserved	potential user-owned note/screenshot/project asset
/home/dracon/Dev/dracon-platform	tracked	web/games-hosted/games/junk-runner/assets/adventure_theme_2-D2_nMiUs.mp3	preserved	potential user-owned note/screenshot/project asset
/home/dracon/Dev/dracon-platform	tracked	web/games-hosted/games/junk-runner/assets/adventure_theme_3-BUpcDtls.mp3	preserved	potential user-owned note/screenshot/project asset
/home/dracon/Dev/dracon-platform	tracked	web/games-hosted/games/junk-runner/assets/adventure_theme_4-u8u-OApN.mp3	preserved	potential user-owned note/screenshot/project asset
/home/dracon/Dev/dracon-platform	tracked	web/games-hosted/games/junk-runner/assets/adventure_theme_5-CJ1cSRZ5.mp3	preserved	potential user-owned note/screenshot/project asset
/home/dracon/Dev/dracon-platform	tracked	web/games-hosted/games/junk-runner/assets/adventure_theme_6-DmgMdyMH.mp3	preserved	potential user-owned note/screenshot/project asset
/home/dracon/Dev/dracon-platform	tracked	web/games-hosted/games/junk-runner/assets/adventure_theme_7-C3sPMjsy.mp3	preserved	potential user-owned note/screenshot/project asset
/home/dracon/Dev/dracon-platform	tracked	web/games-hosted/games/junk-runner/assets/adventure_theme_8-CIBGQWXq.mp3	preserved	potential user-owned note/screenshot/project asset
/home/dracon/Dev/dracon-platform	tracked	web/games-hosted/games/junk-runner/assets/adventure_theme_9-CcXljuIB.mp3	preserved	potential user-owned note/screenshot/project asset
/home/dracon/Dev/dracon-platform	tracked	web/games-hosted/games/junk-runner/assets/anomaly-DAcNuwDK.jpg	preserved	potential user-owned note/screenshot/project asset
/home/dracon/Dev/dracon-platform	tracked	web/games-hosted/games/junk-runner/assets/bar_theme_1-BagtKI2w.mp3	preserved	potential user-owned note/screenshot/project asset
/home/dracon/Dev/dracon-platform	tracked	web/games-hosted/games/junk-runner/assets/battle_theme_1-CPJPXbvL.mp3	preserved	potential user-owned note/screenshot/project asset
/home/dracon/Dev/dracon-platform	tracked	web/games-hosted/games/junk-runner/assets/battle_theme_10-GquzulmP.mp3	preserved	potential user-owned note/screenshot/project asset
/home/dracon/Dev/dracon-platform	tracked	web/games-hosted/games/junk-runner/assets/battle_theme_11-D0y6v3yu.mp3	preserved	potential user-owned note/screenshot/project asset
/home/dracon/Dev/dracon-platform	tracked	web/games-hosted/games/junk-runner/assets/battle_theme_12-CfG8Hb0i.mp3	preserved	potential user-owned note/screenshot/project asset
/home/dracon/Dev/dracon-platform	tracked	web/games-hosted/games/junk-runner/assets/battle_theme_13-_WWiHXS0.mp3	preserved	potential user-owned note/screenshot/project asset
/home/dracon/Dev/dracon-platform	tracked	web/games-hosted/games/junk-runner/assets/battle_theme_14-B85PUdkA.mp3	preserved	potential user-owned note/screenshot/project asset
/home/dracon/Dev/dracon-platform	tracked	web/games-hosted/games/junk-runner/assets/battle_theme_15-JuMQpB_S.mp3	preserved	potential user-owned note/screenshot/project asset
/home/dracon/Dev/dracon-platform	tracked	web/games-hosted/games/junk-runner/assets/battle_theme_16-Dz2APHHn.mp3	preserved	potential user-owned note/screenshot/project asset
/home/dracon/Dev/dracon-platform	tracked	web/games-hosted/games/junk-runner/assets/battle_theme_17-B45hlI2h.mp3	preserved	potential user-owned note/screenshot/project asset
/home/dracon/Dev/dracon-platform	tracked	web/games-hosted/games/junk-runner/assets/battle_theme_18-D2OeEx8_.mp3	preserved	potential user-owned note/screenshot/project asset
/home/dracon/Dev/dracon-platform	tracked	web/games-hosted/games/junk-runner/assets/battle_theme_19-B2HFGZfs.mp3	preserved	potential user-owned note/screenshot/project asset
/home/dracon/Dev/dracon-platform	tracked	web/games-hosted/games/junk-runner/assets/battle_theme_2-DUkiM5-a.mp3	preserved	potential user-owned note/screenshot/project asset
/home/dracon/Dev/dracon-platform	tracked	web/games-hosted/games/junk-runner/assets/battle_theme_20-C_uU03Ib.mp3	preserved	potential user-owned note/screenshot/project asset
/home/dracon/Dev/dracon-platform	tracked	web/games-hosted/games/junk-runner/assets/battle_theme_21-BkOLN8TH.mp3	preserved	potential user-owned note/screenshot/project asset
/home/dracon/Dev/dracon-platform	tracked	web/games-hosted/games/junk-runner/assets/battle_theme_22-7Vaxf2BP.mp3	preserved	potential user-owned note/screenshot/project asset
/home/dracon/Dev/dracon-platform	tracked	web/games-hosted/games/junk-runner/assets/battle_theme_23-DoTpHgfQ.mp3	preserved	potential user-owned note/screenshot/project asset
/home/dracon/Dev/dracon-platform	tracked	web/games-hosted/games/junk-runner/assets/battle_theme_24-uoWsyE0p.mp3	preserved	potential user-owned note/screenshot/project asset
/home/dracon/Dev/dracon-platform	tracked	web/games-hosted/games/junk-runner/assets/battle_theme_25-eXlkug8t.mp3	preserved	potential user-owned note/screenshot/project asset
/home/dracon/Dev/dracon-platform	tracked	web/games-hosted/games/junk-runner/assets/battle_theme_26-C4soaWSt.mp3	preserved	potential user-owned note/screenshot/project asset
/home/dracon/Dev/dracon-platform	tracked	web/games-hosted/games/junk-runner/assets/battle_theme_27-DCRSIJpw.mp3	preserved	potential user-owned note/screenshot/project asset
/home/dracon/Dev/dracon-platform	tracked	web/games-hosted/games/junk-runner/assets/battle_theme_28-BfKcaWvJ.mp3	preserved	potential user-owned note/screenshot/project asset
/home/dracon/Dev/dracon-platform	tracked	web/games-hosted/games/junk-runner/assets/battle_theme_29-CKbiRA6P.mp3	preserved	potential user-owned note/screenshot/project asset
/home/dracon/Dev/dracon-platform	tracked	web/games-hosted/games/junk-runner/assets/battle_theme_3-i8fraVG6.mp3	preserved	potential user-owned note/screenshot/project asset
/home/dracon/Dev/dracon-platform	tracked	web/games-hosted/games/junk-runner/assets/battle_theme_30-acYEbx8k.mp3	preserved	potential user-owned note/screenshot/project asset
/home/dracon/Dev/dracon-platform	tracked	web/games-hosted/games/junk-runner/assets/battle_theme_31-Cg-u2OpL.mp3	preserved	potential user-owned note/screenshot/project asset
/home/dracon/Dev/dracon-platform	tracked	web/games-hosted/games/junk-runner/assets/battle_theme_32-DRMcK982.mp3	preserved	potential user-owned note/screenshot/project asset
/home/dracon/Dev/dracon-platform	tracked	web/games-hosted/games/junk-runner/assets/battle_theme_33-CYcnL3iq.mp3	preserved	potential user-owned note/screenshot/project asset
/home/dracon/Dev/dracon-platform	tracked	web/games-hosted/games/junk-runner/assets/battle_theme_4-DTvc5o41.mp3	preserved	potential user-owned note/screenshot/project asset
/home/dracon/Dev/dracon-platform	tracked	web/games-hosted/games/junk-runner/assets/battle_theme_5-TLx1DcZB.mp3	preserved	potential user-owned note/screenshot/project asset
/home/dracon/Dev/dracon-platform	tracked	web/games-hosted/games/junk-runner/assets/battle_theme_6-Ez4-YyE-.mp3	preserved	potential user-owned note/screenshot/project asset
/home/dracon/Dev/dracon-platform	tracked	web/games-hosted/games/junk-runner/assets/battle_theme_7-CQMVoCMW.mp3	preserved	potential user-owned note/screenshot/project asset
/home/dracon/Dev/dracon-platform	tracked	web/games-hosted/games/junk-runner/assets/battle_theme_8-pS6ehXpW.mp3	preserved	potential user-owned note/screenshot/project asset
/home/dracon/Dev/dracon-platform	tracked	web/games-hosted/games/junk-runner/assets/battle_theme_9-ChfIfSkq.mp3	preserved	potential user-owned note/screenshot/project asset
/home/dracon/Dev/dracon-platform	tracked	web/games-hosted/games/junk-runner/assets/battle_theme_mmx_synthwave-1zNlwdSk.mp3	preserved	potential user-owned note/screenshot/project asset
/home/dracon/Dev/dracon-platform	tracked	web/games-hosted/games/junk-runner/assets/battle_theme_synthwave-EaqYBj4K.mp3	preserved	potential user-owned note/screenshot/project asset
/home/dracon/Dev/dracon-platform	tracked	web/games-hosted/games/junk-runner/assets/combat-CU3acaEy.jpg	preserved	potential user-owned note/screenshot/project asset
/home/dracon/Dev/dracon-platform	tracked	web/games-hosted/games/junk-runner/assets/corporate-CW5ZylJB.jpg	preserved	potential user-owned note/screenshot/project asset
/home/dracon/Dev/dracon-platform	tracked	web/games-hosted/games/junk-runner/assets/crew-DapG2oKg.jpg	preserved	potential user-owned note/screenshot/project asset
/home/dracon/Dev/dracon-platform	tracked	web/games-hosted/games/junk-runner/assets/crisis-isI1pt9u.jpg	preserved	potential user-owned note/screenshot/project asset
/home/dracon/Dev/dracon-platform	tracked	web/games-hosted/games/junk-runner/assets/debris-BCvIvNqf.jpg	preserved	potential user-owned note/screenshot/project asset
/home/dracon/Dev/dracon-platform	tracked	web/games-hosted/games/junk-runner/assets/derelict-D_6duny6.jpg	preserved	potential user-owned note/screenshot/project asset
/home/dracon/Dev/dracon-platform	tracked	web/games-hosted/games/junk-runner/assets/empty-CRwoPCSP.jpg	preserved	potential user-owned note/screenshot/project asset
/home/dracon/Dev/dracon-platform	tracked	web/games-hosted/games/junk-runner/assets/event_theme_1-Df1CmMTU.mp3	preserved	potential user-owned note/screenshot/project asset
/home/dracon/Dev/dracon-platform	tracked	web/games-hosted/games/junk-runner/assets/gameover_theme_1-DaF12mp4.mp3	preserved	potential user-owned note/screenshot/project asset
/home/dracon/Dev/dracon-platform	tracked	web/games-hosted/games/junk-runner/assets/hub-m7YMpcPg.jpg	preserved	potential user-owned note/screenshot/project asset
/home/dracon/Dev/dracon-platform	tracked	web/games-hosted/games/junk-runner/assets/map_ambient-DxfvT8Io.mp3	preserved	potential user-owned note/screenshot/project asset
/home/dracon/Dev/dracon-platform	tracked	web/games-hosted/games/junk-runner/assets/market-B739dyQx.jpg	preserved	potential user-owned note/screenshot/project asset
/home/dracon/Dev/dracon-platform	tracked	web/games-hosted/games/junk-runner/assets/market-CqNhYqSf.jpg	preserved	potential user-owned note/screenshot/project asset
/home/dracon/Dev/dracon-platform	tracked	web/games-hosted/games/junk-runner/assets/military-aOlMJheC.jpg	preserved	potential user-owned note/screenshot/project asset
/home/dracon/Dev/dracon-platform	tracked	web/games-hosted/games/junk-runner/assets/nebula_bg-BPKjX_V0.jpg	preserved	potential user-owned note/screenshot/project asset
/home/dracon/Dev/dracon-platform	tracked	web/games-hosted/games/junk-runner/assets/opportunity-Dz3OB4gp.jpg	preserved	potential user-owned note/screenshot/project asset
/home/dracon/Dev/dracon-platform	tracked	web/games-hosted/games/junk-runner/assets/outpost-CGpvpq1u.jpg	preserved	potential user-owned note/screenshot/project asset
/home/dracon/Dev/dracon-platform	tracked	web/games-hosted/games/junk-runner/assets/planet-oTZc7KiD.jpg	preserved	potential user-owned note/screenshot/project asset
/home/dracon/Dev/dracon-platform	tracked	web/games-hosted/games/junk-runner/assets/pyramid_bg-CTr3TEdu.jpg	preserved	potential user-owned note/screenshot/project asset
/home/dracon/Dev/dracon-platform	tracked	web/games-hosted/games/junk-runner/assets/rest-BMXxxkp9.jpg	preserved	potential user-owned note/screenshot/project asset
/home/dracon/Dev/dracon-platform	tracked	web/games-hosted/games/junk-runner/assets/rumor-CNXYzQAt.jpg	preserved	potential user-owned note/screenshot/project asset
/home/dracon/Dev/dracon-platform	tracked	web/games-hosted/games/junk-runner/assets/sfx_credits-ChH8lGdt.wav	preserved	potential user-owned note/screenshot/project asset
/home/dracon/Dev/dracon-platform	tracked	web/games-hosted/games/junk-runner/assets/sfx_crew_lost-DoYc-M4g.wav	preserved	potential user-owned note/screenshot/project asset
/home/dracon/Dev/dracon-platform	tracked	web/games-hosted/games/junk-runner/assets/sfx_crew_recruited-DHXJCX8Y.wav	preserved	potential user-owned note/screenshot/project asset
/home/dracon/Dev/dracon-platform	tracked	web/games-hosted/games/junk-runner/assets/sfx_defeat_sting-yz6j2kZq.wav	preserved	potential user-owned note/screenshot/project asset
/home/dracon/Dev/dracon-platform	tracked	web/games-hosted/games/junk-runner/assets/sfx_explosion-DBlnGSgQ.wav	preserved	potential user-owned note/screenshot/project asset
/home/dracon/Dev/dracon-platform	tracked	web/games-hosted/games/junk-runner/assets/sfx_jump-CwlMPZQf.wav	preserved	potential user-owned note/screenshot/project asset
/home/dracon/Dev/dracon-platform	tracked	web/games-hosted/games/junk-runner/assets/sfx_laser-BZgOkhvR.wav	preserved	potential user-owned note/screenshot/project asset
/home/dracon/Dev/dracon-platform	tracked	web/games-hosted/games/junk-runner/assets/sfx_low_fuel-DZDyxNTh.wav	preserved	potential user-owned note/screenshot/project asset
/home/dracon/Dev/dracon-platform	tracked	web/games-hosted/games/junk-runner/assets/sfx_repair-CnxSomk4.wav	preserved	potential user-owned note/screenshot/project asset
/home/dracon/Dev/dracon-platform	tracked	web/games-hosted/games/junk-runner/assets/sfx_scan-Cz_9DA8z.wav	preserved	potential user-owned note/screenshot/project asset
/home/dracon/Dev/dracon-platform	tracked	web/games-hosted/games/junk-runner/assets/sfx_scrap_pickup-g6ufSxFC.wav	preserved	potential user-owned note/screenshot/project asset
/home/dracon/Dev/dracon-platform	tracked	web/games-hosted/games/junk-runner/assets/sfx_shield_hit-D6GRZEV5.wav	preserved	potential user-owned note/screenshot/project asset
/home/dracon/Dev/dracon-platform	tracked	web/games-hosted/games/junk-runner/assets/sfx_system_failure-DlAFpe7h.wav	preserved	potential user-owned note/screenshot/project asset
/home/dracon/Dev/dracon-platform	tracked	web/games-hosted/games/junk-runner/assets/sfx_ui_hover-BMoB4eAU.wav	preserved	potential user-owned note/screenshot/project asset
/home/dracon/Dev/dracon-platform	tracked	web/games-hosted/games/junk-runner/assets/sfx_ui_select-DBCg_C5w.wav	preserved	potential user-owned note/screenshot/project asset
/home/dracon/Dev/dracon-platform	tracked	web/games-hosted/games/junk-runner/assets/sfx_victory_sting-DLYREa7H.wav	preserved	potential user-owned note/screenshot/project asset
/home/dracon/Dev/dracon-platform	tracked	web/games-hosted/games/junk-runner/assets/ship-iPmoGR7o.jpg	preserved	potential user-owned note/screenshot/project asset
/home/dracon/Dev/dracon-platform	tracked	web/games-hosted/games/junk-runner/assets/shipyard-CF7MsEVv.jpg	preserved	potential user-owned note/screenshot/project asset
/home/dracon/Dev/dracon-platform	tracked	web/games-hosted/games/junk-runner/assets/shop_theme_1-DlZdQys8.mp3	preserved	potential user-owned note/screenshot/project asset
/home/dracon/Dev/dracon-platform	tracked	web/games-hosted/games/junk-runner/assets/shop_theme_2-Dup-kaO9.mp3	preserved	potential user-owned note/screenshot/project asset
/home/dracon/Dev/dracon-platform	tracked	web/games-hosted/games/junk-runner/assets/shop_theme_3-BxOmeBkT.mp3	preserved	potential user-owned note/screenshot/project asset
/home/dracon/Dev/dracon-platform	tracked	web/games-hosted/games/junk-runner/assets/station-FVzcTiN-.jpg	preserved	potential user-owned note/screenshot/project asset
/home/dracon/Dev/dracon-platform	tracked	web/games-hosted/games/junk-runner/assets/tier1_outer_rim-CpG-5RC3.jpg	preserved	potential user-owned note/screenshot/project asset
/home/dracon/Dev/dracon-platform	tracked	web/games-hosted/games/junk-runner/assets/tier2_inner_rim-BUvngzOE.jpg	preserved	potential user-owned note/screenshot/project asset
/home/dracon/Dev/dracon-platform	tracked	web/games-hosted/games/junk-runner/assets/tier3_core_belt-B9H7KbCf.jpg	preserved	potential user-owned note/screenshot/project asset
/home/dracon/Dev/dracon-platform	tracked	web/games-hosted/games/junk-runner/assets/tier4_corridor-DcNJkL54.jpg	preserved	potential user-owned note/screenshot/project asset
/home/dracon/Dev/dracon-platform	tracked	web/games-hosted/games/junk-runner/assets/title_screen-BX9ZJuCg.jpg	preserved	potential user-owned note/screenshot/project asset
/home/dracon/Dev/dracon-platform	tracked	web/games-hosted/games/junk-runner/assets/trade-3jTdva_B.jpg	preserved	potential user-owned note/screenshot/project asset
/home/dracon/Dev/dracon-platform	tracked	web/games-hosted/games/junk-runner/assets/warning-DbBCxJXL.jpg	preserved	potential user-owned note/screenshot/project asset
/home/dracon/Dev/dracon-platform	tracked	web/games-hosted/games/junk-runner/assets/world_event-BDMg3msb.jpg	preserved	potential user-owned note/screenshot/project asset
/home/dracon/Dev/dracon-platform	tracked	web/games-hosted/games/junk-runner/assets/wormhole-DrDvj3_7.jpg	preserved	potential user-owned note/screenshot/project asset
/home/dracon/Dev/dracon-platform	tracked	web/screenshot.mjs	preserved	potential user-owned note/screenshot/project asset
/home/dracon/Dev/dracon-platform	tracked	web/screenshots/ai-hub-current/affiliates-fold.png	preserved	potential user-owned note/screenshot/project asset
/home/dracon/Dev/dracon-platform	tracked	web/screenshots/ai-hub-current/affiliates.png	preserved	potential user-owned note/screenshot/project asset
/home/dracon/Dev/dracon-platform	tracked	web/screenshots/ai-hub-current/compare-fold.png	preserved	potential user-owned note/screenshot/project asset
/home/dracon/Dev/dracon-platform	tracked	web/screenshots/ai-hub-current/compare.png	preserved	potential user-owned note/screenshot/project asset
/home/dracon/Dev/dracon-platform	tracked	web/screenshots/ai-hub-current/directory-fold.png	preserved	potential user-owned note/screenshot/project asset
/home/dracon/Dev/dracon-platform	tracked	web/screenshots/ai-hub-current/directory.png	preserved	potential user-owned note/screenshot/project asset
/home/dracon/Dev/dracon-platform	tracked	web/screenshots/ai-hub-current/free-fold.png	preserved	potential user-owned note/screenshot/project asset
/home/dracon/Dev/dracon-platform	tracked	web/screenshots/ai-hub-current/free.png	preserved	potential user-owned note/screenshot/project asset
/home/dracon/Dev/dracon-platform	tracked	web/screenshots/ai-hub-current/plans-fold-800.png	preserved	potential user-owned note/screenshot/project asset
/home/dracon/Dev/dracon-platform	tracked	web/screenshots/ai-hub-current/plans-fold-final.png	preserved	potential user-owned note/screenshot/project asset
/home/dracon/Dev/dracon-platform	tracked	web/screenshots/ai-hub-current/plans-fold.png	preserved	potential user-owned note/screenshot/project asset
/home/dracon/Dev/dracon-platform	tracked	web/screenshots/ai-hub-current/plans-fullpage.png	preserved	potential user-owned note/screenshot/project asset
/home/dracon/Dev/dracon-platform	tracked	web/screenshots/ai-hub-current/plans-intro.png	preserved	potential user-owned note/screenshot/project asset
/home/dracon/Dev/dracon-platform	tracked	web/screenshots/ai-hub-current/plans-narrow.png	preserved	potential user-owned note/screenshot/project asset
/home/dracon/Dev/dracon-platform	tracked	web/screenshots/ai-hub-current/plans-redbox-absolute.png	preserved	potential user-owned note/screenshot/project asset
/home/dracon/Dev/dracon-platform	tracked	web/screenshots/ai-hub-current/plans-scrolled.png	preserved	potential user-owned note/screenshot/project asset
/home/dracon/Dev/dracon-platform	tracked	web/screenshots/ai-hub-current/plans-top-400.png	preserved	potential user-owned note/screenshot/project asset
/home/dracon/Dev/dracon-platform	tracked	web/screenshots/ai-hub-current/plans-top-debug.png	preserved	potential user-owned note/screenshot/project asset
/home/dracon/Dev/dracon-platform	tracked	web/screenshots/ai-hub-current/plans-with-redbox.png	preserved	potential user-owned note/screenshot/project asset
/home/dracon/Dev/dracon-platform	tracked	web/screenshots/ai-hub-current/plans.png	preserved	potential user-owned note/screenshot/project asset
/home/dracon/Dev/dracon-platform	tracked	web/screenshots/ai-hub-current/promos-fold.png	preserved	potential user-owned note/screenshot/project asset
/home/dracon/Dev/dracon-platform	tracked	web/screenshots/ai-hub-current/promos.png	preserved	potential user-owned note/screenshot/project asset
/home/dracon/Dev/dracon-platform	tracked	web/screenshots/ai-hub-current/providers-fold.png	preserved	potential user-owned note/screenshot/project asset
/home/dracon/Dev/dracon-platform	tracked	web/screenshots/ai-hub-current/providers.png	preserved	potential user-owned note/screenshot/project asset
/home/dracon/Dev/dracon-platform	tracked	web/screenshots/ai-hub-current/rankings-fold.png	preserved	potential user-owned note/screenshot/project asset
/home/dracon/Dev/dracon-platform	tracked	web/screenshots/ai-hub-current/rankings.png	preserved	potential user-owned note/screenshot/project asset
/home/dracon/Dev/dracon-platform	tracked	web/screenshots/chrome-consistency/ai-hub-affiliates-signed-in.png	preserved	potential user-owned note/screenshot/project asset
/home/dracon/Dev/dracon-platform	tracked	web/screenshots/chrome-consistency/ai-hub-affiliates-signed-out.png	preserved	potential user-owned note/screenshot/project asset
/home/dracon/Dev/dracon-platform	tracked	web/screenshots/chrome-consistency/ai-hub-compare-signed-in.png	preserved	potential user-owned note/screenshot/project asset
/home/dracon/Dev/dracon-platform	tracked	web/screenshots/chrome-consistency/ai-hub-compare-signed-out.png	preserved	potential user-owned note/screenshot/project asset
/home/dracon/Dev/dracon-platform	tracked	web/screenshots/chrome-consistency/ai-hub-free-signed-in.png	preserved	potential user-owned note/screenshot/project asset
/home/dracon/Dev/dracon-platform	tracked	web/screenshots/chrome-consistency/ai-hub-free-signed-out.png	preserved	potential user-owned note/screenshot/project asset
/home/dracon/Dev/dracon-platform	tracked	web/screenshots/chrome-consistency/ai-hub-index-v2.png	preserved	potential user-owned note/screenshot/project asset
/home/dracon/Dev/dracon-platform	tracked	web/screenshots/chrome-consistency/ai-hub-plans-signed-in.png	preserved	potential user-owned note/screenshot/project asset
/home/dracon/Dev/dracon-platform	tracked	web/screenshots/chrome-consistency/ai-hub-plans-signed-out.png	preserved	potential user-owned note/screenshot/project asset
/home/dracon/Dev/dracon-platform	tracked	web/screenshots/chrome-consistency/ai-hub-promos-signed-in.png	preserved	potential user-owned note/screenshot/project asset
/home/dracon/Dev/dracon-platform	tracked	web/screenshots/chrome-consistency/ai-hub-promos-signed-out.png	preserved	potential user-owned note/screenshot/project asset
/home/dracon/Dev/dracon-platform	tracked	web/screenshots/chrome-consistency/ai-hub-providers-signed-in.png	preserved	potential user-owned note/screenshot/project asset
/home/dracon/Dev/dracon-platform	tracked	web/screenshots/chrome-consistency/ai-hub-providers-signed-out.png	preserved	potential user-owned note/screenshot/project asset
/home/dracon/Dev/dracon-platform	tracked	web/screenshots/chrome-consistency/ai-hub-signed-in.png	preserved	potential user-owned note/screenshot/project asset
/home/dracon/Dev/dracon-platform	tracked	web/screenshots/chrome-consistency/ai-hub-signed-out.png	preserved	potential user-owned note/screenshot/project asset
/home/dracon/Dev/dracon-platform	tracked	web/screenshots/chrome-consistency/auth-login-check-email-signed-in.png	preserved	potential user-owned note/screenshot/project asset
/home/dracon/Dev/dracon-platform	tracked	web/screenshots/chrome-consistency/auth-login-check-email-signed-out.png	preserved	potential user-owned note/screenshot/project asset
/home/dracon/Dev/dracon-platform	tracked	web/screenshots/chrome-consistency/auth-login-signed-in.png	preserved	potential user-owned note/screenshot/project asset
/home/dracon/Dev/dracon-platform	tracked	web/screenshots/chrome-consistency/auth-login-signed-out.png	preserved	potential user-owned note/screenshot/project asset
/home/dracon/Dev/dracon-platform	tracked	web/screenshots/chrome-consistency/auth-login-v2.png	preserved	potential user-owned note/screenshot/project asset
/home/dracon/Dev/dracon-platform	tracked	web/screenshots/chrome-consistency/contact-signed-in.png	preserved	potential user-owned note/screenshot/project asset
/home/dracon/Dev/dracon-platform	tracked	web/screenshots/chrome-consistency/contact-signed-out.png	preserved	potential user-owned note/screenshot/project asset
/home/dracon/Dev/dracon-platform	tracked	web/screenshots/chrome-consistency/dashboard-account-signed-in.png	preserved	potential user-owned note/screenshot/project asset
/home/dracon/Dev/dracon-platform	tracked	web/screenshots/chrome-consistency/dashboard-account-signed-out.png	preserved	potential user-owned note/screenshot/project asset
/home/dracon/Dev/dracon-platform	tracked	web/screenshots/chrome-consistency/dashboard-api-keys-signed-in.png	preserved	potential user-owned note/screenshot/project asset
/home/dracon/Dev/dracon-platform	tracked	web/screenshots/chrome-consistency/dashboard-api-keys-signed-out.png	preserved	potential user-owned note/screenshot/project asset
/home/dracon/Dev/dracon-platform	tracked	web/screenshots/chrome-consistency/dashboard-api-keys-v2.png	preserved	potential user-owned note/screenshot/project asset
/home/dracon/Dev/dracon-platform	tracked	web/screenshots/chrome-consistency/dashboard-billing-signed-in.png	preserved	potential user-owned note/screenshot/project asset
/home/dracon/Dev/dracon-platform	tracked	web/screenshots/chrome-consistency/dashboard-billing-signed-out.png	preserved	potential user-owned note/screenshot/project asset
/home/dracon/Dev/dracon-platform	tracked	web/screenshots/chrome-consistency/dashboard-billing-v2.png	preserved	potential user-owned note/screenshot/project asset
/home/dracon/Dev/dracon-platform	tracked	web/screenshots/chrome-consistency/dashboard-overview-signed-in.png	preserved	potential user-owned note/screenshot/project asset
/home/dracon/Dev/dracon-platform	tracked	web/screenshots/chrome-consistency/dashboard-overview-signed-out.png	preserved	potential user-owned note/screenshot/project asset
/home/dracon/Dev/dracon-platform	tracked	web/screenshots/chrome-consistency/dashboard-overview-v2.png	preserved	potential user-owned note/screenshot/project asset
/home/dracon/Dev/dracon-platform	tracked	web/screenshots/chrome-consistency/dashboard-overview-v3.png	preserved	potential user-owned note/screenshot/project asset
/home/dracon/Dev/dracon-platform	tracked	web/screenshots/chrome-consistency/dashboard-settings-signed-in.png	preserved	potential user-owned note/screenshot/project asset
/home/dracon/Dev/dracon-platform	tracked	web/screenshots/chrome-consistency/dashboard-settings-signed-out.png	preserved	potential user-owned note/screenshot/project asset
/home/dracon/Dev/dracon-platform	tracked	web/screenshots/chrome-consistency/dashboard-settings-v2.png	preserved	potential user-owned note/screenshot/project asset
/home/dracon/Dev/dracon-platform	tracked	web/screenshots/chrome-consistency/games-junk-runner-signed-in.png	preserved	potential user-owned note/screenshot/project asset
/home/dracon/Dev/dracon-platform	tracked	web/screenshots/chrome-consistency/games-junk-runner-signed-out.png	preserved	potential user-owned note/screenshot/project asset
/home/dracon/Dev/dracon-platform	tracked	web/screenshots/chrome-consistency/games-placeholder-signed-in.png	preserved	potential user-owned note/screenshot/project asset
/home/dracon/Dev/dracon-platform	tracked	web/screenshots/chrome-consistency/games-placeholder-signed-out.png	preserved	potential user-owned note/screenshot/project asset
/home/dracon/Dev/dracon-platform	tracked	web/screenshots/chrome-consistency/games-signed-in.png	preserved	potential user-owned note/screenshot/project asset
/home/dracon/Dev/dracon-platform	tracked	web/screenshots/chrome-consistency/games-signed-out.png	preserved	potential user-owned note/screenshot/project asset
/home/dracon/Dev/dracon-platform	tracked	web/screenshots/chrome-consistency/home-signed-in.png	preserved	potential user-owned note/screenshot/project asset
/home/dracon/Dev/dracon-platform	tracked	web/screenshots/chrome-consistency/home-signed-out.png	preserved	potential user-owned note/screenshot/project asset
/home/dracon/Dev/dracon-platform	tracked	web/screenshots/chrome-consistency/licensing-signed-in.png	preserved	potential user-owned note/screenshot/project asset
/home/dracon/Dev/dracon-platform	tracked	web/screenshots/chrome-consistency/licensing-signed-out.png	preserved	potential user-owned note/screenshot/project asset
/home/dracon/Dev/dracon-platform	tracked	web/screenshots/chrome-consistency/pricing-signed-in.png	preserved	potential user-owned note/screenshot/project asset
/home/dracon/Dev/dracon-platform	tracked	web/screenshots/chrome-consistency/pricing-signed-out.png	preserved	potential user-owned note/screenshot/project asset
/home/dracon/Dev/dracon-platform	tracked	web/screenshots/chrome-consistency/pricing-v2.png	preserved	potential user-owned note/screenshot/project asset
/home/dracon/Dev/dracon-platform	tracked	web/screenshots/chrome-consistency/privacy-signed-in.png	preserved	potential user-owned note/screenshot/project asset
/home/dracon/Dev/dracon-platform	tracked	web/screenshots/chrome-consistency/privacy-signed-out.png	preserved	potential user-owned note/screenshot/project asset
/home/dracon/Dev/dracon-platform	tracked	web/screenshots/chrome-consistency/products-azumi-signed-in.png	preserved	potential user-owned note/screenshot/project asset
/home/dracon/Dev/dracon-platform	tracked	web/screenshots/chrome-consistency/products-azumi-signed-out.png	preserved	potential user-owned note/screenshot/project asset
/home/dracon/Dev/dracon-platform	tracked	web/screenshots/chrome-consistency/products-dp-signed-in.png	preserved	potential user-owned note/screenshot/project asset
/home/dracon/Dev/dracon-platform	tracked	web/screenshots/chrome-consistency/products-dp-signed-out.png	preserved	potential user-owned note/screenshot/project asset
/home/dracon/Dev/dracon-platform	tracked	web/screenshots/chrome-consistency/products-signed-in.png	preserved	potential user-owned note/screenshot/project asset
/home/dracon/Dev/dracon-platform	tracked	web/screenshots/chrome-consistency/products-signed-out.png	preserved	potential user-owned note/screenshot/project asset
/home/dracon/Dev/dracon-platform	tracked	web/screenshots/chrome-consistency/products-tiles-signed-in.png	preserved	potential user-owned note/screenshot/project asset
/home/dracon/Dev/dracon-platform	tracked	web/screenshots/chrome-consistency/products-tiles-signed-out.png	preserved	potential user-owned note/screenshot/project asset
/home/dracon/Dev/dracon-platform	tracked	web/screenshots/chrome-consistency/terms-signed-in.png	preserved	potential user-owned note/screenshot/project asset
/home/dracon/Dev/dracon-platform	tracked	web/screenshots/chrome-consistency/terms-signed-out.png	preserved	potential user-owned note/screenshot/project asset
/home/dracon/Dev/dracon-platform	tracked	web/screenshots/chrome-fixes/desktop-ai-hub-plans.png	preserved	potential user-owned note/screenshot/project asset
/home/dracon/Dev/dracon-platform	tracked	web/screenshots/chrome-fixes/desktop-dashboard-dropdown-hover-signout.png	preserved	potential user-owned note/screenshot/project asset
/home/dracon/Dev/dracon-platform	tracked	web/screenshots/chrome-fixes/desktop-dashboard-overview.png	preserved	potential user-owned note/screenshot/project asset
/home/dracon/Dev/dracon-platform	tracked	web/screenshots/chrome-fixes/desktop-home-signed-in.png	preserved	potential user-owned note/screenshot/project asset
/home/dracon/Dev/dracon-platform	tracked	web/screenshots/chrome-fixes/desktop-home-signed-out.png	preserved	potential user-owned note/screenshot/project asset
/home/dracon/Dev/dracon-platform	tracked	web/screenshots/chrome-fixes/desktop-pricing.png	preserved	potential user-owned note/screenshot/project asset
/home/dracon/Dev/dracon-platform	tracked	web/screenshots/chrome-fixes/mobile-ai-hub-plans.png	preserved	potential user-owned note/screenshot/project asset
/home/dracon/Dev/dracon-platform	tracked	web/screenshots/chrome-fixes/mobile-home-signed-out.png	preserved	potential user-owned note/screenshot/project asset
/home/dracon/Dev/dracon-platform	tracked	web/screenshots/chrome-fixes/mobile-pricing.png	preserved	potential user-owned note/screenshot/project asset
/home/dracon/Dev/dracon-platform	tracked	web/screenshots/layout-fix-final/desktop-dashboard-subnav.png	preserved	potential user-owned note/screenshot/project asset
/home/dracon/Dev/dracon-platform	tracked	web/screenshots/layout-fix-final/desktop-signed-in-ai-hub.png	preserved	potential user-owned note/screenshot/project asset
/home/dracon/Dev/dracon-platform	tracked	web/screenshots/layout-fix-final/desktop-signed-out-ai-hub.png	preserved	potential user-owned note/screenshot/project asset
/home/dracon/Dev/dracon-platform	tracked	web/screenshots/layout-fix-final/mobile-ai-hub-closed.png	preserved	potential user-owned note/screenshot/project asset
/home/dracon/Dev/dracon-platform	tracked	web/screenshots/layout-fix-final/mobile-ai-hub-drawer-open.png	preserved	potential user-owned note/screenshot/project asset
/home/dracon/Dev/dracon-platform	tracked	web/screenshots/layout-fix-final/mobile-drawer-fullscreen.png	preserved	potential user-owned note/screenshot/project asset
/home/dracon/Dev/dracon-platform	tracked	web/screenshots/layout-fix-final/simple-dashboard.png	preserved	potential user-owned note/screenshot/project asset
/home/dracon/Dev/dracon-platform	tracked	web/screenshots/nav-fix/dropdown-open.png	preserved	potential user-owned note/screenshot/project asset
/home/dracon/Dev/dracon-platform	tracked	web/screenshots/nav-fix/signed-in-attempt.png	preserved	potential user-owned note/screenshot/project asset
/home/dracon/Dev/dracon-platform	tracked	web/screenshots/nav-fix/signed-in.png	preserved	potential user-owned note/screenshot/project asset
/home/dracon/Dev/dracon-platform	tracked	web/screenshots/nav-fix/signed-out.png	preserved	potential user-owned note/screenshot/project asset
/home/dracon/Dev/dracon-platform	tracked	web/screenshots/nav-height-match/mobile-drawer-open.png	preserved	potential user-owned note/screenshot/project asset
/home/dracon/Dev/dracon-platform	tracked	web/tests/dashboard/simple-dashboard-screenshot.spec.ts	preserved	potential user-owned note/screenshot/project asset
/home/dracon/Dev/dracon-platform	tracked	web/tests/shared/dashboard-screenshot.spec.ts	preserved	potential user-owned note/screenshot/project asset
/home/dracon/Dev/dracon-platform	tracked	web/tests/shared/final-screenshots.spec.ts	preserved	potential user-owned note/screenshot/project asset
/home/dracon/Dev/dracon-platform	tracked	web/tests/shared/verify-screenshots.spec.ts	preserved	potential user-owned note/screenshot/project asset
/home/dracon/Dev/dracon-platform	tracked	web/tests/shared/visual-snapshots.spec.ts-snapshots/ai-hub-compare-desktop-shared-linux.png	preserved	potential user-owned note/screenshot/project asset
/home/dracon/Dev/dracon-platform	tracked	web/tests/shared/visual-snapshots.spec.ts-snapshots/ai-hub-directory-mobile-shared-linux.png	preserved	potential user-owned note/screenshot/project asset
/home/dracon/Dev/dracon-platform	tracked	web/tests/shared/visual-snapshots.spec.ts-snapshots/ai-hub-directory-models-desktop-shared-linux.png	preserved	potential user-owned note/screenshot/project asset
/home/dracon/Dev/dracon-platform	tracked	web/tests/shared/visual-snapshots.spec.ts-snapshots/ai-hub-directory-providers-desktop-shared-linux.png	preserved	potential user-owned note/screenshot/project asset
/home/dracon/Dev/dracon-platform	tracked	web/tests/shared/visual-snapshots.spec.ts-snapshots/ai-hub-directory-vouchers-desktop-shared-linux.png	preserved	potential user-owned note/screenshot/project asset
/home/dracon/Dev/dracon-platform	tracked	web/tests/shared/visual-snapshots.spec.ts-snapshots/ai-hub-plans-desktop-shared-linux.png	preserved	potential user-owned note/screenshot/project asset
/home/dracon/Dev/dracon-platform	tracked	web/tests/shared/visual-snapshots.spec.ts-snapshots/ai-hub-provider-groq-desktop-shared-linux.png	preserved	potential user-owned note/screenshot/project asset
/home/dracon/Dev/dracon-platform	tracked	web/tests/shared/visual-snapshots.spec.ts-snapshots/ai-hub-rankings-desktop-shared-linux.png	preserved	potential user-owned note/screenshot/project asset
/home/dracon/Dev/dracon-platform	tracked	web/tests/shared/visual-snapshots.spec.ts-snapshots/ai-hub-rankings-mobile-shared-linux.png	preserved	potential user-owned note/screenshot/project asset
/home/dracon/Dev/dracon-platform	tracked	web/tests/shared/visual-snapshots.spec.ts-snapshots/dashboard-check-email-desktop-shared-linux.png	preserved	potential user-owned note/screenshot/project asset
/home/dracon/Dev/dracon-platform	tracked	web/tests/shared/visual-snapshots.spec.ts-snapshots/dashboard-login-desktop-shared-linux.png	preserved	potential user-owned note/screenshot/project asset
/home/dracon/Dev/dracon-platform	tracked	web/web/test-results/ui-audit-recon/symptom-1a-login-page.png	preserved	potential user-owned note/screenshot/project asset
/home/dracon/Dev/dracon-platform	tracked	web/web/test-results/ui-audit-recon/symptom-1b-after-logo-click.png	preserved	potential user-owned note/screenshot/project asset
/home/dracon/Dev/dracon-platform	tracked	web/web/test-results/ui-audit-recon/symptom-2-ai-hub.png	preserved	potential user-owned note/screenshot/project asset
/home/dracon/Dev/dracon-platform	tracked	web/web/test-results/ui-audit-recon/symptom-3a-login.png	preserved	potential user-owned note/screenshot/project asset
/home/dracon/Dev/dracon-platform	tracked	web/web/test-results/ui-audit-recon/symptom-3b-after-click.png	preserved	potential user-owned note/screenshot/project asset
/home/dracon/Dev/dracon-platform	tracked	web/web/test-results/ui-audit/ai-hub-compare-desktop-1440.png	preserved	potential user-owned note/screenshot/project asset
/home/dracon/Dev/dracon-platform	tracked	web/web/test-results/ui-audit/ai-hub-compare-mobile-375.png	preserved	potential user-owned note/screenshot/project asset
/home/dracon/Dev/dracon-platform	tracked	web/web/test-results/ui-audit/ai-hub-desktop-1440.png	preserved	potential user-owned note/screenshot/project asset
/home/dracon/Dev/dracon-platform	tracked	web/web/test-results/ui-audit/ai-hub-free-desktop-1440.png	preserved	potential user-owned note/screenshot/project asset
/home/dracon/Dev/dracon-platform	tracked	web/web/test-results/ui-audit/ai-hub-free-mobile-375.png	preserved	potential user-owned note/screenshot/project asset
/home/dracon/Dev/dracon-platform	tracked	web/web/test-results/ui-audit/ai-hub-mobile-375.png	preserved	potential user-owned note/screenshot/project asset
/home/dracon/Dev/dracon-platform	tracked	web/web/test-results/ui-audit/ai-hub-plans-desktop-1440.png	preserved	potential user-owned note/screenshot/project asset
/home/dracon/Dev/dracon-platform	tracked	web/web/test-results/ui-audit/ai-hub-plans-mobile-375.png	preserved	potential user-owned note/screenshot/project asset
/home/dracon/Dev/dracon-platform	tracked	web/web/test-results/ui-audit/ai-hub-promos-desktop-1440.png	preserved	potential user-owned note/screenshot/project asset
/home/dracon/Dev/dracon-platform	tracked	web/web/test-results/ui-audit/ai-hub-promos-mobile-375.png	preserved	potential user-owned note/screenshot/project asset
/home/dracon/Dev/dracon-platform	tracked	web/web/test-results/ui-audit/ai-hub-providers-desktop-1440.png	preserved	potential user-owned note/screenshot/project asset
/home/dracon/Dev/dracon-platform	tracked	web/web/test-results/ui-audit/ai-hub-providers-mobile-375.png	preserved	potential user-owned note/screenshot/project asset
/home/dracon/Dev/dracon-platform	tracked	web/web/test-results/ui-audit/dashboard-login-desktop-1440.png	preserved	potential user-owned note/screenshot/project asset
/home/dracon/Dev/dracon-platform	tracked	web/web/test-results/ui-audit/dashboard-login-mobile-375.png	preserved	potential user-owned note/screenshot/project asset
/home/dracon/Dev/dracon-platform	tracked	web/web/test-results/ui-audit/home-contact-desktop-1440.png	preserved	potential user-owned note/screenshot/project asset
/home/dracon/Dev/dracon-platform	tracked	web/web/test-results/ui-audit/home-contact-mobile-375.png	preserved	potential user-owned note/screenshot/project asset
/home/dracon/Dev/dracon-platform	tracked	web/web/test-results/ui-audit/home-desktop-1440.png	preserved	potential user-owned note/screenshot/project asset
/home/dracon/Dev/dracon-platform	tracked	web/web/test-results/ui-audit/home-mobile-375.png	preserved	potential user-owned note/screenshot/project asset
/home/dracon/Dev/dracon-platform	tracked	web/web/test-results/ui-audit/home-privacy-desktop-1440.png	preserved	potential user-owned note/screenshot/project asset
/home/dracon/Dev/dracon-platform	tracked	web/web/test-results/ui-audit/home-privacy-mobile-375.png	preserved	potential user-owned note/screenshot/project asset
/home/dracon/Dev/dracon-platform	tracked	web/web/test-results/ui-audit/home-terms-desktop-1440.png	preserved	potential user-owned note/screenshot/project asset
/home/dracon/Dev/dracon-platform	tracked	web/web/test-results/ui-audit/home-terms-mobile-375.png	preserved	potential user-owned note/screenshot/project asset
/home/dracon/Dev/dracon-platform	tracked	web/web/test-results/ui-audit/products-desktop-1440.png	preserved	potential user-owned note/screenshot/project asset
/home/dracon/Dev/dracon-platform	tracked	web/web/test-results/ui-audit/products-licensing-desktop-1440.png	preserved	potential user-owned note/screenshot/project asset
/home/dracon/Dev/dracon-platform	tracked	web/web/test-results/ui-audit/products-licensing-mobile-375.png	preserved	potential user-owned note/screenshot/project asset
/home/dracon/Dev/dracon-platform	tracked	web/web/test-results/ui-audit/products-mobile-375.png	preserved	potential user-owned note/screenshot/project asset
/home/dracon/Dev/dracon-platform	tracked	web/web/test-results/ui-audit/products-pricing-desktop-1440.png	preserved	potential user-owned note/screenshot/project asset
/home/dracon/Dev/dracon-platform	tracked	web/web/test-results/ui-audit/products-pricing-mobile-375.png	preserved	potential user-owned note/screenshot/project asset
/home/dracon/Dev/dracon-platform	tracked	web/web/test-results/ui-audit/verify-ai-hub-landing-desktop-1440.png	preserved	potential user-owned note/screenshot/project asset
/home/dracon/Dev/dracon-platform	tracked	web/web/test-results/ui-audit/verify-ai-hub-landing-mobile-375.png	preserved	potential user-owned note/screenshot/project asset
/home/dracon/Dev/dracon-platform	tracked	web/web/test-results/ui-audit/verify-dashboard-landing-desktop-1440.png	preserved	potential user-owned note/screenshot/project asset
/home/dracon/Dev/dracon-platform	tracked	web/web/test-results/ui-audit/verify-dashboard-landing-mobile-375.png	preserved	potential user-owned note/screenshot/project asset
/home/dracon/Dev/dracon-platform	tracked	web/web/test-results/ui-audit/verify-home-landing-desktop-1440.png	preserved	potential user-owned note/screenshot/project asset
/home/dracon/Dev/dracon-platform	tracked	web/web/test-results/ui-audit/verify-home-landing-mobile-375.png	preserved	potential user-owned note/screenshot/project asset
/home/dracon/Dev/dracon-platform	tracked	web/web/test-results/ui-audit/verify-products-landing-desktop-1440.png	preserved	potential user-owned note/screenshot/project asset
/home/dracon/Dev/dracon-platform	tracked	web/web/test-results/ui-audit/verify-products-landing-mobile-375.png	preserved	potential user-owned note/screenshot/project asset
/home/dracon/Dev/browser-extensions-shared	tracked	.env	blocked-needs-approval	secret-like file requires rotation/approval before removal
/home/dracon/Dev/browser-extensions-shared	tracked	SamAI/.env	blocked-needs-approval	secret-like file requires rotation/approval before removal
/home/dracon/Dev/browser-extensions-shared	tracked	SamAI/.env.example	blocked-needs-approval	secret-like file requires rotation/approval before removal
/home/dracon/Dev/browser-extensions-shared	tracked	SamAI/.env.production	blocked-needs-approval	secret-like file requires rotation/approval before removal
/home/dracon/Dev/browser-extensions-shared	tracked	SamAI/ai-job-finder/.ralph/loop-todos.md	blocked-needs-approval	possibly obsolete doc/checklist; needs approval
/home/dracon/Dev/browser-extensions-shared	tracked	SamAI/ai-job-finder/.ralph/loop-todos.state.json	blocked-needs-approval	possibly obsolete doc/checklist; needs approval
/home/dracon/Dev/browser-extensions-shared	tracked	SamAI/ai-job-finder/TEST-CHECKLIST.md	blocked-needs-approval	possibly obsolete doc/checklist; needs approval
/home/dracon/Dev/browser-extensions-shared	tracked	SamAI/ai-job-finder/TODO.md	blocked-needs-approval	possibly obsolete doc/checklist; needs approval
/home/dracon/Dev/browser-extensions-shared	tracked	SamAI/ai-job-finder/public/icon/128.png	preserved	potential user-owned note/screenshot/project asset
/home/dracon/Dev/browser-extensions-shared	tracked	SamAI/ai-job-finder/public/icon/16.png	preserved	potential user-owned note/screenshot/project asset
/home/dracon/Dev/browser-extensions-shared	tracked	SamAI/ai-job-finder/public/icon/32.png	preserved	potential user-owned note/screenshot/project asset
/home/dracon/Dev/browser-extensions-shared	tracked	SamAI/ai-job-finder/public/icon/48.png	preserved	potential user-owned note/screenshot/project asset
/home/dracon/Dev/browser-extensions-shared	tracked	SamAI/ai-job-finder/public/icon/96.png	preserved	potential user-owned note/screenshot/project asset
/home/dracon/Dev/browser-extensions-shared	tracked	SamAI/ai-job-finder/server/.env.example	blocked-needs-approval	secret-like file requires rotation/approval before removal
/home/dracon/Dev/browser-extensions-shared	tracked	SamAI/ai-job-finder/src/lib/styles/tokens.css	blocked-needs-approval	secret-like file requires rotation/approval before removal
/home/dracon/Dev/browser-extensions-shared	tracked	SamAI/assets/unnamed (1).png	preserved	potential user-owned note/screenshot/project asset
/home/dracon/Dev/browser-extensions-shared	tracked	SamAI/assets/unnamed (2).png	preserved	potential user-owned note/screenshot/project asset
/home/dracon/Dev/browser-extensions-shared	tracked	SamAI/assets/unnamed (3).png	preserved	potential user-owned note/screenshot/project asset
/home/dracon/Dev/browser-extensions-shared	tracked	SamAI/assets/unnamed (4).png	preserved	potential user-owned note/screenshot/project asset
/home/dracon/Dev/browser-extensions-shared	tracked	SamAI/assets/unnamed.png	preserved	potential user-owned note/screenshot/project asset
/home/dracon/Dev/browser-extensions-shared	tracked	SamAI/coverage/base.css	cleaned	generated coverage artifact
/home/dracon/Dev/browser-extensions-shared	tracked	SamAI/coverage/block-navigation.js	cleaned	generated coverage artifact
/home/dracon/Dev/browser-extensions-shared	tracked	SamAI/coverage/clover.xml	cleaned	generated coverage artifact
/home/dracon/Dev/browser-extensions-shared	tracked	SamAI/coverage/coverage-final.json	cleaned	generated coverage artifact
/home/dracon/Dev/browser-extensions-shared	tracked	SamAI/coverage/entrypoints/onboarding/App.tsx.html	cleaned	generated coverage artifact
/home/dracon/Dev/browser-extensions-shared	tracked	SamAI/coverage/entrypoints/onboarding/index.html	cleaned	generated coverage artifact
/home/dracon/Dev/browser-extensions-shared	tracked	SamAI/coverage/entrypoints/settings/App.tsx.html	cleaned	generated coverage artifact
/home/dracon/Dev/browser-extensions-shared	tracked	SamAI/coverage/entrypoints/settings/index.html	cleaned	generated coverage artifact
/home/dracon/Dev/browser-extensions-shared	tracked	SamAI/coverage/favicon.png	preserved	potential user-owned note/screenshot/project asset
/home/dracon/Dev/browser-extensions-shared	tracked	SamAI/coverage/index.html	cleaned	generated coverage artifact
/home/dracon/Dev/browser-extensions-shared	tracked	SamAI/coverage/prettify.css	cleaned	generated coverage artifact
/home/dracon/Dev/browser-extensions-shared	tracked	SamAI/coverage/prettify.js	cleaned	generated coverage artifact
/home/dracon/Dev/browser-extensions-shared	tracked	SamAI/coverage/services/background/handlers/ai.ts.html	cleaned	generated coverage artifact
/home/dracon/Dev/browser-extensions-shared	tracked	SamAI/coverage/services/background/handlers/index.html	cleaned	generated coverage artifact
/home/dracon/Dev/browser-extensions-shared	tracked	SamAI/coverage/services/background/handlers/navigation.ts.html	cleaned	generated coverage artifact
/home/dracon/Dev/browser-extensions-shared	tracked	SamAI/coverage/services/background/index.html	cleaned	generated coverage artifact
/home/dracon/Dev/browser-extensions-shared	tracked	SamAI/coverage/services/background/messageHandlers.ts.html	cleaned	generated coverage artifact
/home/dracon/Dev/browser-extensions-shared	tracked	SamAI/coverage/sort-arrow-sprite.png	preserved	potential user-owned note/screenshot/project asset
/home/dracon/Dev/browser-extensions-shared	tracked	SamAI/coverage/sorter.js	cleaned	generated coverage artifact
/home/dracon/Dev/browser-extensions-shared	tracked	SamAI/coverage/src/content/SearchPanel.tsx.html	cleaned	generated coverage artifact
/home/dracon/Dev/browser-extensions-shared	tracked	SamAI/coverage/src/content/index.html	cleaned	generated coverage artifact
/home/dracon/Dev/browser-extensions-shared	tracked	SamAI/coverage/test/__mocks__/@dracon/wxt-shared/byok.ts.html	cleaned	generated coverage artifact
/home/dracon/Dev/browser-extensions-shared	tracked	SamAI/coverage/test/__mocks__/@dracon/wxt-shared/index.html	cleaned	generated coverage artifact
/home/dracon/Dev/browser-extensions-shared	tracked	SamAI/coverage/utils/api.ts.html	cleaned	generated coverage artifact
/home/dracon/Dev/browser-extensions-shared	tracked	SamAI/coverage/utils/autoFormFiller.ts.html	cleaned	generated coverage artifact
/home/dracon/Dev/browser-extensions-shared	tracked	SamAI/coverage/utils/byokStore.ts.html	cleaned	generated coverage artifact
/home/dracon/Dev/browser-extensions-shared	tracked	SamAI/coverage/utils/codeFetcher.ts.html	cleaned	generated coverage artifact
/home/dracon/Dev/browser-extensions-shared	tracked	SamAI/coverage/utils/debug.ts.html	cleaned	generated coverage artifact
/home/dracon/Dev/browser-extensions-shared	tracked	SamAI/coverage/utils/formFiller/aiGenerator.ts.html	cleaned	generated coverage artifact
/home/dracon/Dev/browser-extensions-shared	tracked	SamAI/coverage/utils/formFiller/analyzer.ts.html	cleaned	generated coverage artifact
/home/dracon/Dev/browser-extensions-shared	tracked	SamAI/coverage/utils/formFiller/filler.ts.html	cleaned	generated coverage artifact
/home/dracon/Dev/browser-extensions-shared	tracked	SamAI/coverage/utils/formFiller/index.html	cleaned	generated coverage artifact
/home/dracon/Dev/browser-extensions-shared	tracked	SamAI/coverage/utils/formFiller/profileMapper.ts.html	cleaned	generated coverage artifact
/home/dracon/Dev/browser-extensions-shared	tracked	SamAI/coverage/utils/formProfileTemplates.json.html	cleaned	generated coverage artifact
/home/dracon/Dev/browser-extensions-shared	tracked	SamAI/coverage/utils/gmail/index.html	cleaned	generated coverage artifact
/home/dracon/Dev/browser-extensions-shared	tracked	SamAI/coverage/utils/gmail/index.ts.html	cleaned	generated coverage artifact
/home/dracon/Dev/browser-extensions-shared	tracked	SamAI/coverage/utils/index.html	cleaned	generated coverage artifact
/home/dracon/Dev/browser-extensions-shared	tracked	SamAI/coverage/utils/optionGenerator.ts.html	cleaned	generated coverage artifact
/home/dracon/Dev/browser-extensions-shared	tracked	SamAI/coverage/utils/otp/index.html	cleaned	generated coverage artifact
/home/dracon/Dev/browser-extensions-shared	tracked	SamAI/coverage/utils/otp/index.ts.html	cleaned	generated coverage artifact
/home/dracon/Dev/browser-extensions-shared	tracked	SamAI/coverage/utils/simpleFormProfiles.ts.html	cleaned	generated coverage artifact
/home/dracon/Dev/browser-extensions-shared	tracked	SamAI/coverage/utils/store.ts.html	cleaned	generated coverage artifact
/home/dracon/Dev/browser-extensions-shared	tracked	SamAI/coverage/utils/text.ts.html	cleaned	generated coverage artifact
/home/dracon/Dev/browser-extensions-shared	tracked	SamAI/docs/assets/screenshots/1.png	preserved	potential user-owned note/screenshot/project asset
/home/dracon/Dev/browser-extensions-shared	tracked	SamAI/docs/assets/screenshots/2.png	preserved	potential user-owned note/screenshot/project asset
/home/dracon/Dev/browser-extensions-shared	tracked	SamAI/docs/assets/screenshots/3.png	preserved	potential user-owned note/screenshot/project asset
/home/dracon/Dev/browser-extensions-shared	tracked	SamAI/docs/assets/screenshots/4.png	preserved	potential user-owned note/screenshot/project asset
/home/dracon/Dev/browser-extensions-shared	tracked	SamAI/docs/assets/screenshots/5.png	preserved	potential user-owned note/screenshot/project asset
/home/dracon/Dev/browser-extensions-shared	tracked	SamAI/docs/assets/screenshots/SCREENSHOTS.md	preserved	potential user-owned note/screenshot/project asset
/home/dracon/Dev/browser-extensions-shared	tracked	SamAI/docs/assets/screenshots/t1.png	preserved	potential user-owned note/screenshot/project asset
/home/dracon/Dev/browser-extensions-shared	tracked	SamAI/public/1.png	preserved	potential user-owned note/screenshot/project asset
/home/dracon/Dev/browser-extensions-shared	tracked	SamAI/public/2.png	preserved	potential user-owned note/screenshot/project asset
/home/dracon/Dev/browser-extensions-shared	tracked	SamAI/public/3.png	preserved	potential user-owned note/screenshot/project asset
/home/dracon/Dev/browser-extensions-shared	tracked	SamAI/public/4.png	preserved	potential user-owned note/screenshot/project asset
/home/dracon/Dev/browser-extensions-shared	tracked	SamAI/public/440x280.png	preserved	potential user-owned note/screenshot/project asset
/home/dracon/Dev/browser-extensions-shared	tracked	SamAI/public/5.png	preserved	potential user-owned note/screenshot/project asset
/home/dracon/Dev/browser-extensions-shared	tracked	SamAI/public/icon/128.png	preserved	potential user-owned note/screenshot/project asset
/home/dracon/Dev/browser-extensions-shared	tracked	SamAI/public/icon/16.png	preserved	potential user-owned note/screenshot/project asset
/home/dracon/Dev/browser-extensions-shared	tracked	SamAI/public/icon/32.png	preserved	potential user-owned note/screenshot/project asset
/home/dracon/Dev/browser-extensions-shared	tracked	SamAI/public/icon/48.png	preserved	potential user-owned note/screenshot/project asset
/home/dracon/Dev/browser-extensions-shared	tracked	SamAI/public/icon/96.png	preserved	potential user-owned note/screenshot/project asset
/home/dracon/Dev/browser-extensions-shared	tracked	SamAI/src/content/SearchPanel/components/NotesTab.tsx	preserved	potential user-owned note/screenshot/project asset
/home/dracon/Dev/browser-extensions-shared	tracked	SamAI/utils/notes.ts	preserved	potential user-owned note/screenshot/project asset
/home/dracon/Dev/browser-extensions-shared	tracked	ai-ats/.env	blocked-needs-approval	secret-like file requires rotation/approval before removal
/home/dracon/Dev/browser-extensions-shared	tracked	ai-ats/.env.example	blocked-needs-approval	secret-like file requires rotation/approval before removal
/home/dracon/Dev/browser-extensions-shared	tracked	ai-ats/CHECKLIST.md	blocked-needs-approval	possibly obsolete doc/checklist; needs approval
/home/dracon/Dev/browser-extensions-shared	tracked	ai-ats/public/icon/128.png	preserved	potential user-owned note/screenshot/project asset
/home/dracon/Dev/browser-extensions-shared	tracked	ai-ats/public/icon/16.png	preserved	potential user-owned note/screenshot/project asset
/home/dracon/Dev/browser-extensions-shared	tracked	ai-ats/public/icon/32.png	preserved	potential user-owned note/screenshot/project asset
/home/dracon/Dev/browser-extensions-shared	tracked	ai-ats/public/icon/48.png	preserved	potential user-owned note/screenshot/project asset
/home/dracon/Dev/browser-extensions-shared	tracked	ai-ats/public/icon/96.png	preserved	potential user-owned note/screenshot/project asset
/home/dracon/Dev/browser-extensions-shared	tracked	api-debugger/chrome-store.png	preserved	potential user-owned note/screenshot/project asset
/home/dracon/Dev/browser-extensions-shared	tracked	api-debugger/docs/RELEASE_CHECKLIST.md	blocked-needs-approval	possibly obsolete doc/checklist; needs approval
/home/dracon/Dev/browser-extensions-shared	tracked	api-debugger/docs/RELEASE_NOTES.txt	preserved	potential user-owned note/screenshot/project asset
/home/dracon/Dev/browser-extensions-shared	tracked	api-debugger/docs/assets/icon.png	preserved	potential user-owned note/screenshot/project asset
/home/dracon/Dev/browser-extensions-shared	tracked	api-debugger/docs/assets/screenshot.png	preserved	potential user-owned note/screenshot/project asset
/home/dracon/Dev/browser-extensions-shared	tracked	api-debugger/public/icon/128.png	preserved	potential user-owned note/screenshot/project asset
/home/dracon/Dev/browser-extensions-shared	tracked	api-debugger/public/icon/16.png	preserved	potential user-owned note/screenshot/project asset
/home/dracon/Dev/browser-extensions-shared	tracked	api-debugger/public/icon/32.png	preserved	potential user-owned note/screenshot/project asset
/home/dracon/Dev/browser-extensions-shared	tracked	api-debugger/public/icon/48.png	preserved	potential user-owned note/screenshot/project asset
/home/dracon/Dev/browser-extensions-shared	tracked	api-debugger/public/icon/96.png	preserved	potential user-owned note/screenshot/project asset
/home/dracon/Dev/browser-extensions-shared	tracked	api-debugger/public/thumb.png	preserved	potential user-owned note/screenshot/project asset
/home/dracon/Dev/browser-extensions-shared	tracked	auto-form-filler/.audit-ui/aria-check2/Default/Account Web Data	cleaned	browser profile/cache/history/local-storage data outside .pi
/home/dracon/Dev/browser-extensions-shared	tracked	auto-form-filler/.audit-ui/aria-check2/Default/Account Web Data-journal	cleaned	browser profile/cache/history/local-storage data outside .pi
/home/dracon/Dev/browser-extensions-shared	tracked	auto-form-filler/.audit-ui/aria-check2/Default/BookmarkMergedSurfaceOrdering	cleaned	browser profile/cache/history/local-storage data outside .pi
/home/dracon/Dev/browser-extensions-shared	tracked	auto-form-filler/.audit-ui/aria-check2/Default/Cache/Cache_Data/7e0f8c4ddb5a9a1e_0	cleaned	browser profile/cache/history/local-storage data outside .pi
/home/dracon/Dev/browser-extensions-shared	tracked	auto-form-filler/.audit-ui/aria-check2/Default/Cache/Cache_Data/8121ea39bde7a9ef_0	cleaned	browser profile/cache/history/local-storage data outside .pi
/home/dracon/Dev/browser-extensions-shared	tracked	auto-form-filler/.audit-ui/aria-check2/Default/Cache/Cache_Data/eb1e553f9fc0ebeb_0	cleaned	browser profile/cache/history/local-storage data outside .pi
/home/dracon/Dev/browser-extensions-shared	tracked	auto-form-filler/.audit-ui/aria-check2/Default/Cache/Cache_Data/index	cleaned	browser profile/cache/history/local-storage data outside .pi
/home/dracon/Dev/browser-extensions-shared	tracked	auto-form-filler/.audit-ui/aria-check2/Default/Cache/Cache_Data/index-dir/the-real-index	cleaned	browser profile/cache/history/local-storage data outside .pi
/home/dracon/Dev/browser-extensions-shared	tracked	auto-form-filler/.audit-ui/aria-check2/Default/Cache/No_Vary_Search/journal.baj	cleaned	browser profile/cache/history/local-storage data outside .pi
/home/dracon/Dev/browser-extensions-shared	tracked	auto-form-filler/.audit-ui/aria-check2/Default/Cache/No_Vary_Search/snapshot.baf	cleaned	browser profile/cache/history/local-storage data outside .pi
/home/dracon/Dev/browser-extensions-shared	tracked	auto-form-filler/.audit-ui/aria-check2/Default/Cookies	cleaned	browser profile/cache/history/local-storage data outside .pi
/home/dracon/Dev/browser-extensions-shared	tracked	auto-form-filler/.audit-ui/aria-check2/Default/Cookies-journal	cleaned	browser profile/cache/history/local-storage data outside .pi
/home/dracon/Dev/browser-extensions-shared	tracked	auto-form-filler/.audit-ui/aria-check2/Default/DawnGraphiteCache/data_0	cleaned	browser profile/cache/history/local-storage data outside .pi
/home/dracon/Dev/browser-extensions-shared	tracked	auto-form-filler/.audit-ui/aria-check2/Default/DawnGraphiteCache/data_1	cleaned	browser profile/cache/history/local-storage data outside .pi
/home/dracon/Dev/browser-extensions-shared	tracked	auto-form-filler/.audit-ui/aria-check2/Default/DawnGraphiteCache/data_2	cleaned	browser profile/cache/history/local-storage data outside .pi
/home/dracon/Dev/browser-extensions-shared	tracked	auto-form-filler/.audit-ui/aria-check2/Default/DawnGraphiteCache/data_3	cleaned	browser profile/cache/history/local-storage data outside .pi
/home/dracon/Dev/browser-extensions-shared	tracked	auto-form-filler/.audit-ui/aria-check2/Default/DawnGraphiteCache/index	cleaned	browser profile/cache/history/local-storage data outside .pi
/home/dracon/Dev/browser-extensions-shared	tracked	auto-form-filler/.audit-ui/aria-check2/Default/DawnWebGPUCache/data_0	cleaned	browser profile/cache/history/local-storage data outside .pi
/home/dracon/Dev/browser-extensions-shared	tracked	auto-form-filler/.audit-ui/aria-check2/Default/DawnWebGPUCache/data_1	cleaned	browser profile/cache/history/local-storage data outside .pi
/home/dracon/Dev/browser-extensions-shared	tracked	auto-form-filler/.audit-ui/aria-check2/Default/DawnWebGPUCache/data_2	cleaned	browser profile/cache/history/local-storage data outside .pi
/home/dracon/Dev/browser-extensions-shared	tracked	auto-form-filler/.audit-ui/aria-check2/Default/DawnWebGPUCache/data_3	cleaned	browser profile/cache/history/local-storage data outside .pi
/home/dracon/Dev/browser-extensions-shared	tracked	auto-form-filler/.audit-ui/aria-check2/Default/DawnWebGPUCache/index	cleaned	browser profile/cache/history/local-storage data outside .pi
/home/dracon/Dev/browser-extensions-shared	tracked	auto-form-filler/.audit-ui/aria-check2/Default/Extension Rules/CURRENT	cleaned	browser profile/cache/history/local-storage data outside .pi
/home/dracon/Dev/browser-extensions-shared	tracked	auto-form-filler/.audit-ui/aria-check2/Default/Extension Rules/LOCK	cleaned	browser profile/cache/history/local-storage data outside .pi
/home/dracon/Dev/browser-extensions-shared	tracked	auto-form-filler/.audit-ui/aria-check2/Default/Extension Rules/LOG	cleaned	browser profile/cache/history/local-storage data outside .pi
/home/dracon/Dev/browser-extensions-shared	tracked	auto-form-filler/.audit-ui/aria-check2/Default/Extension Rules/MANIFEST-000001	cleaned	browser profile/cache/history/local-storage data outside .pi
/home/dracon/Dev/browser-extensions-shared	tracked	auto-form-filler/.audit-ui/aria-check2/Default/Extension Scripts/CURRENT	cleaned	browser profile/cache/history/local-storage data outside .pi
/home/dracon/Dev/browser-extensions-shared	tracked	auto-form-filler/.audit-ui/aria-check2/Default/Extension Scripts/LOCK	cleaned	browser profile/cache/history/local-storage data outside .pi
/home/dracon/Dev/browser-extensions-shared	tracked	auto-form-filler/.audit-ui/aria-check2/Default/Extension Scripts/LOG	cleaned	browser profile/cache/history/local-storage data outside .pi
/home/dracon/Dev/browser-extensions-shared	tracked	auto-form-filler/.audit-ui/aria-check2/Default/Extension Scripts/MANIFEST-000001	cleaned	browser profile/cache/history/local-storage data outside .pi
/home/dracon/Dev/browser-extensions-shared	tracked	auto-form-filler/.audit-ui/aria-check2/Default/Extension State/CURRENT	cleaned	browser profile/cache/history/local-storage data outside .pi
/home/dracon/Dev/browser-extensions-shared	tracked	auto-form-filler/.audit-ui/aria-check2/Default/Extension State/LOCK	cleaned	browser profile/cache/history/local-storage data outside .pi
/home/dracon/Dev/browser-extensions-shared	tracked	auto-form-filler/.audit-ui/aria-check2/Default/Extension State/LOG	cleaned	browser profile/cache/history/local-storage data outside .pi
/home/dracon/Dev/browser-extensions-shared	tracked	auto-form-filler/.audit-ui/aria-check2/Default/Extension State/MANIFEST-000001	cleaned	browser profile/cache/history/local-storage data outside .pi
/home/dracon/Dev/browser-extensions-shared	tracked	auto-form-filler/.audit-ui/aria-check2/Default/GPUCache/data_0	cleaned	browser profile/cache/history/local-storage data outside .pi
/home/dracon/Dev/browser-extensions-shared	tracked	auto-form-filler/.audit-ui/aria-check2/Default/GPUCache/data_1	cleaned	browser profile/cache/history/local-storage data outside .pi
/home/dracon/Dev/browser-extensions-shared	tracked	auto-form-filler/.audit-ui/aria-check2/Default/GPUCache/data_2	cleaned	browser profile/cache/history/local-storage data outside .pi
/home/dracon/Dev/browser-extensions-shared	tracked	auto-form-filler/.audit-ui/aria-check2/Default/GPUCache/data_3	cleaned	browser profile/cache/history/local-storage data outside .pi
/home/dracon/Dev/browser-extensions-shared	tracked	auto-form-filler/.audit-ui/aria-check2/Default/GPUCache/index	cleaned	browser profile/cache/history/local-storage data outside .pi
/home/dracon/Dev/browser-extensions-shared	tracked	auto-form-filler/.audit-ui/aria-check2/Default/History	cleaned	browser profile/cache/history/local-storage data outside .pi
/home/dracon/Dev/browser-extensions-shared	tracked	auto-form-filler/.audit-ui/aria-check2/Default/History-journal	cleaned	browser profile/cache/history/local-storage data outside .pi
/home/dracon/Dev/browser-extensions-shared	tracked	auto-form-filler/.audit-ui/aria-check2/Default/Local Extension Settings/eainhgdjdmipbcjhbjbnhgmccchbaegd/CURRENT	cleaned	browser profile/cache/history/local-storage data outside .pi
/home/dracon/Dev/browser-extensions-shared	tracked	auto-form-filler/.audit-ui/aria-check2/Default/Local Extension Settings/eainhgdjdmipbcjhbjbnhgmccchbaegd/LOCK	cleaned	browser profile/cache/history/local-storage data outside .pi
/home/dracon/Dev/browser-extensions-shared	tracked	auto-form-filler/.audit-ui/aria-check2/Default/Local Extension Settings/eainhgdjdmipbcjhbjbnhgmccchbaegd/LOG	cleaned	browser profile/cache/history/local-storage data outside .pi
/home/dracon/Dev/browser-extensions-shared	tracked	auto-form-filler/.audit-ui/aria-check2/Default/Local Extension Settings/eainhgdjdmipbcjhbjbnhgmccchbaegd/MANIFEST-000001	cleaned	browser profile/cache/history/local-storage data outside .pi
/home/dracon/Dev/browser-extensions-shared	tracked	auto-form-filler/.audit-ui/aria-check2/Default/Local Storage/leveldb/CURRENT	cleaned	browser profile/cache/history/local-storage data outside .pi
/home/dracon/Dev/browser-extensions-shared	tracked	auto-form-filler/.audit-ui/aria-check2/Default/Local Storage/leveldb/LOCK	cleaned	browser profile/cache/history/local-storage data outside .pi
/home/dracon/Dev/browser-extensions-shared	tracked	auto-form-filler/.audit-ui/aria-check2/Default/Local Storage/leveldb/LOG	cleaned	browser profile/cache/history/local-storage data outside .pi
/home/dracon/Dev/browser-extensions-shared	tracked	auto-form-filler/.audit-ui/aria-check2/Default/Local Storage/leveldb/MANIFEST-000001	cleaned	browser profile/cache/history/local-storage data outside .pi
/home/dracon/Dev/browser-extensions-shared	tracked	auto-form-filler/.audit-ui/aria-check2/Default/Network Persistent State	cleaned	browser profile/cache/history/local-storage data outside .pi
/home/dracon/Dev/browser-extensions-shared	tracked	auto-form-filler/.audit-ui/aria-check2/Default/Reporting and NEL	cleaned	browser profile/cache/history/local-storage data outside .pi
/home/dracon/Dev/browser-extensions-shared	tracked	auto-form-filler/.audit-ui/aria-check2/Default/Reporting and NEL-journal	cleaned	browser profile/cache/history/local-storage data outside .pi
/home/dracon/Dev/browser-extensions-shared	tracked	auto-form-filler/.audit-ui/aria-check2/Default/Service Worker/Database/CURRENT	cleaned	browser profile/cache/history/local-storage data outside .pi
/home/dracon/Dev/browser-extensions-shared	tracked	auto-form-filler/.audit-ui/aria-check2/Default/Service Worker/Database/LOCK	cleaned	browser profile/cache/history/local-storage data outside .pi
/home/dracon/Dev/browser-extensions-shared	tracked	auto-form-filler/.audit-ui/aria-check2/Default/Service Worker/Database/LOG	cleaned	browser profile/cache/history/local-storage data outside .pi
/home/dracon/Dev/browser-extensions-shared	tracked	auto-form-filler/.audit-ui/aria-check2/Default/Service Worker/Database/MANIFEST-000001	cleaned	browser profile/cache/history/local-storage data outside .pi
/home/dracon/Dev/browser-extensions-shared	tracked	auto-form-filler/.audit-ui/aria-check2/Default/Service Worker/ScriptCache/2cc80dabc69f58b6_0	cleaned	browser profile/cache/history/local-storage data outside .pi
/home/dracon/Dev/browser-extensions-shared	tracked	auto-form-filler/.audit-ui/aria-check2/Default/Service Worker/ScriptCache/2cc80dabc69f58b6_1	cleaned	browser profile/cache/history/local-storage data outside .pi
/home/dracon/Dev/browser-extensions-shared	tracked	auto-form-filler/.audit-ui/aria-check2/Default/Service Worker/ScriptCache/index	cleaned	browser profile/cache/history/local-storage data outside .pi
/home/dracon/Dev/browser-extensions-shared	tracked	auto-form-filler/.audit-ui/aria-check2/Default/Service Worker/ScriptCache/index-dir/the-real-index	cleaned	browser profile/cache/history/local-storage data outside .pi
/home/dracon/Dev/browser-extensions-shared	tracked	auto-form-filler/.audit-ui/aria-check2/Default/Sessions/Session_13425646648990911	cleaned	browser profile/cache/history/local-storage data outside .pi
/home/dracon/Dev/browser-extensions-shared	tracked	auto-form-filler/.audit-ui/aria-check2/Default/Sessions/Tabs_13425646649005523	cleaned	browser profile/cache/history/local-storage data outside .pi
/home/dracon/Dev/browser-extensions-shared	tracked	auto-form-filler/.audit-ui/aria-check2/Default/Site Characteristics Database/CURRENT	cleaned	browser profile/cache/history/local-storage data outside .pi
/home/dracon/Dev/browser-extensions-shared	tracked	auto-form-filler/.audit-ui/aria-check2/Default/Site Characteristics Database/LOCK	cleaned	browser profile/cache/history/local-storage data outside .pi
/home/dracon/Dev/browser-extensions-shared	tracked	auto-form-filler/.audit-ui/aria-check2/Default/Site Characteristics Database/LOG	cleaned	browser profile/cache/history/local-storage data outside .pi
/home/dracon/Dev/browser-extensions-shared	tracked	auto-form-filler/.audit-ui/aria-check2/Default/Site Characteristics Database/MANIFEST-000001	cleaned	browser profile/cache/history/local-storage data outside .pi
/home/dracon/Dev/browser-extensions-shared	tracked	auto-form-filler/.audit-ui/aria-check2/Default/Sync Data/LevelDB/CURRENT	cleaned	browser profile/cache/history/local-storage data outside .pi
/home/dracon/Dev/browser-extensions-shared	tracked	auto-form-filler/.audit-ui/aria-check2/Default/Sync Data/LevelDB/LOCK	cleaned	browser profile/cache/history/local-storage data outside .pi
/home/dracon/Dev/browser-extensions-shared	tracked	auto-form-filler/.audit-ui/aria-check2/Default/Sync Data/LevelDB/LOG	cleaned	browser profile/cache/history/local-storage data outside .pi
/home/dracon/Dev/browser-extensions-shared	tracked	auto-form-filler/.audit-ui/aria-check2/Default/Sync Data/LevelDB/MANIFEST-000001	cleaned	browser profile/cache/history/local-storage data outside .pi
/home/dracon/Dev/browser-extensions-shared	tracked	auto-form-filler/.audit-ui/aria-check2/Default/Sync Extension Settings/eainhgdjdmipbcjhbjbnhgmccchbaegd/CURRENT	cleaned	browser profile/cache/history/local-storage data outside .pi
/home/dracon/Dev/browser-extensions-shared	tracked	auto-form-filler/.audit-ui/aria-check2/Default/Sync Extension Settings/eainhgdjdmipbcjhbjbnhgmccchbaegd/LOCK	cleaned	browser profile/cache/history/local-storage data outside .pi
/home/dracon/Dev/browser-extensions-shared	tracked	auto-form-filler/.audit-ui/aria-check2/Default/Sync Extension Settings/eainhgdjdmipbcjhbjbnhgmccchbaegd/LOG	cleaned	browser profile/cache/history/local-storage data outside .pi
/home/dracon/Dev/browser-extensions-shared	tracked	auto-form-filler/.audit-ui/aria-check2/Default/Sync Extension Settings/eainhgdjdmipbcjhbjbnhgmccchbaegd/MANIFEST-000001	cleaned	browser profile/cache/history/local-storage data outside .pi
/home/dracon/Dev/browser-extensions-shared	tracked	auto-form-filler/.audit-ui/aria-check2/Default/TransportSecurity	cleaned	browser profile/cache/history/local-storage data outside .pi
/home/dracon/Dev/browser-extensions-shared	tracked	auto-form-filler/.audit-ui/aria-check2/Default/Trust Tokens	blocked-needs-approval	secret-like file requires rotation/approval before removal
/home/dracon/Dev/browser-extensions-shared	tracked	auto-form-filler/.audit-ui/aria-check2/Default/Trust Tokens-journal	blocked-needs-approval	secret-like file requires rotation/approval before removal
/home/dracon/Dev/browser-extensions-shared	tracked	auto-form-filler/.audit-ui/aria-check2/Default/WebStorage/QuotaManager	cleaned	browser profile/cache/history/local-storage data outside .pi
/home/dracon/Dev/browser-extensions-shared	tracked	auto-form-filler/.audit-ui/aria-check2/Default/WebStorage/QuotaManager-journal	cleaned	browser profile/cache/history/local-storage data outside .pi
/home/dracon/Dev/browser-extensions-shared	tracked	auto-form-filler/.audit-ui/aria-check2/Default/shared_proto_db/CURRENT	cleaned	browser profile/cache/history/local-storage data outside .pi
/home/dracon/Dev/browser-extensions-shared	tracked	auto-form-filler/.audit-ui/aria-check2/Default/shared_proto_db/LOCK	cleaned	browser profile/cache/history/local-storage data outside .pi
/home/dracon/Dev/browser-extensions-shared	tracked	auto-form-filler/.audit-ui/aria-check2/Default/shared_proto_db/LOG	cleaned	browser profile/cache/history/local-storage data outside .pi
/home/dracon/Dev/browser-extensions-shared	tracked	auto-form-filler/.audit-ui/aria-check2/Default/shared_proto_db/MANIFEST-000001	cleaned	browser profile/cache/history/local-storage data outside .pi
/home/dracon/Dev/browser-extensions-shared	tracked	auto-form-filler/.audit-ui/aria-check2/Default/shared_proto_db/metadata/CURRENT	cleaned	browser profile/cache/history/local-storage data outside .pi
/home/dracon/Dev/browser-extensions-shared	tracked	auto-form-filler/.audit-ui/aria-check2/Default/shared_proto_db/metadata/LOCK	cleaned	browser profile/cache/history/local-storage data outside .pi
/home/dracon/Dev/browser-extensions-shared	tracked	auto-form-filler/.audit-ui/aria-check2/Default/shared_proto_db/metadata/LOG	cleaned	browser profile/cache/history/local-storage data outside .pi
/home/dracon/Dev/browser-extensions-shared	tracked	auto-form-filler/.audit-ui/aria-check2/Default/shared_proto_db/metadata/MANIFEST-000001	cleaned	browser profile/cache/history/local-storage data outside .pi
/home/dracon/Dev/browser-extensions-shared	tracked	auto-form-filler/.audit-ui/aria-test2/Default/Account Web Data	cleaned	browser profile/cache/history/local-storage data outside .pi
/home/dracon/Dev/browser-extensions-shared	tracked	auto-form-filler/.audit-ui/aria-test2/Default/Account Web Data-journal	cleaned	browser profile/cache/history/local-storage data outside .pi
/home/dracon/Dev/browser-extensions-shared	tracked	auto-form-filler/.audit-ui/aria-test2/Default/BookmarkMergedSurfaceOrdering	cleaned	browser profile/cache/history/local-storage data outside .pi
/home/dracon/Dev/browser-extensions-shared	tracked	auto-form-filler/.audit-ui/aria-test2/Default/Cache/Cache_Data/7e0f8c4ddb5a9a1e_0	cleaned	browser profile/cache/history/local-storage data outside .pi
/home/dracon/Dev/browser-extensions-shared	tracked	auto-form-filler/.audit-ui/aria-test2/Default/Cache/Cache_Data/8121ea39bde7a9ef_0	cleaned	browser profile/cache/history/local-storage data outside .pi
/home/dracon/Dev/browser-extensions-shared	tracked	auto-form-filler/.audit-ui/aria-test2/Default/Cache/Cache_Data/eb1e553f9fc0ebeb_0	cleaned	browser profile/cache/history/local-storage data outside .pi
/home/dracon/Dev/browser-extensions-shared	tracked	auto-form-filler/.audit-ui/aria-test2/Default/Cache/Cache_Data/index	cleaned	browser profile/cache/history/local-storage data outside .pi
/home/dracon/Dev/browser-extensions-shared	tracked	auto-form-filler/.audit-ui/aria-test2/Default/Cache/Cache_Data/index-dir/the-real-index	cleaned	browser profile/cache/history/local-storage data outside .pi
/home/dracon/Dev/browser-extensions-shared	tracked	auto-form-filler/.audit-ui/aria-test2/Default/Cache/No_Vary_Search/journal.baj	cleaned	browser profile/cache/history/local-storage data outside .pi
/home/dracon/Dev/browser-extensions-shared	tracked	auto-form-filler/.audit-ui/aria-test2/Default/Cache/No_Vary_Search/snapshot.baf	cleaned	browser profile/cache/history/local-storage data outside .pi
/home/dracon/Dev/browser-extensions-shared	tracked	auto-form-filler/.audit-ui/aria-test2/Default/Cookies	cleaned	browser profile/cache/history/local-storage data outside .pi
/home/dracon/Dev/browser-extensions-shared	tracked	auto-form-filler/.audit-ui/aria-test2/Default/Cookies-journal	cleaned	browser profile/cache/history/local-storage data outside .pi
/home/dracon/Dev/browser-extensions-shared	tracked	auto-form-filler/.audit-ui/aria-test2/Default/DawnGraphiteCache/data_0	cleaned	browser profile/cache/history/local-storage data outside .pi
/home/dracon/Dev/browser-extensions-shared	tracked	auto-form-filler/.audit-ui/aria-test2/Default/DawnGraphiteCache/data_1	cleaned	browser profile/cache/history/local-storage data outside .pi
/home/dracon/Dev/browser-extensions-shared	tracked	auto-form-filler/.audit-ui/aria-test2/Default/DawnGraphiteCache/data_2	cleaned	browser profile/cache/history/local-storage data outside .pi
/home/dracon/Dev/browser-extensions-shared	tracked	auto-form-filler/.audit-ui/aria-test2/Default/DawnGraphiteCache/data_3	cleaned	browser profile/cache/history/local-storage data outside .pi
/home/dracon/Dev/browser-extensions-shared	tracked	auto-form-filler/.audit-ui/aria-test2/Default/DawnGraphiteCache/index	cleaned	browser profile/cache/history/local-storage data outside .pi
/home/dracon/Dev/browser-extensions-shared	tracked	auto-form-filler/.audit-ui/aria-test2/Default/DawnWebGPUCache/data_0	cleaned	browser profile/cache/history/local-storage data outside .pi
/home/dracon/Dev/browser-extensions-shared	tracked	auto-form-filler/.audit-ui/aria-test2/Default/DawnWebGPUCache/data_1	cleaned	browser profile/cache/history/local-storage data outside .pi
/home/dracon/Dev/browser-extensions-shared	tracked	auto-form-filler/.audit-ui/aria-test2/Default/DawnWebGPUCache/data_2	cleaned	browser profile/cache/history/local-storage data outside .pi
/home/dracon/Dev/browser-extensions-shared	tracked	auto-form-filler/.audit-ui/aria-test2/Default/DawnWebGPUCache/data_3	cleaned	browser profile/cache/history/local-storage data outside .pi
/home/dracon/Dev/browser-extensions-shared	tracked	auto-form-filler/.audit-ui/aria-test2/Default/DawnWebGPUCache/index	cleaned	browser profile/cache/history/local-storage data outside .pi
/home/dracon/Dev/browser-extensions-shared	tracked	auto-form-filler/.audit-ui/aria-test2/Default/Extension Rules/CURRENT	cleaned	browser profile/cache/history/local-storage data outside .pi
/home/dracon/Dev/browser-extensions-shared	tracked	auto-form-filler/.audit-ui/aria-test2/Default/Extension Rules/LOCK	cleaned	browser profile/cache/history/local-storage data outside .pi
/home/dracon/Dev/browser-extensions-shared	tracked	auto-form-filler/.audit-ui/aria-test2/Default/Extension Rules/LOG	cleaned	browser profile/cache/history/local-storage data outside .pi
/home/dracon/Dev/browser-extensions-shared	tracked	auto-form-filler/.audit-ui/aria-test2/Default/Extension Rules/MANIFEST-000001	cleaned	browser profile/cache/history/local-storage data outside .pi
/home/dracon/Dev/browser-extensions-shared	tracked	auto-form-filler/.audit-ui/aria-test2/Default/Extension Scripts/CURRENT	cleaned	browser profile/cache/history/local-storage data outside .pi
/home/dracon/Dev/browser-extensions-shared	tracked	auto-form-filler/.audit-ui/aria-test2/Default/Extension Scripts/LOCK	cleaned	browser profile/cache/history/local-storage data outside .pi
/home/dracon/Dev/browser-extensions-shared	tracked	auto-form-filler/.audit-ui/aria-test2/Default/Extension Scripts/LOG	cleaned	browser profile/cache/history/local-storage data outside .pi
/home/dracon/Dev/browser-extensions-shared	tracked	auto-form-filler/.audit-ui/aria-test2/Default/Extension Scripts/MANIFEST-000001	cleaned	browser profile/cache/history/local-storage data outside .pi
/home/dracon/Dev/browser-extensions-shared	tracked	auto-form-filler/.audit-ui/aria-test2/Default/Extension State/CURRENT	cleaned	browser profile/cache/history/local-storage data outside .pi
/home/dracon/Dev/browser-extensions-shared	tracked	auto-form-filler/.audit-ui/aria-test2/Default/Extension State/LOCK	cleaned	browser profile/cache/history/local-storage data outside .pi
/home/dracon/Dev/browser-extensions-shared	tracked	auto-form-filler/.audit-ui/aria-test2/Default/Extension State/LOG	cleaned	browser profile/cache/history/local-storage data outside .pi
/home/dracon/Dev/browser-extensions-shared	tracked	auto-form-filler/.audit-ui/aria-test2/Default/Extension State/MANIFEST-000001	cleaned	browser profile/cache/history/local-storage data outside .pi
/home/dracon/Dev/browser-extensions-shared	tracked	auto-form-filler/.audit-ui/aria-test2/Default/GPUCache/data_0	cleaned	browser profile/cache/history/local-storage data outside .pi
/home/dracon/Dev/browser-extensions-shared	tracked	auto-form-filler/.audit-ui/aria-test2/Default/GPUCache/data_1	cleaned	browser profile/cache/history/local-storage data outside .pi
/home/dracon/Dev/browser-extensions-shared	tracked	auto-form-filler/.audit-ui/aria-test2/Default/GPUCache/data_2	cleaned	browser profile/cache/history/local-storage data outside .pi
/home/dracon/Dev/browser-extensions-shared	tracked	auto-form-filler/.audit-ui/aria-test2/Default/GPUCache/data_3	cleaned	browser profile/cache/history/local-storage data outside .pi
/home/dracon/Dev/browser-extensions-shared	tracked	auto-form-filler/.audit-ui/aria-test2/Default/GPUCache/index	cleaned	browser profile/cache/history/local-storage data outside .pi
/home/dracon/Dev/browser-extensions-shared	tracked	auto-form-filler/.audit-ui/aria-test2/Default/History	cleaned	browser profile/cache/history/local-storage data outside .pi
/home/dracon/Dev/browser-extensions-shared	tracked	auto-form-filler/.audit-ui/aria-test2/Default/History-journal	cleaned	browser profile/cache/history/local-storage data outside .pi
/home/dracon/Dev/browser-extensions-shared	tracked	auto-form-filler/.audit-ui/aria-test2/Default/Local Extension Settings/eainhgdjdmipbcjhbjbnhgmccchbaegd/CURRENT	cleaned	browser profile/cache/history/local-storage data outside .pi
/home/dracon/Dev/browser-extensions-shared	tracked	auto-form-filler/.audit-ui/aria-test2/Default/Local Extension Settings/eainhgdjdmipbcjhbjbnhgmccchbaegd/LOCK	cleaned	browser profile/cache/history/local-storage data outside .pi
/home/dracon/Dev/browser-extensions-shared	tracked	auto-form-filler/.audit-ui/aria-test2/Default/Local Extension Settings/eainhgdjdmipbcjhbjbnhgmccchbaegd/LOG	cleaned	browser profile/cache/history/local-storage data outside .pi
/home/dracon/Dev/browser-extensions-shared	tracked	auto-form-filler/.audit-ui/aria-test2/Default/Local Extension Settings/eainhgdjdmipbcjhbjbnhgmccchbaegd/MANIFEST-000001	cleaned	browser profile/cache/history/local-storage data outside .pi
/home/dracon/Dev/browser-extensions-shared	tracked	auto-form-filler/.audit-ui/aria-test2/Default/Local Storage/leveldb/CURRENT	cleaned	browser profile/cache/history/local-storage data outside .pi
/home/dracon/Dev/browser-extensions-shared	tracked	auto-form-filler/.audit-ui/aria-test2/Default/Local Storage/leveldb/LOCK	cleaned	browser profile/cache/history/local-storage data outside .pi
/home/dracon/Dev/browser-extensions-shared	tracked	auto-form-filler/.audit-ui/aria-test2/Default/Local Storage/leveldb/LOG	cleaned	browser profile/cache/history/local-storage data outside .pi
/home/dracon/Dev/browser-extensions-shared	tracked	auto-form-filler/.audit-ui/aria-test2/Default/Local Storage/leveldb/MANIFEST-000001	cleaned	browser profile/cache/history/local-storage data outside .pi
/home/dracon/Dev/browser-extensions-shared	tracked	auto-form-filler/.audit-ui/aria-test2/Default/Network Persistent State	cleaned	browser profile/cache/history/local-storage data outside .pi
/home/dracon/Dev/browser-extensions-shared	tracked	auto-form-filler/.audit-ui/aria-test2/Default/Reporting and NEL	cleaned	browser profile/cache/history/local-storage data outside .pi
/home/dracon/Dev/browser-extensions-shared	tracked	auto-form-filler/.audit-ui/aria-test2/Default/Reporting and NEL-journal	cleaned	browser profile/cache/history/local-storage data outside .pi
/home/dracon/Dev/browser-extensions-shared	tracked	auto-form-filler/.audit-ui/aria-test2/Default/Service Worker/Database/CURRENT	cleaned	browser profile/cache/history/local-storage data outside .pi
/home/dracon/Dev/browser-extensions-shared	tracked	auto-form-filler/.audit-ui/aria-test2/Default/Service Worker/Database/LOCK	cleaned	browser profile/cache/history/local-storage data outside .pi
/home/dracon/Dev/browser-extensions-shared	tracked	auto-form-filler/.audit-ui/aria-test2/Default/Service Worker/Database/LOG	cleaned	browser profile/cache/history/local-storage data outside .pi
/home/dracon/Dev/browser-extensions-shared	tracked	auto-form-filler/.audit-ui/aria-test2/Default/Service Worker/Database/MANIFEST-000001	cleaned	browser profile/cache/history/local-storage data outside .pi
/home/dracon/Dev/browser-extensions-shared	tracked	auto-form-filler/.audit-ui/aria-test2/Default/Service Worker/ScriptCache/2cc80dabc69f58b6_0	cleaned	browser profile/cache/history/local-storage data outside .pi
/home/dracon/Dev/browser-extensions-shared	tracked	auto-form-filler/.audit-ui/aria-test2/Default/Service Worker/ScriptCache/2cc80dabc69f58b6_1	cleaned	browser profile/cache/history/local-storage data outside .pi
/home/dracon/Dev/browser-extensions-shared	tracked	auto-form-filler/.audit-ui/aria-test2/Default/Service Worker/ScriptCache/index	cleaned	browser profile/cache/history/local-storage data outside .pi
/home/dracon/Dev/browser-extensions-shared	tracked	auto-form-filler/.audit-ui/aria-test2/Default/Service Worker/ScriptCache/index-dir/the-real-index	cleaned	browser profile/cache/history/local-storage data outside .pi
/home/dracon/Dev/browser-extensions-shared	tracked	auto-form-filler/.audit-ui/aria-test2/Default/Sessions/Session_13425646256283935	cleaned	browser profile/cache/history/local-storage data outside .pi
/home/dracon/Dev/browser-extensions-shared	tracked	auto-form-filler/.audit-ui/aria-test2/Default/Sessions/Tabs_13425646256302370	cleaned	browser profile/cache/history/local-storage data outside .pi
/home/dracon/Dev/browser-extensions-shared	tracked	auto-form-filler/.audit-ui/aria-test2/Default/Site Characteristics Database/CURRENT	cleaned	browser profile/cache/history/local-storage data outside .pi
/home/dracon/Dev/browser-extensions-shared	tracked	auto-form-filler/.audit-ui/aria-test2/Default/Site Characteristics Database/LOCK	cleaned	browser profile/cache/history/local-storage data outside .pi
/home/dracon/Dev/browser-extensions-shared	tracked	auto-form-filler/.audit-ui/aria-test2/Default/Site Characteristics Database/LOG	cleaned	browser profile/cache/history/local-storage data outside .pi
/home/dracon/Dev/browser-extensions-shared	tracked	auto-form-filler/.audit-ui/aria-test2/Default/Site Characteristics Database/MANIFEST-000001	cleaned	browser profile/cache/history/local-storage data outside .pi
/home/dracon/Dev/browser-extensions-shared	tracked	auto-form-filler/.audit-ui/aria-test2/Default/Sync Data/LevelDB/CURRENT	cleaned	browser profile/cache/history/local-storage data outside .pi
/home/dracon/Dev/browser-extensions-shared	tracked	auto-form-filler/.audit-ui/aria-test2/Default/Sync Data/LevelDB/LOCK	cleaned	browser profile/cache/history/local-storage data outside .pi
/home/dracon/Dev/browser-extensions-shared	tracked	auto-form-filler/.audit-ui/aria-test2/Default/Sync Data/LevelDB/LOG	cleaned	browser profile/cache/history/local-storage data outside .pi
/home/dracon/Dev/browser-extensions-shared	tracked	auto-form-filler/.audit-ui/aria-test2/Default/Sync Data/LevelDB/MANIFEST-000001	cleaned	browser profile/cache/history/local-storage data outside .pi
/home/dracon/Dev/browser-extensions-shared	tracked	auto-form-filler/.audit-ui/aria-test2/Default/Sync Extension Settings/eainhgdjdmipbcjhbjbnhgmccchbaegd/CURRENT	cleaned	browser profile/cache/history/local-storage data outside .pi
/home/dracon/Dev/browser-extensions-shared	tracked	auto-form-filler/.audit-ui/aria-test2/Default/Sync Extension Settings/eainhgdjdmipbcjhbjbnhgmccchbaegd/LOCK	cleaned	browser profile/cache/history/local-storage data outside .pi
/home/dracon/Dev/browser-extensions-shared	tracked	auto-form-filler/.audit-ui/aria-test2/Default/Sync Extension Settings/eainhgdjdmipbcjhbjbnhgmccchbaegd/LOG	cleaned	browser profile/cache/history/local-storage data outside .pi
/home/dracon/Dev/browser-extensions-shared	tracked	auto-form-filler/.audit-ui/aria-test2/Default/Sync Extension Settings/eainhgdjdmipbcjhbjbnhgmccchbaegd/MANIFEST-000001	cleaned	browser profile/cache/history/local-storage data outside .pi
/home/dracon/Dev/browser-extensions-shared	tracked	auto-form-filler/.audit-ui/aria-test2/Default/TransportSecurity	cleaned	browser profile/cache/history/local-storage data outside .pi
/home/dracon/Dev/browser-extensions-shared	tracked	auto-form-filler/.audit-ui/aria-test2/Default/Trust Tokens	blocked-needs-approval	secret-like file requires rotation/approval before removal
/home/dracon/Dev/browser-extensions-shared	tracked	auto-form-filler/.audit-ui/aria-test2/Default/Trust Tokens-journal	blocked-needs-approval	secret-like file requires rotation/approval before removal
/home/dracon/Dev/browser-extensions-shared	tracked	auto-form-filler/.audit-ui/aria-test2/Default/WebStorage/QuotaManager	cleaned	browser profile/cache/history/local-storage data outside .pi
/home/dracon/Dev/browser-extensions-shared	tracked	auto-form-filler/.audit-ui/aria-test2/Default/WebStorage/QuotaManager-journal	cleaned	browser profile/cache/history/local-storage data outside .pi
/home/dracon/Dev/browser-extensions-shared	tracked	auto-form-filler/.audit-ui/aria-test2/Default/shared_proto_db/CURRENT	cleaned	browser profile/cache/history/local-storage data outside .pi
/home/dracon/Dev/browser-extensions-shared	tracked	auto-form-filler/.audit-ui/aria-test2/Default/shared_proto_db/LOCK	cleaned	browser profile/cache/history/local-storage data outside .pi
/home/dracon/Dev/browser-extensions-shared	tracked	auto-form-filler/.audit-ui/aria-test2/Default/shared_proto_db/LOG	cleaned	browser profile/cache/history/local-storage data outside .pi
/home/dracon/Dev/browser-extensions-shared	tracked	auto-form-filler/.audit-ui/aria-test2/Default/shared_proto_db/MANIFEST-000001	cleaned	browser profile/cache/history/local-storage data outside .pi
/home/dracon/Dev/browser-extensions-shared	tracked	auto-form-filler/.audit-ui/aria-test2/Default/shared_proto_db/metadata/CURRENT	cleaned	browser profile/cache/history/local-storage data outside .pi
/home/dracon/Dev/browser-extensions-shared	tracked	auto-form-filler/.audit-ui/aria-test2/Default/shared_proto_db/metadata/LOCK	cleaned	browser profile/cache/history/local-storage data outside .pi
/home/dracon/Dev/browser-extensions-shared	tracked	auto-form-filler/.audit-ui/aria-test2/Default/shared_proto_db/metadata/LOG	cleaned	browser profile/cache/history/local-storage data outside .pi
/home/dracon/Dev/browser-extensions-shared	tracked	auto-form-filler/.audit-ui/aria-test2/Default/shared_proto_db/metadata/MANIFEST-000001	cleaned	browser profile/cache/history/local-storage data outside .pi
/home/dracon/Dev/browser-extensions-shared	tracked	auto-form-filler/.audit-ui/dd-debug/Default/Account Web Data	cleaned	browser profile/cache/history/local-storage data outside .pi
/home/dracon/Dev/browser-extensions-shared	tracked	auto-form-filler/.audit-ui/dd-debug/Default/Account Web Data-journal	cleaned	browser profile/cache/history/local-storage data outside .pi
/home/dracon/Dev/browser-extensions-shared	tracked	auto-form-filler/.audit-ui/dd-debug/Default/AutofillAiModelCache/LOCK	cleaned	browser profile/cache/history/local-storage data outside .pi
/home/dracon/Dev/browser-extensions-shared	tracked	auto-form-filler/.audit-ui/dd-debug/Default/AutofillAiModelCache/LOG	cleaned	browser profile/cache/history/local-storage data outside .pi
/home/dracon/Dev/browser-extensions-shared	tracked	auto-form-filler/.audit-ui/dd-debug/Default/AutofillStrikeDatabase/LOCK	cleaned	browser profile/cache/history/local-storage data outside .pi
/home/dracon/Dev/browser-extensions-shared	tracked	auto-form-filler/.audit-ui/dd-debug/Default/AutofillStrikeDatabase/LOG	cleaned	browser profile/cache/history/local-storage data outside .pi
/home/dracon/Dev/browser-extensions-shared	tracked	auto-form-filler/.audit-ui/dd-debug/Default/BookmarkMergedSurfaceOrdering	cleaned	browser profile/cache/history/local-storage data outside .pi
/home/dracon/Dev/browser-extensions-shared	tracked	auto-form-filler/.audit-ui/dd-debug/Default/BudgetDatabase/LOCK	cleaned	browser profile/cache/history/local-storage data outside .pi
/home/dracon/Dev/browser-extensions-shared	tracked	auto-form-filler/.audit-ui/dd-debug/Default/BudgetDatabase/LOG	cleaned	browser profile/cache/history/local-storage data outside .pi
/home/dracon/Dev/browser-extensions-shared	tracked	auto-form-filler/.audit-ui/dd-debug/Default/Cache/Cache_Data/7e0f8c4ddb5a9a1e_0	cleaned	browser profile/cache/history/local-storage data outside .pi
/home/dracon/Dev/browser-extensions-shared	tracked	auto-form-filler/.audit-ui/dd-debug/Default/Cache/Cache_Data/8121ea39bde7a9ef_0	cleaned	browser profile/cache/history/local-storage data outside .pi
/home/dracon/Dev/browser-extensions-shared	tracked	auto-form-filler/.audit-ui/dd-debug/Default/Cache/Cache_Data/eb1e553f9fc0ebeb_0	cleaned	browser profile/cache/history/local-storage data outside .pi
/home/dracon/Dev/browser-extensions-shared	tracked	auto-form-filler/.audit-ui/dd-debug/Default/Cache/Cache_Data/index	cleaned	browser profile/cache/history/local-storage data outside .pi
/home/dracon/Dev/browser-extensions-shared	tracked	auto-form-filler/.audit-ui/dd-debug/Default/Cache/Cache_Data/index-dir/the-real-index	cleaned	browser profile/cache/history/local-storage data outside .pi
/home/dracon/Dev/browser-extensions-shared	tracked	auto-form-filler/.audit-ui/dd-debug/Default/Cache/No_Vary_Search/journal.baj	cleaned	browser profile/cache/history/local-storage data outside .pi
/home/dracon/Dev/browser-extensions-shared	tracked	auto-form-filler/.audit-ui/dd-debug/Default/Cache/No_Vary_Search/snapshot.baf	cleaned	browser profile/cache/history/local-storage data outside .pi
/home/dracon/Dev/browser-extensions-shared	tracked	auto-form-filler/.audit-ui/dd-debug/Default/Cookies	cleaned	browser profile/cache/history/local-storage data outside .pi
/home/dracon/Dev/browser-extensions-shared	tracked	auto-form-filler/.audit-ui/dd-debug/Default/Cookies-journal	cleaned	browser profile/cache/history/local-storage data outside .pi
/home/dracon/Dev/browser-extensions-shared	tracked	auto-form-filler/.audit-ui/dd-debug/Default/DawnGraphiteCache/data_0	cleaned	browser profile/cache/history/local-storage data outside .pi
/home/dracon/Dev/browser-extensions-shared	tracked	auto-form-filler/.audit-ui/dd-debug/Default/DawnGraphiteCache/data_1	cleaned	browser profile/cache/history/local-storage data outside .pi
/home/dracon/Dev/browser-extensions-shared	tracked	auto-form-filler/.audit-ui/dd-debug/Default/DawnGraphiteCache/data_2	cleaned	browser profile/cache/history/local-storage data outside .pi
/home/dracon/Dev/browser-extensions-shared	tracked	auto-form-filler/.audit-ui/dd-debug/Default/DawnGraphiteCache/data_3	cleaned	browser profile/cache/history/local-storage data outside .pi
/home/dracon/Dev/browser-extensions-shared	tracked	auto-form-filler/.audit-ui/dd-debug/Default/DawnGraphiteCache/index	cleaned	browser profile/cache/history/local-storage data outside .pi
/home/dracon/Dev/browser-extensions-shared	tracked	auto-form-filler/.audit-ui/dd-debug/Default/DawnWebGPUCache/data_0	cleaned	browser profile/cache/history/local-storage data outside .pi
/home/dracon/Dev/browser-extensions-shared	tracked	auto-form-filler/.audit-ui/dd-debug/Default/DawnWebGPUCache/data_1	cleaned	browser profile/cache/history/local-storage data outside .pi
/home/dracon/Dev/browser-extensions-shared	tracked	auto-form-filler/.audit-ui/dd-debug/Default/DawnWebGPUCache/data_2	cleaned	browser profile/cache/history/local-storage data outside .pi
/home/dracon/Dev/browser-extensions-shared	tracked	auto-form-filler/.audit-ui/dd-debug/Default/DawnWebGPUCache/data_3	cleaned	browser profile/cache/history/local-storage data outside .pi
/home/dracon/Dev/browser-extensions-shared	tracked	auto-form-filler/.audit-ui/dd-debug/Default/DawnWebGPUCache/index	cleaned	browser profile/cache/history/local-storage data outside .pi
/home/dracon/Dev/browser-extensions-shared	tracked	auto-form-filler/.audit-ui/dd-debug/Default/Extension Rules/CURRENT	cleaned	browser profile/cache/history/local-storage data outside .pi
/home/dracon/Dev/browser-extensions-shared	tracked	auto-form-filler/.audit-ui/dd-debug/Default/Extension Rules/LOCK	cleaned	browser profile/cache/history/local-storage data outside .pi
/home/dracon/Dev/browser-extensions-shared	tracked	auto-form-filler/.audit-ui/dd-debug/Default/Extension Rules/LOG	cleaned	browser profile/cache/history/local-storage data outside .pi
/home/dracon/Dev/browser-extensions-shared	tracked	auto-form-filler/.audit-ui/dd-debug/Default/Extension Rules/MANIFEST-000001	cleaned	browser profile/cache/history/local-storage data outside .pi
/home/dracon/Dev/browser-extensions-shared	tracked	auto-form-filler/.audit-ui/dd-debug/Default/Extension Scripts/CURRENT	cleaned	browser profile/cache/history/local-storage data outside .pi
/home/dracon/Dev/browser-extensions-shared	tracked	auto-form-filler/.audit-ui/dd-debug/Default/Extension Scripts/LOCK	cleaned	browser profile/cache/history/local-storage data outside .pi
/home/dracon/Dev/browser-extensions-shared	tracked	auto-form-filler/.audit-ui/dd-debug/Default/Extension Scripts/LOG	cleaned	browser profile/cache/history/local-storage data outside .pi
/home/dracon/Dev/browser-extensions-shared	tracked	auto-form-filler/.audit-ui/dd-debug/Default/Extension Scripts/MANIFEST-000001	cleaned	browser profile/cache/history/local-storage data outside .pi
/home/dracon/Dev/browser-extensions-shared	tracked	auto-form-filler/.audit-ui/dd-debug/Default/Extension State/CURRENT	cleaned	browser profile/cache/history/local-storage data outside .pi
/home/dracon/Dev/browser-extensions-shared	tracked	auto-form-filler/.audit-ui/dd-debug/Default/Extension State/LOCK	cleaned	browser profile/cache/history/local-storage data outside .pi
/home/dracon/Dev/browser-extensions-shared	tracked	auto-form-filler/.audit-ui/dd-debug/Default/Extension State/LOG	cleaned	browser profile/cache/history/local-storage data outside .pi
/home/dracon/Dev/browser-extensions-shared	tracked	auto-form-filler/.audit-ui/dd-debug/Default/Extension State/MANIFEST-000001	cleaned	browser profile/cache/history/local-storage data outside .pi
/home/dracon/Dev/browser-extensions-shared	tracked	auto-form-filler/.audit-ui/dd-debug/Default/GPUCache/data_0	cleaned	browser profile/cache/history/local-storage data outside .pi
/home/dracon/Dev/browser-extensions-shared	tracked	auto-form-filler/.audit-ui/dd-debug/Default/GPUCache/data_1	cleaned	browser profile/cache/history/local-storage data outside .pi
/home/dracon/Dev/browser-extensions-shared	tracked	auto-form-filler/.audit-ui/dd-debug/Default/GPUCache/data_2	cleaned	browser profile/cache/history/local-storage data outside .pi
/home/dracon/Dev/browser-extensions-shared	tracked	auto-form-filler/.audit-ui/dd-debug/Default/GPUCache/data_3	cleaned	browser profile/cache/history/local-storage data outside .pi
/home/dracon/Dev/browser-extensions-shared	tracked	auto-form-filler/.audit-ui/dd-debug/Default/GPUCache/index	cleaned	browser profile/cache/history/local-storage data outside .pi
/home/dracon/Dev/browser-extensions-shared	tracked	auto-form-filler/.audit-ui/dd-debug/Default/History	cleaned	browser profile/cache/history/local-storage data outside .pi
/home/dracon/Dev/browser-extensions-shared	tracked	auto-form-filler/.audit-ui/dd-debug/Default/History-journal	cleaned	browser profile/cache/history/local-storage data outside .pi
/home/dracon/Dev/browser-extensions-shared	tracked	auto-form-filler/.audit-ui/dd-debug/Default/Local Extension Settings/eainhgdjdmipbcjhbjbnhgmccchbaegd/CURRENT	cleaned	browser profile/cache/history/local-storage data outside .pi
/home/dracon/Dev/browser-extensions-shared	tracked	auto-form-filler/.audit-ui/dd-debug/Default/Local Extension Settings/eainhgdjdmipbcjhbjbnhgmccchbaegd/LOCK	cleaned	browser profile/cache/history/local-storage data outside .pi
/home/dracon/Dev/browser-extensions-shared	tracked	auto-form-filler/.audit-ui/dd-debug/Default/Local Extension Settings/eainhgdjdmipbcjhbjbnhgmccchbaegd/LOG	cleaned	browser profile/cache/history/local-storage data outside .pi
/home/dracon/Dev/browser-extensions-shared	tracked	auto-form-filler/.audit-ui/dd-debug/Default/Local Extension Settings/eainhgdjdmipbcjhbjbnhgmccchbaegd/MANIFEST-000001	cleaned	browser profile/cache/history/local-storage data outside .pi
/home/dracon/Dev/browser-extensions-shared	tracked	auto-form-filler/.audit-ui/dd-debug/Default/Local Storage/leveldb/CURRENT	cleaned	browser profile/cache/history/local-storage data outside .pi
/home/dracon/Dev/browser-extensions-shared	tracked	auto-form-filler/.audit-ui/dd-debug/Default/Local Storage/leveldb/LOCK	cleaned	browser profile/cache/history/local-storage data outside .pi
/home/dracon/Dev/browser-extensions-shared	tracked	auto-form-filler/.audit-ui/dd-debug/Default/Local Storage/leveldb/LOG	cleaned	browser profile/cache/history/local-storage data outside .pi
/home/dracon/Dev/browser-extensions-shared	tracked	auto-form-filler/.audit-ui/dd-debug/Default/Local Storage/leveldb/MANIFEST-000001	cleaned	browser profile/cache/history/local-storage data outside .pi
/home/dracon/Dev/browser-extensions-shared	tracked	auto-form-filler/.audit-ui/dd-debug/Default/Network Persistent State	cleaned	browser profile/cache/history/local-storage data outside .pi
/home/dracon/Dev/browser-extensions-shared	tracked	auto-form-filler/.audit-ui/dd-debug/Default/Reporting and NEL	cleaned	browser profile/cache/history/local-storage data outside .pi
/home/dracon/Dev/browser-extensions-shared	tracked	auto-form-filler/.audit-ui/dd-debug/Default/Reporting and NEL-journal	cleaned	browser profile/cache/history/local-storage data outside .pi
/home/dracon/Dev/browser-extensions-shared	tracked	auto-form-filler/.audit-ui/dd-debug/Default/Service Worker/Database/CURRENT	cleaned	browser profile/cache/history/local-storage data outside .pi
/home/dracon/Dev/browser-extensions-shared	tracked	auto-form-filler/.audit-ui/dd-debug/Default/Service Worker/Database/LOCK	cleaned	browser profile/cache/history/local-storage data outside .pi
/home/dracon/Dev/browser-extensions-shared	tracked	auto-form-filler/.audit-ui/dd-debug/Default/Service Worker/Database/LOG	cleaned	browser profile/cache/history/local-storage data outside .pi
/home/dracon/Dev/browser-extensions-shared	tracked	auto-form-filler/.audit-ui/dd-debug/Default/Service Worker/Database/MANIFEST-000001	cleaned	browser profile/cache/history/local-storage data outside .pi
/home/dracon/Dev/browser-extensions-shared	tracked	auto-form-filler/.audit-ui/dd-debug/Default/Service Worker/ScriptCache/2cc80dabc69f58b6_0	cleaned	browser profile/cache/history/local-storage data outside .pi
/home/dracon/Dev/browser-extensions-shared	tracked	auto-form-filler/.audit-ui/dd-debug/Default/Service Worker/ScriptCache/2cc80dabc69f58b6_1	cleaned	browser profile/cache/history/local-storage data outside .pi
/home/dracon/Dev/browser-extensions-shared	tracked	auto-form-filler/.audit-ui/dd-debug/Default/Service Worker/ScriptCache/index	cleaned	browser profile/cache/history/local-storage data outside .pi
/home/dracon/Dev/browser-extensions-shared	tracked	auto-form-filler/.audit-ui/dd-debug/Default/Service Worker/ScriptCache/index-dir/the-real-index	cleaned	browser profile/cache/history/local-storage data outside .pi
/home/dracon/Dev/browser-extensions-shared	tracked	auto-form-filler/.audit-ui/dd-debug/Default/Sessions/Session_13425646384828659	cleaned	browser profile/cache/history/local-storage data outside .pi
/home/dracon/Dev/browser-extensions-shared	tracked	auto-form-filler/.audit-ui/dd-debug/Default/Site Characteristics Database/CURRENT	cleaned	browser profile/cache/history/local-storage data outside .pi
/home/dracon/Dev/browser-extensions-shared	tracked	auto-form-filler/.audit-ui/dd-debug/Default/Site Characteristics Database/LOCK	cleaned	browser profile/cache/history/local-storage data outside .pi
/home/dracon/Dev/browser-extensions-shared	tracked	auto-form-filler/.audit-ui/dd-debug/Default/Site Characteristics Database/LOG	cleaned	browser profile/cache/history/local-storage data outside .pi
/home/dracon/Dev/browser-extensions-shared	tracked	auto-form-filler/.audit-ui/dd-debug/Default/Site Characteristics Database/MANIFEST-000001	cleaned	browser profile/cache/history/local-storage data outside .pi
/home/dracon/Dev/browser-extensions-shared	tracked	auto-form-filler/.audit-ui/dd-debug/Default/Sync Data/LevelDB/CURRENT	cleaned	browser profile/cache/history/local-storage data outside .pi
/home/dracon/Dev/browser-extensions-shared	tracked	auto-form-filler/.audit-ui/dd-debug/Default/Sync Data/LevelDB/LOCK	cleaned	browser profile/cache/history/local-storage data outside .pi
/home/dracon/Dev/browser-extensions-shared	tracked	auto-form-filler/.audit-ui/dd-debug/Default/Sync Data/LevelDB/LOG	cleaned	browser profile/cache/history/local-storage data outside .pi
/home/dracon/Dev/browser-extensions-shared	tracked	auto-form-filler/.audit-ui/dd-debug/Default/Sync Data/LevelDB/MANIFEST-000001	cleaned	browser profile/cache/history/local-storage data outside .pi
/home/dracon/Dev/browser-extensions-shared	tracked	auto-form-filler/.audit-ui/dd-debug/Default/Sync Extension Settings/eainhgdjdmipbcjhbjbnhgmccchbaegd/CURRENT	cleaned	browser profile/cache/history/local-storage data outside .pi
/home/dracon/Dev/browser-extensions-shared	tracked	auto-form-filler/.audit-ui/dd-debug/Default/Sync Extension Settings/eainhgdjdmipbcjhbjbnhgmccchbaegd/LOCK	cleaned	browser profile/cache/history/local-storage data outside .pi
/home/dracon/Dev/browser-extensions-shared	tracked	auto-form-filler/.audit-ui/dd-debug/Default/Sync Extension Settings/eainhgdjdmipbcjhbjbnhgmccchbaegd/LOG	cleaned	browser profile/cache/history/local-storage data outside .pi
/home/dracon/Dev/browser-extensions-shared	tracked	auto-form-filler/.audit-ui/dd-debug/Default/Sync Extension Settings/eainhgdjdmipbcjhbjbnhgmccchbaegd/MANIFEST-000001	cleaned	browser profile/cache/history/local-storage data outside .pi
/home/dracon/Dev/browser-extensions-shared	tracked	auto-form-filler/.audit-ui/dd-debug/Default/Trust Tokens	blocked-needs-approval	secret-like file requires rotation/approval before removal
/home/dracon/Dev/browser-extensions-shared	tracked	auto-form-filler/.audit-ui/dd-debug/Default/Trust Tokens-journal	blocked-needs-approval	secret-like file requires rotation/approval before removal
/home/dracon/Dev/browser-extensions-shared	tracked	auto-form-filler/.audit-ui/dd-debug/Default/WebStorage/QuotaManager	cleaned	browser profile/cache/history/local-storage data outside .pi
/home/dracon/Dev/browser-extensions-shared	tracked	auto-form-filler/.audit-ui/dd-debug/Default/WebStorage/QuotaManager-journal	cleaned	browser profile/cache/history/local-storage data outside .pi
/home/dracon/Dev/browser-extensions-shared	tracked	auto-form-filler/.audit-ui/dd-debug/Default/shared_proto_db/CURRENT	cleaned	browser profile/cache/history/local-storage data outside .pi
/home/dracon/Dev/browser-extensions-shared	tracked	auto-form-filler/.audit-ui/dd-debug/Default/shared_proto_db/LOCK	cleaned	browser profile/cache/history/local-storage data outside .pi
/home/dracon/Dev/browser-extensions-shared	tracked	auto-form-filler/.audit-ui/dd-debug/Default/shared_proto_db/LOG	cleaned	browser profile/cache/history/local-storage data outside .pi
/home/dracon/Dev/browser-extensions-shared	tracked	auto-form-filler/.audit-ui/dd-debug/Default/shared_proto_db/MANIFEST-000001	cleaned	browser profile/cache/history/local-storage data outside .pi
/home/dracon/Dev/browser-extensions-shared	tracked	auto-form-filler/.audit-ui/dd-debug/Default/shared_proto_db/metadata/CURRENT	cleaned	browser profile/cache/history/local-storage data outside .pi
/home/dracon/Dev/browser-extensions-shared	tracked	auto-form-filler/.audit-ui/dd-debug/Default/shared_proto_db/metadata/LOCK	cleaned	browser profile/cache/history/local-storage data outside .pi
/home/dracon/Dev/browser-extensions-shared	tracked	auto-form-filler/.audit-ui/dd-debug/Default/shared_proto_db/metadata/LOG	cleaned	browser profile/cache/history/local-storage data outside .pi
/home/dracon/Dev/browser-extensions-shared	tracked	auto-form-filler/.audit-ui/dd-debug/Default/shared_proto_db/metadata/MANIFEST-000001	cleaned	browser profile/cache/history/local-storage data outside .pi
/home/dracon/Dev/browser-extensions-shared	tracked	auto-form-filler/.audit-ui/options-about.png	preserved	potential user-owned note/screenshot/project asset
/home/dracon/Dev/browser-extensions-shared	tracked	auto-form-filler/.audit-ui/options-advanced.png	preserved	potential user-owned note/screenshot/project asset
/home/dracon/Dev/browser-extensions-shared	tracked	auto-form-filler/.audit-ui/options-privacy.png	preserved	potential user-owned note/screenshot/project asset
/home/dracon/Dev/browser-extensions-shared	tracked	auto-form-filler/.audit-ui/options-profile.png	preserved	potential user-owned note/screenshot/project asset
/home/dracon/Dev/browser-extensions-shared	tracked	auto-form-filler/.audit-ui/options-providers.png	preserved	potential user-owned note/screenshot/project asset
/home/dracon/Dev/browser-extensions-shared	tracked	auto-form-filler/.audit-ui/options-shortcuts.png	preserved	potential user-owned note/screenshot/project asset
/home/dracon/Dev/browser-extensions-shared	tracked	auto-form-filler/.audit-ui/popup-check/Default/Account Web Data	cleaned	browser profile/cache/history/local-storage data outside .pi
/home/dracon/Dev/browser-extensions-shared	tracked	auto-form-filler/.audit-ui/popup-check/Default/Account Web Data-journal	cleaned	browser profile/cache/history/local-storage data outside .pi
/home/dracon/Dev/browser-extensions-shared	tracked	auto-form-filler/.audit-ui/popup-check/Default/BookmarkMergedSurfaceOrdering	cleaned	browser profile/cache/history/local-storage data outside .pi
/home/dracon/Dev/browser-extensions-shared	tracked	auto-form-filler/.audit-ui/popup-check/Default/Cache/Cache_Data/60275391413c5610_0	cleaned	browser profile/cache/history/local-storage data outside .pi
/home/dracon/Dev/browser-extensions-shared	tracked	auto-form-filler/.audit-ui/popup-check/Default/Cache/Cache_Data/7e0f8c4ddb5a9a1e_0	cleaned	browser profile/cache/history/local-storage data outside .pi
/home/dracon/Dev/browser-extensions-shared	tracked	auto-form-filler/.audit-ui/popup-check/Default/Cache/Cache_Data/8121ea39bde7a9ef_0	cleaned	browser profile/cache/history/local-storage data outside .pi
/home/dracon/Dev/browser-extensions-shared	tracked	auto-form-filler/.audit-ui/popup-check/Default/Cache/Cache_Data/eb1e553f9fc0ebeb_0	cleaned	browser profile/cache/history/local-storage data outside .pi
/home/dracon/Dev/browser-extensions-shared	tracked	auto-form-filler/.audit-ui/popup-check/Default/Cache/Cache_Data/index	cleaned	browser profile/cache/history/local-storage data outside .pi
/home/dracon/Dev/browser-extensions-shared	tracked	auto-form-filler/.audit-ui/popup-check/Default/Cache/Cache_Data/index-dir/the-real-index	cleaned	browser profile/cache/history/local-storage data outside .pi
/home/dracon/Dev/browser-extensions-shared	tracked	auto-form-filler/.audit-ui/popup-check/Default/Cache/No_Vary_Search/journal.baj	cleaned	browser profile/cache/history/local-storage data outside .pi
/home/dracon/Dev/browser-extensions-shared	tracked	auto-form-filler/.audit-ui/popup-check/Default/Cache/No_Vary_Search/snapshot.baf	cleaned	browser profile/cache/history/local-storage data outside .pi
/home/dracon/Dev/browser-extensions-shared	tracked	auto-form-filler/.audit-ui/popup-check/Default/Cookies	cleaned	browser profile/cache/history/local-storage data outside .pi
/home/dracon/Dev/browser-extensions-shared	tracked	auto-form-filler/.audit-ui/popup-check/Default/Cookies-journal	cleaned	browser profile/cache/history/local-storage data outside .pi
/home/dracon/Dev/browser-extensions-shared	tracked	auto-form-filler/.audit-ui/popup-check/Default/DawnGraphiteCache/data_0	cleaned	browser profile/cache/history/local-storage data outside .pi
/home/dracon/Dev/browser-extensions-shared	tracked	auto-form-filler/.audit-ui/popup-check/Default/DawnGraphiteCache/data_1	cleaned	browser profile/cache/history/local-storage data outside .pi
/home/dracon/Dev/browser-extensions-shared	tracked	auto-form-filler/.audit-ui/popup-check/Default/DawnGraphiteCache/data_2	cleaned	browser profile/cache/history/local-storage data outside .pi
/home/dracon/Dev/browser-extensions-shared	tracked	auto-form-filler/.audit-ui/popup-check/Default/DawnGraphiteCache/data_3	cleaned	browser profile/cache/history/local-storage data outside .pi
/home/dracon/Dev/browser-extensions-shared	tracked	auto-form-filler/.audit-ui/popup-check/Default/DawnGraphiteCache/index	cleaned	browser profile/cache/history/local-storage data outside .pi
/home/dracon/Dev/browser-extensions-shared	tracked	auto-form-filler/.audit-ui/popup-check/Default/DawnWebGPUCache/data_0	cleaned	browser profile/cache/history/local-storage data outside .pi
/home/dracon/Dev/browser-extensions-shared	tracked	auto-form-filler/.audit-ui/popup-check/Default/DawnWebGPUCache/data_1	cleaned	browser profile/cache/history/local-storage data outside .pi
/home/dracon/Dev/browser-extensions-shared	tracked	auto-form-filler/.audit-ui/popup-check/Default/DawnWebGPUCache/data_2	cleaned	browser profile/cache/history/local-storage data outside .pi
/home/dracon/Dev/browser-extensions-shared	tracked	auto-form-filler/.audit-ui/popup-check/Default/DawnWebGPUCache/data_3	cleaned	browser profile/cache/history/local-storage data outside .pi
/home/dracon/Dev/browser-extensions-shared	tracked	auto-form-filler/.audit-ui/popup-check/Default/DawnWebGPUCache/index	cleaned	browser profile/cache/history/local-storage data outside .pi
/home/dracon/Dev/browser-extensions-shared	tracked	auto-form-filler/.audit-ui/popup-check/Default/Extension Rules/CURRENT	cleaned	browser profile/cache/history/local-storage data outside .pi
/home/dracon/Dev/browser-extensions-shared	tracked	auto-form-filler/.audit-ui/popup-check/Default/Extension Rules/LOCK	cleaned	browser profile/cache/history/local-storage data outside .pi
/home/dracon/Dev/browser-extensions-shared	tracked	auto-form-filler/.audit-ui/popup-check/Default/Extension Rules/LOG	cleaned	browser profile/cache/history/local-storage data outside .pi
/home/dracon/Dev/browser-extensions-shared	tracked	auto-form-filler/.audit-ui/popup-check/Default/Extension Rules/MANIFEST-000001	cleaned	browser profile/cache/history/local-storage data outside .pi
/home/dracon/Dev/browser-extensions-shared	tracked	auto-form-filler/.audit-ui/popup-check/Default/Extension Scripts/CURRENT	cleaned	browser profile/cache/history/local-storage data outside .pi
/home/dracon/Dev/browser-extensions-shared	tracked	auto-form-filler/.audit-ui/popup-check/Default/Extension Scripts/LOCK	cleaned	browser profile/cache/history/local-storage data outside .pi
/home/dracon/Dev/browser-extensions-shared	tracked	auto-form-filler/.audit-ui/popup-check/Default/Extension Scripts/LOG	cleaned	browser profile/cache/history/local-storage data outside .pi
/home/dracon/Dev/browser-extensions-shared	tracked	auto-form-filler/.audit-ui/popup-check/Default/Extension Scripts/MANIFEST-000001	cleaned	browser profile/cache/history/local-storage data outside .pi
/home/dracon/Dev/browser-extensions-shared	tracked	auto-form-filler/.audit-ui/popup-check/Default/Extension State/CURRENT	cleaned	browser profile/cache/history/local-storage data outside .pi
/home/dracon/Dev/browser-extensions-shared	tracked	auto-form-filler/.audit-ui/popup-check/Default/Extension State/LOCK	cleaned	browser profile/cache/history/local-storage data outside .pi
/home/dracon/Dev/browser-extensions-shared	tracked	auto-form-filler/.audit-ui/popup-check/Default/Extension State/LOG	cleaned	browser profile/cache/history/local-storage data outside .pi
/home/dracon/Dev/browser-extensions-shared	tracked	auto-form-filler/.audit-ui/popup-check/Default/Extension State/MANIFEST-000001	cleaned	browser profile/cache/history/local-storage data outside .pi
/home/dracon/Dev/browser-extensions-shared	tracked	auto-form-filler/.audit-ui/popup-check/Default/GPUCache/data_0	cleaned	browser profile/cache/history/local-storage data outside .pi
/home/dracon/Dev/browser-extensions-shared	tracked	auto-form-filler/.audit-ui/popup-check/Default/GPUCache/data_1	cleaned	browser profile/cache/history/local-storage data outside .pi
/home/dracon/Dev/browser-extensions-shared	tracked	auto-form-filler/.audit-ui/popup-check/Default/GPUCache/data_2	cleaned	browser profile/cache/history/local-storage data outside .pi
/home/dracon/Dev/browser-extensions-shared	tracked	auto-form-filler/.audit-ui/popup-check/Default/GPUCache/data_3	cleaned	browser profile/cache/history/local-storage data outside .pi
/home/dracon/Dev/browser-extensions-shared	tracked	auto-form-filler/.audit-ui/popup-check/Default/GPUCache/index	cleaned	browser profile/cache/history/local-storage data outside .pi
/home/dracon/Dev/browser-extensions-shared	tracked	auto-form-filler/.audit-ui/popup-check/Default/History	cleaned	browser profile/cache/history/local-storage data outside .pi
/home/dracon/Dev/browser-extensions-shared	tracked	auto-form-filler/.audit-ui/popup-check/Default/History-journal	cleaned	browser profile/cache/history/local-storage data outside .pi
/home/dracon/Dev/browser-extensions-shared	tracked	auto-form-filler/.audit-ui/popup-check/Default/Local Extension Settings/eainhgdjdmipbcjhbjbnhgmccchbaegd/CURRENT	cleaned	browser profile/cache/history/local-storage data outside .pi
/home/dracon/Dev/browser-extensions-shared	tracked	auto-form-filler/.audit-ui/popup-check/Default/Local Extension Settings/eainhgdjdmipbcjhbjbnhgmccchbaegd/LOCK	cleaned	browser profile/cache/history/local-storage data outside .pi
/home/dracon/Dev/browser-extensions-shared	tracked	auto-form-filler/.audit-ui/popup-check/Default/Local Extension Settings/eainhgdjdmipbcjhbjbnhgmccchbaegd/LOG	cleaned	browser profile/cache/history/local-storage data outside .pi
/home/dracon/Dev/browser-extensions-shared	tracked	auto-form-filler/.audit-ui/popup-check/Default/Local Extension Settings/eainhgdjdmipbcjhbjbnhgmccchbaegd/MANIFEST-000001	cleaned	browser profile/cache/history/local-storage data outside .pi
/home/dracon/Dev/browser-extensions-shared	tracked	auto-form-filler/.audit-ui/popup-check/Default/Local Storage/leveldb/CURRENT	cleaned	browser profile/cache/history/local-storage data outside .pi
/home/dracon/Dev/browser-extensions-shared	tracked	auto-form-filler/.audit-ui/popup-check/Default/Local Storage/leveldb/LOCK	cleaned	browser profile/cache/history/local-storage data outside .pi
/home/dracon/Dev/browser-extensions-shared	tracked	auto-form-filler/.audit-ui/popup-check/Default/Local Storage/leveldb/LOG	cleaned	browser profile/cache/history/local-storage data outside .pi
/home/dracon/Dev/browser-extensions-shared	tracked	auto-form-filler/.audit-ui/popup-check/Default/Local Storage/leveldb/MANIFEST-000001	cleaned	browser profile/cache/history/local-storage data outside .pi
/home/dracon/Dev/browser-extensions-shared	tracked	auto-form-filler/.audit-ui/popup-check/Default/Network Persistent State	cleaned	browser profile/cache/history/local-storage data outside .pi
/home/dracon/Dev/browser-extensions-shared	tracked	auto-form-filler/.audit-ui/popup-check/Default/Reporting and NEL	cleaned	browser profile/cache/history/local-storage data outside .pi
/home/dracon/Dev/browser-extensions-shared	tracked	auto-form-filler/.audit-ui/popup-check/Default/Reporting and NEL-journal	cleaned	browser profile/cache/history/local-storage data outside .pi
/home/dracon/Dev/browser-extensions-shared	tracked	auto-form-filler/.audit-ui/popup-check/Default/Service Worker/Database/CURRENT	cleaned	browser profile/cache/history/local-storage data outside .pi
/home/dracon/Dev/browser-extensions-shared	tracked	auto-form-filler/.audit-ui/popup-check/Default/Service Worker/Database/LOCK	cleaned	browser profile/cache/history/local-storage data outside .pi
/home/dracon/Dev/browser-extensions-shared	tracked	auto-form-filler/.audit-ui/popup-check/Default/Service Worker/Database/LOG	cleaned	browser profile/cache/history/local-storage data outside .pi
/home/dracon/Dev/browser-extensions-shared	tracked	auto-form-filler/.audit-ui/popup-check/Default/Service Worker/Database/MANIFEST-000001	cleaned	browser profile/cache/history/local-storage data outside .pi
/home/dracon/Dev/browser-extensions-shared	tracked	auto-form-filler/.audit-ui/popup-check/Default/Service Worker/ScriptCache/2cc80dabc69f58b6_0	cleaned	browser profile/cache/history/local-storage data outside .pi
/home/dracon/Dev/browser-extensions-shared	tracked	auto-form-filler/.audit-ui/popup-check/Default/Service Worker/ScriptCache/2cc80dabc69f58b6_1	cleaned	browser profile/cache/history/local-storage data outside .pi
/home/dracon/Dev/browser-extensions-shared	tracked	auto-form-filler/.audit-ui/popup-check/Default/Service Worker/ScriptCache/index	cleaned	browser profile/cache/history/local-storage data outside .pi
/home/dracon/Dev/browser-extensions-shared	tracked	auto-form-filler/.audit-ui/popup-check/Default/Service Worker/ScriptCache/index-dir/the-real-index	cleaned	browser profile/cache/history/local-storage data outside .pi
/home/dracon/Dev/browser-extensions-shared	tracked	auto-form-filler/.audit-ui/popup-check/Default/Sessions/Session_13425646823697001	cleaned	browser profile/cache/history/local-storage data outside .pi
/home/dracon/Dev/browser-extensions-shared	tracked	auto-form-filler/.audit-ui/popup-check/Default/Sessions/Tabs_13425646823733918	cleaned	browser profile/cache/history/local-storage data outside .pi
/home/dracon/Dev/browser-extensions-shared	tracked	auto-form-filler/.audit-ui/popup-check/Default/Site Characteristics Database/CURRENT	cleaned	browser profile/cache/history/local-storage data outside .pi
/home/dracon/Dev/browser-extensions-shared	tracked	auto-form-filler/.audit-ui/popup-check/Default/Site Characteristics Database/LOCK	cleaned	browser profile/cache/history/local-storage data outside .pi
/home/dracon/Dev/browser-extensions-shared	tracked	auto-form-filler/.audit-ui/popup-check/Default/Site Characteristics Database/LOG	cleaned	browser profile/cache/history/local-storage data outside .pi
/home/dracon/Dev/browser-extensions-shared	tracked	auto-form-filler/.audit-ui/popup-check/Default/Site Characteristics Database/MANIFEST-000001	cleaned	browser profile/cache/history/local-storage data outside .pi
/home/dracon/Dev/browser-extensions-shared	tracked	auto-form-filler/.audit-ui/popup-check/Default/Sync Data/LevelDB/CURRENT	cleaned	browser profile/cache/history/local-storage data outside .pi
/home/dracon/Dev/browser-extensions-shared	tracked	auto-form-filler/.audit-ui/popup-check/Default/Sync Data/LevelDB/LOCK	cleaned	browser profile/cache/history/local-storage data outside .pi
/home/dracon/Dev/browser-extensions-shared	tracked	auto-form-filler/.audit-ui/popup-check/Default/Sync Data/LevelDB/LOG	cleaned	browser profile/cache/history/local-storage data outside .pi
/home/dracon/Dev/browser-extensions-shared	tracked	auto-form-filler/.audit-ui/popup-check/Default/Sync Data/LevelDB/MANIFEST-000001	cleaned	browser profile/cache/history/local-storage data outside .pi
/home/dracon/Dev/browser-extensions-shared	tracked	auto-form-filler/.audit-ui/popup-check/Default/Sync Extension Settings/eainhgdjdmipbcjhbjbnhgmccchbaegd/CURRENT	cleaned	browser profile/cache/history/local-storage data outside .pi
/home/dracon/Dev/browser-extensions-shared	tracked	auto-form-filler/.audit-ui/popup-check/Default/Sync Extension Settings/eainhgdjdmipbcjhbjbnhgmccchbaegd/LOCK	cleaned	browser profile/cache/history/local-storage data outside .pi
/home/dracon/Dev/browser-extensions-shared	tracked	auto-form-filler/.audit-ui/popup-check/Default/Sync Extension Settings/eainhgdjdmipbcjhbjbnhgmccchbaegd/LOG	cleaned	browser profile/cache/history/local-storage data outside .pi
/home/dracon/Dev/browser-extensions-shared	tracked	auto-form-filler/.audit-ui/popup-check/Default/Sync Extension Settings/eainhgdjdmipbcjhbjbnhgmccchbaegd/MANIFEST-000001	cleaned	browser profile/cache/history/local-storage data outside .pi
/home/dracon/Dev/browser-extensions-shared	tracked	auto-form-filler/.audit-ui/popup-check/Default/TransportSecurity	cleaned	browser profile/cache/history/local-storage data outside .pi
/home/dracon/Dev/browser-extensions-shared	tracked	auto-form-filler/.audit-ui/popup-check/Default/Trust Tokens	blocked-needs-approval	secret-like file requires rotation/approval before removal
/home/dracon/Dev/browser-extensions-shared	tracked	auto-form-filler/.audit-ui/popup-check/Default/Trust Tokens-journal	blocked-needs-approval	secret-like file requires rotation/approval before removal
/home/dracon/Dev/browser-extensions-shared	tracked	auto-form-filler/.audit-ui/popup-check/Default/WebStorage/QuotaManager	cleaned	browser profile/cache/history/local-storage data outside .pi
/home/dracon/Dev/browser-extensions-shared	tracked	auto-form-filler/.audit-ui/popup-check/Default/WebStorage/QuotaManager-journal	cleaned	browser profile/cache/history/local-storage data outside .pi
/home/dracon/Dev/browser-extensions-shared	tracked	auto-form-filler/.audit-ui/popup-check/Default/shared_proto_db/CURRENT	cleaned	browser profile/cache/history/local-storage data outside .pi
/home/dracon/Dev/browser-extensions-shared	tracked	auto-form-filler/.audit-ui/popup-check/Default/shared_proto_db/LOCK	cleaned	browser profile/cache/history/local-storage data outside .pi
/home/dracon/Dev/browser-extensions-shared	tracked	auto-form-filler/.audit-ui/popup-check/Default/shared_proto_db/LOG	cleaned	browser profile/cache/history/local-storage data outside .pi
/home/dracon/Dev/browser-extensions-shared	tracked	auto-form-filler/.audit-ui/popup-check/Default/shared_proto_db/MANIFEST-000001	cleaned	browser profile/cache/history/local-storage data outside .pi
/home/dracon/Dev/browser-extensions-shared	tracked	auto-form-filler/.audit-ui/popup-check/Default/shared_proto_db/metadata/CURRENT	cleaned	browser profile/cache/history/local-storage data outside .pi
/home/dracon/Dev/browser-extensions-shared	tracked	auto-form-filler/.audit-ui/popup-check/Default/shared_proto_db/metadata/LOCK	cleaned	browser profile/cache/history/local-storage data outside .pi
/home/dracon/Dev/browser-extensions-shared	tracked	auto-form-filler/.audit-ui/popup-check/Default/shared_proto_db/metadata/LOG	cleaned	browser profile/cache/history/local-storage data outside .pi
/home/dracon/Dev/browser-extensions-shared	tracked	auto-form-filler/.audit-ui/popup-check/Default/shared_proto_db/metadata/MANIFEST-000001	cleaned	browser profile/cache/history/local-storage data outside .pi
/home/dracon/Dev/browser-extensions-shared	tracked	auto-form-filler/.audit-ui/popup.png	preserved	potential user-owned note/screenshot/project asset
/home/dracon/Dev/browser-extensions-shared	tracked	auto-form-filler/public/1.png	preserved	potential user-owned note/screenshot/project asset
/home/dracon/Dev/browser-extensions-shared	tracked	auto-form-filler/public/2.png	preserved	potential user-owned note/screenshot/project asset
/home/dracon/Dev/browser-extensions-shared	tracked	auto-form-filler/public/3.png	preserved	potential user-owned note/screenshot/project asset
/home/dracon/Dev/browser-extensions-shared	tracked	auto-form-filler/public/4.png	preserved	potential user-owned note/screenshot/project asset
/home/dracon/Dev/browser-extensions-shared	tracked	auto-form-filler/public/440x280.png	preserved	potential user-owned note/screenshot/project asset
/home/dracon/Dev/browser-extensions-shared	tracked	auto-form-filler/public/icon/128.png	preserved	potential user-owned note/screenshot/project asset
/home/dracon/Dev/browser-extensions-shared	tracked	auto-form-filler/public/icon/16.png	preserved	potential user-owned note/screenshot/project asset
/home/dracon/Dev/browser-extensions-shared	tracked	auto-form-filler/public/icon/32.png	preserved	potential user-owned note/screenshot/project asset
/home/dracon/Dev/browser-extensions-shared	tracked	auto-form-filler/public/icon/48.png	preserved	potential user-owned note/screenshot/project asset
/home/dracon/Dev/browser-extensions-shared	tracked	auto-form-filler/public/icon/96.png	preserved	potential user-owned note/screenshot/project asset
/home/dracon/Dev/browser-extensions-shared	tracked	bugkit/.env.example	blocked-needs-approval	secret-like file requires rotation/approval before removal
/home/dracon/Dev/browser-extensions-shared	tracked	bugkit/RELEASE_NOTES.md	preserved	potential user-owned note/screenshot/project asset
/home/dracon/Dev/browser-extensions-shared	tracked	bugkit/docs/TODO.md	blocked-needs-approval	possibly obsolete doc/checklist; needs approval
/home/dracon/Dev/browser-extensions-shared	tracked	bugkit/entrypoints/offscreen.html	preserved	potential user-owned note/screenshot/project asset
/home/dracon/Dev/browser-extensions-shared	tracked	bugkit/lib/capture/screenshot.ts	preserved	potential user-owned note/screenshot/project asset
/home/dracon/Dev/browser-extensions-shared	tracked	bugkit/public/icon/128.png	preserved	potential user-owned note/screenshot/project asset
/home/dracon/Dev/browser-extensions-shared	tracked	bugkit/public/icon/16.png	preserved	potential user-owned note/screenshot/project asset
/home/dracon/Dev/browser-extensions-shared	tracked	bugkit/public/icon/32.png	preserved	potential user-owned note/screenshot/project asset
/home/dracon/Dev/browser-extensions-shared	tracked	bugkit/public/icon/48.png	preserved	potential user-owned note/screenshot/project asset
/home/dracon/Dev/browser-extensions-shared	tracked	bugkit/public/icon/96.png	preserved	potential user-owned note/screenshot/project asset
/home/dracon/Dev/browser-extensions-shared	tracked	bugkit/public/icon/icon-16-alt1.png	preserved	potential user-owned note/screenshot/project asset
/home/dracon/Dev/browser-extensions-shared	tracked	bugkit/public/icon/icon-16-alt2.png	preserved	potential user-owned note/screenshot/project asset
/home/dracon/Dev/browser-extensions-shared	tracked	bugkit/public/icon/icon-16-alt3.png	preserved	potential user-owned note/screenshot/project asset
/home/dracon/Dev/browser-extensions-shared	tracked	bugkit/public/icon/icon-16-bug.png	preserved	potential user-owned note/screenshot/project asset
/home/dracon/Dev/browser-extensions-shared	tracked	bugkit/public/icon/icon-16.png	preserved	potential user-owned note/screenshot/project asset
/home/dracon/Dev/browser-extensions-shared	tracked	bugkit/public/icon/logo.png	preserved	potential user-owned note/screenshot/project asset
/home/dracon/Dev/browser-extensions-shared	tracked	bugkit/public/promo-marquee.png	preserved	potential user-owned note/screenshot/project asset
/home/dracon/Dev/browser-extensions-shared	tracked	bugkit/release-kit/RELEASE_NOTES.txt	preserved	potential user-owned note/screenshot/project asset
/home/dracon/Dev/browser-extensions-shared	tracked	bugkit/scripts/screenshot-guide.sh	preserved	potential user-owned note/screenshot/project asset
/home/dracon/Dev/browser-extensions-shared	tracked	bugkit/store-assets/1.png	preserved	potential user-owned note/screenshot/project asset
/home/dracon/Dev/browser-extensions-shared	tracked	bugkit/store-assets/2.png	preserved	potential user-owned note/screenshot/project asset
/home/dracon/Dev/browser-extensions-shared	tracked	bugkit/store-assets/3.png	preserved	potential user-owned note/screenshot/project asset
/home/dracon/Dev/browser-extensions-shared	tracked	bugkit/store-assets/4.png	preserved	potential user-owned note/screenshot/project asset
/home/dracon/Dev/browser-extensions-shared	tracked	bugkit/store-assets/5.png	preserved	potential user-owned note/screenshot/project asset
/home/dracon/Dev/browser-extensions-shared	tracked	bugkit/store-assets/thumb.png	preserved	potential user-owned note/screenshot/project asset
/home/dracon/Dev/browser-extensions-shared	tracked	cinematic-pages-cooler-presentations/public/icon/128.png	preserved	potential user-owned note/screenshot/project asset
/home/dracon/Dev/browser-extensions-shared	tracked	cinematic-pages-cooler-presentations/public/icon/16.png	preserved	potential user-owned note/screenshot/project asset
/home/dracon/Dev/browser-extensions-shared	tracked	cinematic-pages-cooler-presentations/public/icon/32.png	preserved	potential user-owned note/screenshot/project asset
/home/dracon/Dev/browser-extensions-shared	tracked	cinematic-pages-cooler-presentations/public/icon/48.png	preserved	potential user-owned note/screenshot/project asset
/home/dracon/Dev/browser-extensions-shared	tracked	cinematic-pages-cooler-presentations/public/icon/96.png	preserved	potential user-owned note/screenshot/project asset
/home/dracon/Dev/browser-extensions-shared	tracked	cinematic-pages-cooler-presentations/public/screenshots/1.png	preserved	potential user-owned note/screenshot/project asset
/home/dracon/Dev/browser-extensions-shared	tracked	cinematic-pages-cooler-presentations/public/screenshots/2.png	preserved	potential user-owned note/screenshot/project asset
/home/dracon/Dev/browser-extensions-shared	tracked	cinematic-pages-cooler-presentations/public/screenshots/3.png	preserved	potential user-owned note/screenshot/project asset
/home/dracon/Dev/browser-extensions-shared	tracked	cinematic-pages-cooler-presentations/public/screenshots/README.md	preserved	potential user-owned note/screenshot/project asset
/home/dracon/Dev/browser-extensions-shared	tracked	cursor-style/ChatGPT Image Apr 19, 2026, 10_05_16 PM.png	preserved	potential user-owned note/screenshot/project asset
/home/dracon/Dev/browser-extensions-shared	tracked	cursor-style/assets/chrome-store.png	preserved	potential user-owned note/screenshot/project asset
/home/dracon/Dev/browser-extensions-shared	tracked	cursor-style/assets/chrome-store2.png	preserved	potential user-owned note/screenshot/project asset
/home/dracon/Dev/browser-extensions-shared	tracked	cursor-style/assets/thumb.png	preserved	potential user-owned note/screenshot/project asset
/home/dracon/Dev/browser-extensions-shared	tracked	cursor-style/public/icons/icon128.png	preserved	potential user-owned note/screenshot/project asset
/home/dracon/Dev/browser-extensions-shared	tracked	cursor-style/public/icons/icon16.png	preserved	potential user-owned note/screenshot/project asset
/home/dracon/Dev/browser-extensions-shared	tracked	cursor-style/public/icons/icon32.png	preserved	potential user-owned note/screenshot/project asset
/home/dracon/Dev/browser-extensions-shared	tracked	cursor-style/public/icons/icon48.png	preserved	potential user-owned note/screenshot/project asset
/home/dracon/Dev/browser-extensions-shared	tracked	cursor-style/public/icons/marquee-promo.png	preserved	potential user-owned note/screenshot/project asset
/home/dracon/Dev/browser-extensions-shared	tracked	cursor-style/public/icons/small-promo.png	preserved	potential user-owned note/screenshot/project asset
/home/dracon/Dev/browser-extensions-shared	tracked	cursor-style/public/icons/store-128.png	preserved	potential user-owned note/screenshot/project asset
/home/dracon/Dev/browser-extensions-shared	tracked	cursor-style/public/icons/store-promo.png	preserved	potential user-owned note/screenshot/project asset
/home/dracon/Dev/browser-extensions-shared	tracked	custom-history/docs/screenshots-guide.md	preserved	potential user-owned note/screenshot/project asset
/home/dracon/Dev/browser-extensions-shared	tracked	custom-history/public/1.png	preserved	potential user-owned note/screenshot/project asset
/home/dracon/Dev/browser-extensions-shared	tracked	custom-history/public/2.png	preserved	potential user-owned note/screenshot/project asset
/home/dracon/Dev/browser-extensions-shared	tracked	custom-history/public/icon128.png	preserved	potential user-owned note/screenshot/project asset
/home/dracon/Dev/browser-extensions-shared	tracked	custom-history/public/icon16.png	preserved	potential user-owned note/screenshot/project asset
/home/dracon/Dev/browser-extensions-shared	tracked	custom-history/public/icon32.png	preserved	potential user-owned note/screenshot/project asset
/home/dracon/Dev/browser-extensions-shared	tracked	custom-history/public/icon48.png	preserved	potential user-owned note/screenshot/project asset
/home/dracon/Dev/browser-extensions-shared	tracked	custom-history/public/thumb.png	preserved	potential user-owned note/screenshot/project asset
/home/dracon/Dev/browser-extensions-shared	tracked	custom-search/docs/MANUAL_TEST_CHECKLIST.md	blocked-needs-approval	possibly obsolete doc/checklist; needs approval
/home/dracon/Dev/browser-extensions-shared	tracked	custom-search/public/icon/16.png	preserved	potential user-owned note/screenshot/project asset
/home/dracon/Dev/browser-extensions-shared	tracked	custom-search/public/icon/32.png	preserved	potential user-owned note/screenshot/project asset
/home/dracon/Dev/browser-extensions-shared	tracked	custom-search/public/icon/48.png	preserved	potential user-owned note/screenshot/project asset
/home/dracon/Dev/browser-extensions-shared	tracked	custom-search/public/store/1.png	preserved	potential user-owned note/screenshot/project asset
/home/dracon/Dev/browser-extensions-shared	tracked	custom-search/public/store/2.png	preserved	potential user-owned note/screenshot/project asset
/home/dracon/Dev/browser-extensions-shared	tracked	custom-search/public/store/3.png	preserved	potential user-owned note/screenshot/project asset
/home/dracon/Dev/browser-extensions-shared	tracked	custom-search/public/store/4.png	preserved	potential user-owned note/screenshot/project asset
/home/dracon/Dev/browser-extensions-shared	tracked	custom-search/public/store/5.png	preserved	potential user-owned note/screenshot/project asset
/home/dracon/Dev/browser-extensions-shared	tracked	custom-search/public/store/logo-128.png	preserved	potential user-owned note/screenshot/project asset
/home/dracon/Dev/browser-extensions-shared	tracked	custom-search/public/store/logo-512.png	preserved	potential user-owned note/screenshot/project asset
/home/dracon/Dev/browser-extensions-shared	tracked	custom-search/public/store/thumb.png	preserved	potential user-owned note/screenshot/project asset
/home/dracon/Dev/browser-extensions-shared	tracked	custom-search/tmp/playwriter-screenshot-1778374364636-6nk0.png	preserved	potential user-owned note/screenshot/project asset
/home/dracon/Dev/browser-extensions-shared	tracked	dark-mode-themes/.env	blocked-needs-approval	secret-like file requires rotation/approval before removal
/home/dracon/Dev/browser-extensions-shared	tracked	dark-mode-themes/.env.example	blocked-needs-approval	secret-like file requires rotation/approval before removal
/home/dracon/Dev/browser-extensions-shared	tracked	dark-mode-themes/NEW_PROJECT_CHECKLIST.md	blocked-needs-approval	possibly obsolete doc/checklist; needs approval
/home/dracon/Dev/browser-extensions-shared	tracked	dark-mode-themes/public/1.png	preserved	potential user-owned note/screenshot/project asset
/home/dracon/Dev/browser-extensions-shared	tracked	dark-mode-themes/public/2.png	preserved	potential user-owned note/screenshot/project asset
/home/dracon/Dev/browser-extensions-shared	tracked	dark-mode-themes/public/3.png	preserved	potential user-owned note/screenshot/project asset
/home/dracon/Dev/browser-extensions-shared	tracked	dark-mode-themes/public/4.png	preserved	potential user-owned note/screenshot/project asset
/home/dracon/Dev/browser-extensions-shared	tracked	dark-mode-themes/public/5.png	preserved	potential user-owned note/screenshot/project asset
/home/dracon/Dev/browser-extensions-shared	tracked	dark-mode-themes/public/icon/128.png	preserved	potential user-owned note/screenshot/project asset
/home/dracon/Dev/browser-extensions-shared	tracked	dark-mode-themes/public/icon/16.png	preserved	potential user-owned note/screenshot/project asset
/home/dracon/Dev/browser-extensions-shared	tracked	dark-mode-themes/public/icon/32.png	preserved	potential user-owned note/screenshot/project asset
/home/dracon/Dev/browser-extensions-shared	tracked	dark-mode-themes/public/icon/48.png	preserved	potential user-owned note/screenshot/project asset
/home/dracon/Dev/browser-extensions-shared	tracked	dark-mode-themes/public/icon/96.png	preserved	potential user-owned note/screenshot/project asset
/home/dracon/Dev/browser-extensions-shared	tracked	dark-mode-themes/public/thumb.png	preserved	potential user-owned note/screenshot/project asset
/home/dracon/Dev/browser-extensions-shared	tracked	dark-mode-themes/store-assets/screenshot-editor.svg	preserved	potential user-owned note/screenshot/project asset
/home/dracon/Dev/browser-extensions-shared	tracked	dark-mode-themes/store-assets/screenshot-popup.svg	preserved	potential user-owned note/screenshot/project asset
/home/dracon/Dev/browser-extensions-shared	tracked	dark-mode-themes/store-assets/screenshot-sites.svg	preserved	potential user-owned note/screenshot/project asset
/home/dracon/Dev/browser-extensions-shared	tracked	dark-mode-themes/store-assets/screenshot-themes.svg	preserved	potential user-owned note/screenshot/project asset
/home/dracon/Dev/browser-extensions-shared	tracked	death-note-typing-practice/QA_CHECKLIST.md	blocked-needs-approval	possibly obsolete doc/checklist; needs approval
/home/dracon/Dev/browser-extensions-shared	tracked	death-note-typing-practice/RELEASE_NOTES.md	preserved	potential user-owned note/screenshot/project asset
/home/dracon/Dev/browser-extensions-shared	tracked	death-note-typing-practice/public/1.png	preserved	potential user-owned note/screenshot/project asset
/home/dracon/Dev/browser-extensions-shared	tracked	death-note-typing-practice/public/2.png	preserved	potential user-owned note/screenshot/project asset
/home/dracon/Dev/browser-extensions-shared	tracked	death-note-typing-practice/public/3.png	preserved	potential user-owned note/screenshot/project asset
/home/dracon/Dev/browser-extensions-shared	tracked	death-note-typing-practice/public/4.png	preserved	potential user-owned note/screenshot/project asset
/home/dracon/Dev/browser-extensions-shared	tracked	death-note-typing-practice/public/440x280.png	preserved	potential user-owned note/screenshot/project asset
/home/dracon/Dev/browser-extensions-shared	tracked	death-note-typing-practice/public/5.png	preserved	potential user-owned note/screenshot/project asset
/home/dracon/Dev/browser-extensions-shared	tracked	death-note-typing-practice/public/icon/128.png	preserved	potential user-owned note/screenshot/project asset
/home/dracon/Dev/browser-extensions-shared	tracked	death-note-typing-practice/public/icon/16.png	preserved	potential user-owned note/screenshot/project asset
/home/dracon/Dev/browser-extensions-shared	tracked	death-note-typing-practice/public/icon/32.png	preserved	potential user-owned note/screenshot/project asset
/home/dracon/Dev/browser-extensions-shared	tracked	death-note-typing-practice/public/icon/48.png	preserved	potential user-owned note/screenshot/project asset
/home/dracon/Dev/browser-extensions-shared	tracked	death-note-typing-practice/public/icon/96.png	preserved	potential user-owned note/screenshot/project asset
/home/dracon/Dev/browser-extensions-shared	tracked	death-note-typing-practice/public/sounds/achievement-voice.mp3	preserved	potential user-owned note/screenshot/project asset
/home/dracon/Dev/browser-extensions-shared	tracked	death-note-typing-practice/public/sounds/achievement.mp3	preserved	potential user-owned note/screenshot/project asset
/home/dracon/Dev/browser-extensions-shared	tracked	death-note-typing-practice/public/sounds/chime.mp3	preserved	potential user-owned note/screenshot/project asset
/home/dracon/Dev/browser-extensions-shared	tracked	death-note-typing-practice/public/sounds/danger.mp3	preserved	potential user-owned note/screenshot/project asset
/home/dracon/Dev/browser-extensions-shared	tracked	death-note-typing-practice/public/sounds/error.mp3	preserved	potential user-owned note/screenshot/project asset
/home/dracon/Dev/browser-extensions-shared	tracked	death-note-typing-practice/public/sounds/fanfare.mp3	preserved	potential user-owned note/screenshot/project asset
/home/dracon/Dev/browser-extensions-shared	tracked	death-note-typing-practice/public/sounds/music-elimination.mp3	preserved	potential user-owned note/screenshot/project asset
/home/dracon/Dev/browser-extensions-shared	tracked	death-note-typing-practice/public/sounds/music-gameover-2.mp3	preserved	potential user-owned note/screenshot/project asset
/home/dracon/Dev/browser-extensions-shared	tracked	death-note-typing-practice/public/sounds/music-gameover.mp3	preserved	potential user-owned note/screenshot/project asset
/home/dracon/Dev/browser-extensions-shared	tracked	death-note-typing-practice/public/sounds/music-gameplay-2.mp3	preserved	potential user-owned note/screenshot/project asset
/home/dracon/Dev/browser-extensions-shared	tracked	death-note-typing-practice/public/sounds/music-gameplay.mp3	preserved	potential user-owned note/screenshot/project asset
/home/dracon/Dev/browser-extensions-shared	tracked	death-note-typing-practice/public/sounds/music-menu-2.mp3	preserved	potential user-owned note/screenshot/project asset
/home/dracon/Dev/browser-extensions-shared	tracked	death-note-typing-practice/public/sounds/music-menu.mp3	preserved	potential user-owned note/screenshot/project asset
/home/dracon/Dev/browser-extensions-shared	tracked	death-note-typing-practice/public/sounds/success.mp3	preserved	potential user-owned note/screenshot/project asset
/home/dracon/Dev/browser-extensions-shared	tracked	death-note-typing-practice/public/sounds/whoosh.mp3	preserved	potential user-owned note/screenshot/project asset
/home/dracon/Dev/browser-extensions-shared	tracked	death-note-typing-practice/tests/e2e/screenshots/audit-ambient-particles.png	preserved	potential user-owned note/screenshot/project asset
/home/dracon/Dev/browser-extensions-shared	tracked	death-note-typing-practice/tests/e2e/screenshots/audit-baseline-menu.png	preserved	potential user-owned note/screenshot/project asset
/home/dracon/Dev/browser-extensions-shared	tracked	death-note-typing-practice/tests/e2e/screenshots/audit-baseline-practice.png	preserved	potential user-owned note/screenshot/project asset
/home/dracon/Dev/browser-extensions-shared	tracked	death-note-typing-practice/tests/e2e/screenshots/audit-card-depth.png	preserved	potential user-owned note/screenshot/project asset
/home/dracon/Dev/browser-extensions-shared	tracked	death-note-typing-practice/tests/e2e/screenshots/audit-effects-tab.png	preserved	potential user-owned note/screenshot/project asset
/home/dracon/Dev/browser-extensions-shared	tracked	death-note-typing-practice/tests/e2e/screenshots/audit-menu-stability.png	preserved	potential user-owned note/screenshot/project asset
/home/dracon/Dev/browser-extensions-shared	tracked	death-note-typing-practice/tests/e2e/screenshots/bugfix-special-chars.png	preserved	potential user-owned note/screenshot/project asset
/home/dracon/Dev/browser-extensions-shared	tracked	death-note-typing-practice/tests/e2e/screenshots/game-after-click.png	preserved	potential user-owned note/screenshot/project asset
/home/dracon/Dev/browser-extensions-shared	tracked	death-note-typing-practice/tests/e2e/screenshots/game-loaded.png	preserved	potential user-owned note/screenshot/project asset
/home/dracon/Dev/browser-extensions-shared	tracked	death-note-typing-practice/tests/e2e/screenshots/game-menu.png	preserved	potential user-owned note/screenshot/project asset
/home/dracon/Dev/browser-extensions-shared	tracked	death-note-typing-practice/tests/e2e/screenshots/game-typing.png	preserved	potential user-owned note/screenshot/project asset
/home/dracon/Dev/browser-extensions-shared	tracked	death-note-typing-practice/tests/e2e/screenshots/main-menu-after-pause.png	preserved	potential user-owned note/screenshot/project asset
/home/dracon/Dev/browser-extensions-shared	tracked	death-note-typing-practice/tests/e2e/screenshots/music-stops-on-asteroids-gameover.png	preserved	potential user-owned note/screenshot/project asset
/home/dracon/Dev/browser-extensions-shared	tracked	death-note-typing-practice/tests/e2e/screenshots/music-stops-on-gameover.png	preserved	potential user-owned note/screenshot/project asset
/home/dracon/Dev/browser-extensions-shared	tracked	death-note-typing-practice/tests/e2e/screenshots/music-track-selector-set1.png	preserved	potential user-owned note/screenshot/project asset
/home/dracon/Dev/browser-extensions-shared	tracked	death-note-typing-practice/tests/e2e/screenshots/music-track-selector-set2.png	preserved	potential user-owned note/screenshot/project asset
/home/dracon/Dev/browser-extensions-shared	tracked	death-note-typing-practice/tests/e2e/screenshots/music-transition-menu-to-elimination.png	preserved	potential user-owned note/screenshot/project asset
/home/dracon/Dev/browser-extensions-shared	tracked	death-note-typing-practice/tests/e2e/screenshots/music-transition-menu-to-gameplay.png	preserved	potential user-owned note/screenshot/project asset
/home/dracon/Dev/browser-extensions-shared	tracked	death-note-typing-practice/tests/e2e/screenshots/pause-overlay-asteroids.png	preserved	potential user-owned note/screenshot/project asset
/home/dracon/Dev/browser-extensions-shared	tracked	death-note-typing-practice/tests/e2e/screenshots/pause-overlay-elimination.png	preserved	potential user-owned note/screenshot/project asset
/home/dracon/Dev/browser-extensions-shared	tracked	death-note-typing-practice/tests/e2e/screenshots/pause-overlay-practice.png	preserved	potential user-owned note/screenshot/project asset
/home/dracon/Dev/browser-extensions-shared	tracked	death-note-typing-practice/tests/e2e/screenshots/restart-asteroids.png	preserved	potential user-owned note/screenshot/project asset
/home/dracon/Dev/browser-extensions-shared	tracked	death-note-typing-practice/tests/e2e/screenshots/restart-elimination.png	preserved	potential user-owned note/screenshot/project asset
/home/dracon/Dev/browser-extensions-shared	tracked	death-note-typing-practice/tests/e2e/screenshots/restart-practice.png	preserved	potential user-owned note/screenshot/project asset
/home/dracon/Dev/browser-extensions-shared	tracked	death-note-typing-practice/tests/e2e/screenshots/settings-after-tabs.png	preserved	potential user-owned note/screenshot/project asset
/home/dracon/Dev/browser-extensions-shared	tracked	death-note-typing-practice/tests/e2e/screenshots/settings-loaded.png	preserved	potential user-owned note/screenshot/project asset
/home/dracon/Dev/browser-extensions-shared	tracked	death-note-typing-practice/tests/e2e/screenshots/settings-tabs.png	preserved	potential user-owned note/screenshot/project asset
/home/dracon/Dev/browser-extensions-shared	tracked	death-note-typing-practice/tests/e2e/screenshots/ui-polish-practice-side-panels.png	preserved	potential user-owned note/screenshot/project asset
/home/dracon/Dev/browser-extensions-shared	tracked	death-note-typing-practice/tests/e2e/screenshots/ui-polish-wide-layout.png	preserved	potential user-owned note/screenshot/project asset
/home/dracon/Dev/browser-extensions-shared	tracked	full-page-screenshot/.env.example	preserved	potential user-owned note/screenshot/project asset
/home/dracon/Dev/browser-extensions-shared	tracked	full-page-screenshot/.github/workflows/build.yml	preserved	potential user-owned note/screenshot/project asset
/home/dracon/Dev/browser-extensions-shared	tracked	full-page-screenshot/.github/workflows/lint.yml	preserved	potential user-owned note/screenshot/project asset
/home/dracon/Dev/browser-extensions-shared	tracked	full-page-screenshot/.github/workflows/release.yml	preserved	potential user-owned note/screenshot/project asset
/home/dracon/Dev/browser-extensions-shared	tracked	full-page-screenshot/.github/workflows/test.yml	preserved	potential user-owned note/screenshot/project asset
/home/dracon/Dev/browser-extensions-shared	tracked	full-page-screenshot/.gitignore	preserved	potential user-owned note/screenshot/project asset
/home/dracon/Dev/browser-extensions-shared	tracked	full-page-screenshot/CHANGELOG.md	preserved	potential user-owned note/screenshot/project asset
/home/dracon/Dev/browser-extensions-shared	tracked	full-page-screenshot/EXTENSION_CONSTRAINTS.md	preserved	potential user-owned note/screenshot/project asset
/home/dracon/Dev/browser-extensions-shared	tracked	full-page-screenshot/NEW_PROJECT_CHECKLIST.md	preserved	potential user-owned note/screenshot/project asset
/home/dracon/Dev/browser-extensions-shared	tracked	full-page-screenshot/PRIVACY.md	preserved	potential user-owned note/screenshot/project asset
/home/dracon/Dev/browser-extensions-shared	tracked	full-page-screenshot/README.md	preserved	potential user-owned note/screenshot/project asset
/home/dracon/Dev/browser-extensions-shared	tracked	full-page-screenshot/RELEASE.md	preserved	potential user-owned note/screenshot/project asset
/home/dracon/Dev/browser-extensions-shared	tracked	full-page-screenshot/entrypoints/background.ts	preserved	potential user-owned note/screenshot/project asset
/home/dracon/Dev/browser-extensions-shared	tracked	full-page-screenshot/entrypoints/content.ts	preserved	potential user-owned note/screenshot/project asset
/home/dracon/Dev/browser-extensions-shared	tracked	full-page-screenshot/entrypoints/editor/App.tsx	preserved	potential user-owned note/screenshot/project asset
/home/dracon/Dev/browser-extensions-shared	tracked	full-page-screenshot/entrypoints/editor/index.html	preserved	potential user-owned note/screenshot/project asset
/home/dracon/Dev/browser-extensions-shared	tracked	full-page-screenshot/entrypoints/editor/main.tsx	preserved	potential user-owned note/screenshot/project asset
/home/dracon/Dev/browser-extensions-shared	tracked	full-page-screenshot/entrypoints/editor/style.css	preserved	potential user-owned note/screenshot/project asset
/home/dracon/Dev/browser-extensions-shared	tracked	full-page-screenshot/entrypoints/popup/App.tsx	preserved	potential user-owned note/screenshot/project asset
/home/dracon/Dev/browser-extensions-shared	tracked	full-page-screenshot/entrypoints/popup/index.html	preserved	potential user-owned note/screenshot/project asset
/home/dracon/Dev/browser-extensions-shared	tracked	full-page-screenshot/entrypoints/popup/main.tsx	preserved	potential user-owned note/screenshot/project asset
/home/dracon/Dev/browser-extensions-shared	tracked	full-page-screenshot/entrypoints/popup/style.css	preserved	potential user-owned note/screenshot/project asset
/home/dracon/Dev/browser-extensions-shared	tracked	full-page-screenshot/eslint.config.mjs	preserved	potential user-owned note/screenshot/project asset
/home/dracon/Dev/browser-extensions-shared	tracked	full-page-screenshot/package-lock.json	preserved	potential user-owned note/screenshot/project asset
/home/dracon/Dev/browser-extensions-shared	tracked	full-page-screenshot/package.json	preserved	potential user-owned note/screenshot/project asset
/home/dracon/Dev/browser-extensions-shared	tracked	full-page-screenshot/pnpm-lock.yaml	preserved	potential user-owned note/screenshot/project asset
/home/dracon/Dev/browser-extensions-shared	tracked	full-page-screenshot/postcss.config.cjs	preserved	potential user-owned note/screenshot/project asset
/home/dracon/Dev/browser-extensions-shared	tracked	full-page-screenshot/public/_locales/en/messages.json	preserved	potential user-owned note/screenshot/project asset
/home/dracon/Dev/browser-extensions-shared	tracked	full-page-screenshot/public/icon/128.png	preserved	potential user-owned note/screenshot/project asset
/home/dracon/Dev/browser-extensions-shared	tracked	full-page-screenshot/public/icon/16.png	preserved	potential user-owned note/screenshot/project asset
/home/dracon/Dev/browser-extensions-shared	tracked	full-page-screenshot/public/icon/32.png	preserved	potential user-owned note/screenshot/project asset
/home/dracon/Dev/browser-extensions-shared	tracked	full-page-screenshot/public/icon/48.png	preserved	potential user-owned note/screenshot/project asset
/home/dracon/Dev/browser-extensions-shared	tracked	full-page-screenshot/public/icon/96.png	preserved	potential user-owned note/screenshot/project asset
/home/dracon/Dev/browser-extensions-shared	tracked	full-page-screenshot/public/thumb.png	preserved	potential user-owned note/screenshot/project asset
/home/dracon/Dev/browser-extensions-shared	tracked	full-page-screenshot/tailwind.config.cjs	preserved	potential user-owned note/screenshot/project asset
/home/dracon/Dev/browser-extensions-shared	tracked	full-page-screenshot/template.json	preserved	potential user-owned note/screenshot/project asset
/home/dracon/Dev/browser-extensions-shared	tracked	full-page-screenshot/tsconfig.json	preserved	potential user-owned note/screenshot/project asset
/home/dracon/Dev/browser-extensions-shared	tracked	full-page-screenshot/utils/image.test.ts	preserved	potential user-owned note/screenshot/project asset
/home/dracon/Dev/browser-extensions-shared	tracked	full-page-screenshot/utils/image.ts	preserved	potential user-owned note/screenshot/project asset
/home/dracon/Dev/browser-extensions-shared	tracked	full-page-screenshot/utils/shared/types.ts	preserved	potential user-owned note/screenshot/project asset
/home/dracon/Dev/browser-extensions-shared	tracked	full-page-screenshot/utils/store.test.ts	preserved	potential user-owned note/screenshot/project asset
/home/dracon/Dev/browser-extensions-shared	tracked	full-page-screenshot/utils/store.ts	preserved	potential user-owned note/screenshot/project asset
/home/dracon/Dev/browser-extensions-shared	tracked	full-page-screenshot/vitest.config.ts	preserved	potential user-owned note/screenshot/project asset
/home/dracon/Dev/browser-extensions-shared	tracked	full-page-screenshot/vitest.setup.ts	preserved	potential user-owned note/screenshot/project asset
/home/dracon/Dev/browser-extensions-shared	tracked	full-page-screenshot/wxt.config.ts	preserved	potential user-owned note/screenshot/project asset
/home/dracon/Dev/browser-extensions-shared	tracked	job-finder/public/icon/128.png	preserved	potential user-owned note/screenshot/project asset
/home/dracon/Dev/browser-extensions-shared	tracked	job-finder/public/icon/16.png	preserved	potential user-owned note/screenshot/project asset
/home/dracon/Dev/browser-extensions-shared	tracked	job-finder/public/icon/32.png	preserved	potential user-owned note/screenshot/project asset
/home/dracon/Dev/browser-extensions-shared	tracked	job-finder/public/icon/48.png	preserved	potential user-owned note/screenshot/project asset
/home/dracon/Dev/browser-extensions-shared	tracked	job-finder/public/icon/96.png	preserved	potential user-owned note/screenshot/project asset
/home/dracon/Dev/browser-extensions-shared	tracked	job-finder/store-assets/icons/128.png	preserved	potential user-owned note/screenshot/project asset
/home/dracon/Dev/browser-extensions-shared	tracked	job-finder/store-assets/icons/16.png	preserved	potential user-owned note/screenshot/project asset
/home/dracon/Dev/browser-extensions-shared	tracked	job-finder/store-assets/icons/32.png	preserved	potential user-owned note/screenshot/project asset
/home/dracon/Dev/browser-extensions-shared	tracked	job-finder/store-assets/icons/48.png	preserved	potential user-owned note/screenshot/project asset
/home/dracon/Dev/browser-extensions-shared	tracked	job-finder/store-assets/icons/96.png	preserved	potential user-owned note/screenshot/project asset
/home/dracon/Dev/browser-extensions-shared	tracked	job-finder/store-assets/screenshots/competitor-breakdown.png	preserved	potential user-owned note/screenshot/project asset
/home/dracon/Dev/browser-extensions-shared	tracked	job-finder/store-assets/screenshots/options.png	preserved	potential user-owned note/screenshot/project asset
/home/dracon/Dev/browser-extensions-shared	tracked	job-finder/store-assets/screenshots/popup.png	preserved	potential user-owned note/screenshot/project asset
/home/dracon/Dev/browser-extensions-shared	tracked	job-finder/store-assets/screenshots/tracker.png	preserved	potential user-owned note/screenshot/project asset
/home/dracon/Dev/browser-extensions-shared	tracked	job-finder/store-assets/tile/tile-440x280.png	preserved	potential user-owned note/screenshot/project asset
/home/dracon/Dev/browser-extensions-shared	tracked	live-reload-pro/public/1.png	preserved	potential user-owned note/screenshot/project asset
/home/dracon/Dev/browser-extensions-shared	tracked	live-reload-pro/public/440x280.png	preserved	potential user-owned note/screenshot/project asset
/home/dracon/Dev/browser-extensions-shared	tracked	live-reload-pro/public/icon/128.png	preserved	potential user-owned note/screenshot/project asset
/home/dracon/Dev/browser-extensions-shared	tracked	live-reload-pro/public/icon/16.png	preserved	potential user-owned note/screenshot/project asset
/home/dracon/Dev/browser-extensions-shared	tracked	live-reload-pro/public/icon/32.png	preserved	potential user-owned note/screenshot/project asset
/home/dracon/Dev/browser-extensions-shared	tracked	live-reload-pro/public/icon/48.png	preserved	potential user-owned note/screenshot/project asset
/home/dracon/Dev/browser-extensions-shared	tracked	live-reload-pro/public/icon/96.png	preserved	potential user-owned note/screenshot/project asset
/home/dracon/Dev/browser-extensions-shared	tracked	live-reload-pro/references/jnihajbhpnppcggbcgedagnkighmdlei/IconActive.png	preserved	potential user-owned note/screenshot/project asset
/home/dracon/Dev/browser-extensions-shared	tracked	live-reload-pro/references/jnihajbhpnppcggbcgedagnkighmdlei/IconActive@2x.png	preserved	potential user-owned note/screenshot/project asset
/home/dracon/Dev/browser-extensions-shared	tracked	live-reload-pro/references/jnihajbhpnppcggbcgedagnkighmdlei/IconDisabled.png	preserved	potential user-owned note/screenshot/project asset
/home/dracon/Dev/browser-extensions-shared	tracked	live-reload-pro/references/jnihajbhpnppcggbcgedagnkighmdlei/IconDisabled@2x.png	preserved	potential user-owned note/screenshot/project asset
/home/dracon/Dev/browser-extensions-shared	tracked	live-reload-pro/references/jnihajbhpnppcggbcgedagnkighmdlei/IconEnabled.png	preserved	potential user-owned note/screenshot/project asset
/home/dracon/Dev/browser-extensions-shared	tracked	live-reload-pro/references/jnihajbhpnppcggbcgedagnkighmdlei/IconEnabled@2x.png	preserved	potential user-owned note/screenshot/project asset
/home/dracon/Dev/browser-extensions-shared	tracked	live-reload-pro/references/jnihajbhpnppcggbcgedagnkighmdlei/IconUnavailable.png	preserved	potential user-owned note/screenshot/project asset
/home/dracon/Dev/browser-extensions-shared	tracked	live-reload-pro/references/jnihajbhpnppcggbcgedagnkighmdlei/IconUnavailable@2x.png	preserved	potential user-owned note/screenshot/project asset
/home/dracon/Dev/browser-extensions-shared	tracked	live-reload-pro/references/jnihajbhpnppcggbcgedagnkighmdlei/icon128.png	preserved	potential user-owned note/screenshot/project asset
/home/dracon/Dev/browser-extensions-shared	tracked	live-reload-pro/references/jnihajbhpnppcggbcgedagnkighmdlei/icon48.png	preserved	potential user-owned note/screenshot/project asset
/home/dracon/Dev/browser-extensions-shared	tracked	live-reload-pro/references/kdlcalkcmchabpgfhmjannmkbppggkck/icons/icon128.png	preserved	potential user-owned note/screenshot/project asset
/home/dracon/Dev/browser-extensions-shared	tracked	live-reload-pro/references/kdlcalkcmchabpgfhmjannmkbppggkck/icons/icon128_disabled.png	preserved	potential user-owned note/screenshot/project asset
/home/dracon/Dev/browser-extensions-shared	tracked	live-reload-pro/references/kdlcalkcmchabpgfhmjannmkbppggkck/icons/icon16.png	preserved	potential user-owned note/screenshot/project asset
/home/dracon/Dev/browser-extensions-shared	tracked	live-reload-pro/references/kdlcalkcmchabpgfhmjannmkbppggkck/icons/icon16_disabled.png	preserved	potential user-owned note/screenshot/project asset
/home/dracon/Dev/browser-extensions-shared	tracked	live-reload-pro/references/kdlcalkcmchabpgfhmjannmkbppggkck/icons/icon48.png	preserved	potential user-owned note/screenshot/project asset
/home/dracon/Dev/browser-extensions-shared	tracked	live-reload-pro/references/kdlcalkcmchabpgfhmjannmkbppggkck/icons/icon48_disabled.png	preserved	potential user-owned note/screenshot/project asset
/home/dracon/Dev/browser-extensions-shared	tracked	scrap/calmweb/MANUAL_TEST_CHECKLIST.md	blocked-needs-approval	possibly obsolete doc/checklist; needs approval
/home/dracon/Dev/browser-extensions-shared	tracked	scrap/calmweb/TODO.md	blocked-needs-approval	possibly obsolete doc/checklist; needs approval
/home/dracon/Dev/browser-extensions-shared	tracked	scrap/calmweb/apps/extension/public/icon/128.png	preserved	potential user-owned note/screenshot/project asset
/home/dracon/Dev/browser-extensions-shared	tracked	scrap/calmweb/apps/extension/public/icon/16.png	preserved	potential user-owned note/screenshot/project asset
/home/dracon/Dev/browser-extensions-shared	tracked	scrap/calmweb/apps/extension/public/icon/32.png	preserved	potential user-owned note/screenshot/project asset
/home/dracon/Dev/browser-extensions-shared	tracked	scrap/calmweb/apps/extension/public/icon/48.png	preserved	potential user-owned note/screenshot/project asset
/home/dracon/Dev/browser-extensions-shared	tracked	scrap/calmweb/apps/extension/public/icon/96.png	preserved	potential user-owned note/screenshot/project asset
/home/dracon/Dev/browser-extensions-shared	tracked	scrap/google-tasks-pro-tasks-kanban/icon/128.png	preserved	potential user-owned note/screenshot/project asset
/home/dracon/Dev/browser-extensions-shared	tracked	scrap/google-tasks-pro-tasks-kanban/icon/16.png	preserved	potential user-owned note/screenshot/project asset
/home/dracon/Dev/browser-extensions-shared	tracked	scrap/google-tasks-pro-tasks-kanban/icon/32.png	preserved	potential user-owned note/screenshot/project asset
/home/dracon/Dev/browser-extensions-shared	tracked	scrap/google-tasks-pro-tasks-kanban/icon/48.png	preserved	potential user-owned note/screenshot/project asset
/home/dracon/Dev/browser-extensions-shared	tracked	scrap/google-tasks-pro-tasks-kanban/icon/96.png	preserved	potential user-owned note/screenshot/project asset
/home/dracon/Dev/browser-extensions-shared	tracked	vidpro-extension/docs/archive/note-followup-2026-06-10.md	preserved	potential user-owned note/screenshot/project asset
/home/dracon/Dev/browser-extensions-shared	tracked	vidpro-extension/docs/archive/note.md	preserved	potential user-owned note/screenshot/project asset
/home/dracon/Dev/browser-extensions-shared	tracked	vidpro-extension/docs/archive/plans/2026-05-12-vidpro-master-todo-v1.md	blocked-needs-approval	possibly obsolete doc/checklist; needs approval
/home/dracon/Dev/browser-extensions-shared	tracked	vidpro-extension/e2e/screenshots/smoke-dashboard.png	preserved	potential user-owned note/screenshot/project asset
/home/dracon/Dev/browser-extensions-shared	tracked	vidpro-extension/e2e/screenshots/smoke-global-search.png	preserved	potential user-owned note/screenshot/project asset
/home/dracon/Dev/browser-extensions-shared	tracked	vidpro-extension/e2e/screenshots/smoke-optimize.png	preserved	potential user-owned note/screenshot/project asset
/home/dracon/Dev/browser-extensions-shared	tracked	vidpro-extension/e2e/screenshots/smoke-popup.png	preserved	potential user-owned note/screenshot/project asset
/home/dracon/Dev/browser-extensions-shared	tracked	vidpro-extension/e2e/screenshots/smoke-research.png	preserved	potential user-owned note/screenshot/project asset
/home/dracon/Dev/browser-extensions-shared	tracked	vidpro-extension/e2e/screenshots/smoke-settings.png	preserved	potential user-owned note/screenshot/project asset
/home/dracon/Dev/browser-extensions-shared	tracked	vidpro-extension/public/icon/128.png	preserved	potential user-owned note/screenshot/project asset
/home/dracon/Dev/browser-extensions-shared	tracked	vidpro-extension/public/icon/16.png	preserved	potential user-owned note/screenshot/project asset
/home/dracon/Dev/browser-extensions-shared	tracked	vidpro-extension/public/icon/32.png	preserved	potential user-owned note/screenshot/project asset
/home/dracon/Dev/browser-extensions-shared	tracked	vidpro-extension/public/icon/48.png	preserved	potential user-owned note/screenshot/project asset
/home/dracon/Dev/browser-extensions-shared	tracked	vidpro-extension/public/icon/96.png	preserved	potential user-owned note/screenshot/project asset
/home/dracon/Dev/browser-extensions-shared	tracked	volume-and-video-pro/STORE_CHECKLIST.md	blocked-needs-approval	possibly obsolete doc/checklist; needs approval
/home/dracon/Dev/browser-extensions-shared	tracked	volume-and-video-pro/public/icon/128.png	preserved	potential user-owned note/screenshot/project asset
/home/dracon/Dev/browser-extensions-shared	tracked	volume-and-video-pro/public/icon/16.png	preserved	potential user-owned note/screenshot/project asset
/home/dracon/Dev/browser-extensions-shared	tracked	volume-and-video-pro/public/icon/32.png	preserved	potential user-owned note/screenshot/project asset
/home/dracon/Dev/browser-extensions-shared	tracked	volume-and-video-pro/public/icon/48.png	preserved	potential user-owned note/screenshot/project asset
/home/dracon/Dev/browser-extensions-shared	tracked	volume-and-video-pro/public/icon/96.png	preserved	potential user-owned note/screenshot/project asset
/home/dracon/Dev/browser-extensions-shared	tracked	volume-and-video-pro/screenshots/popup-ui.png	preserved	potential user-owned note/screenshot/project asset
/home/dracon/Dev/browser-extensions-shared	tracked	wxt-starter/.env.example	blocked-needs-approval	secret-like file requires rotation/approval before removal
/home/dracon/Dev/browser-extensions-shared	tracked	wxt-starter/NEW_PROJECT_CHECKLIST.md	blocked-needs-approval	possibly obsolete doc/checklist; needs approval
/home/dracon/Dev/browser-extensions-shared	tracked	youtube-dislike/RELEASE_NOTES.md	preserved	potential user-owned note/screenshot/project asset
/home/dracon/Dev/browser-extensions-shared	tracked	youtube-dislike/TODO.md	blocked-needs-approval	possibly obsolete doc/checklist; needs approval
/home/dracon/Dev/browser-extensions-shared	tracked	youtube-dislike/icon/128.png	preserved	potential user-owned note/screenshot/project asset
/home/dracon/Dev/browser-extensions-shared	tracked	youtube-dislike/icon/16.png	preserved	potential user-owned note/screenshot/project asset
/home/dracon/Dev/browser-extensions-shared	tracked	youtube-dislike/icon/32.png	preserved	potential user-owned note/screenshot/project asset
/home/dracon/Dev/browser-extensions-shared	tracked	youtube-dislike/icon/48.png	preserved	potential user-owned note/screenshot/project asset
/home/dracon/Dev/browser-extensions-shared	tracked	youtube-dislike/icon/96.png	preserved	potential user-owned note/screenshot/project asset
/home/dracon/Dev/browser-extensions-shared	tracked	youtube-dislike/public/1.png	preserved	potential user-owned note/screenshot/project asset
/home/dracon/Dev/browser-extensions-shared	tracked	youtube-dislike/public/2.png	preserved	potential user-owned note/screenshot/project asset
/home/dracon/Dev/browser-extensions-shared	tracked	youtube-dislike/public/ChatGPT Image May 7, 2026, 08_28_22 PM.png	preserved	potential user-owned note/screenshot/project asset
/home/dracon/Dev/browser-extensions-shared	tracked	youtube-dislike/public/icon/128.png	preserved	potential user-owned note/screenshot/project asset
/home/dracon/Dev/browser-extensions-shared	tracked	youtube-dislike/public/icon/16.png	preserved	potential user-owned note/screenshot/project asset
/home/dracon/Dev/browser-extensions-shared	tracked	youtube-dislike/public/icon/32.png	preserved	potential user-owned note/screenshot/project asset
/home/dracon/Dev/browser-extensions-shared	tracked	youtube-dislike/public/icon/48.png	preserved	potential user-owned note/screenshot/project asset
/home/dracon/Dev/browser-extensions-shared	tracked	youtube-dislike/public/icon/96.png	preserved	potential user-owned note/screenshot/project asset
/home/dracon/Dev/browser-extensions-shared	tracked	youtube-dislike/public/thumb.png	preserved	potential user-owned note/screenshot/project asset
/home/dracon/Dev/browser-extensions-shared	tracked	youtube-dislike/scripts/public/icon/128.png	preserved	potential user-owned note/screenshot/project asset
/home/dracon/Dev/browser-extensions-shared	tracked	youtube-dislike/scripts/public/icon/16.png	preserved	potential user-owned note/screenshot/project asset
/home/dracon/Dev/browser-extensions-shared	tracked	youtube-dislike/scripts/public/icon/32.png	preserved	potential user-owned note/screenshot/project asset
/home/dracon/Dev/browser-extensions-shared	tracked	youtube-dislike/scripts/public/icon/48.png	preserved	potential user-owned note/screenshot/project asset
/home/dracon/Dev/browser-extensions-shared	tracked	youtube-dislike/scripts/public/icon/96.png	preserved	potential user-owned note/screenshot/project asset
/home/dracon/Dev/rust-ai-web-auto	tracked	.env	blocked-needs-approval	secret-like file requires rotation/approval before removal
/home/dracon/Dev/rust-ai-web-auto	tracked	.env.example	blocked-needs-approval	secret-like file requires rotation/approval before removal
/home/dracon/Dev/rust-ai-web-auto	tracked	.pi/goals/active_goal_2026060902473467_mq5zckgi-e991vb.md	blocked-by-pi-exclusion	.pi local task state must not be cleaned
/home/dracon/Dev/rust-ai-web-auto	tracked	.pi/goals/archived/goal_2026053120540756_mpu74jlb-xnkw0s.md	blocked-by-pi-exclusion	.pi local task state must not be cleaned
/home/dracon/Dev/rust-ai-web-auto	tracked	.pi/goals/archived/goal_2026053121482425_mpu8fceo-y34bei.md	blocked-by-pi-exclusion	.pi local task state must not be cleaned
/home/dracon/Dev/rust-ai-web-auto	tracked	.pi/goals/archived/goal_2026060112273640_mpuhcnui-0vekoi.md	blocked-by-pi-exclusion	.pi local task state must not be cleaned
/home/dracon/Dev/rust-ai-web-auto	tracked	.pi/goals/archived/goal_2026060112440792_mpv4x744-pzio9k.md	blocked-by-pi-exclusion	.pi local task state must not be cleaned
/home/dracon/Dev/rust-ai-web-auto	tracked	.pi/goals/archived/goal_2026060113032381_mpv5ggun-xtdwwk.md	blocked-by-pi-exclusion	.pi local task state must not be cleaned
/home/dracon/Dev/rust-ai-web-auto	tracked	.pi/goals/archived/goal_2026060121391978_mpvcligm-fqxn4f.md	blocked-by-pi-exclusion	.pi local task state must not be cleaned
/home/dracon/Dev/rust-ai-web-auto	tracked	.pi/goals/archived/goal_2026060122160765_mpvpcsaz-9qgvsy.md	blocked-by-pi-exclusion	.pi local task state must not be cleaned
/home/dracon/Dev/rust-ai-web-auto	tracked	.pi/goals/archived/goal_2026060210521488_mpvrkyyj-3mj7k3.md	blocked-by-pi-exclusion	.pi local task state must not be cleaned
/home/dracon/Dev/rust-ai-web-auto	tracked	.pi/goals/archived/goal_2026060211154584_mpwh9yyu-8pa0cb.md	blocked-by-pi-exclusion	.pi local task state must not be cleaned
/home/dracon/Dev/rust-ai-web-auto	tracked	.pi/goals/archived/goal_2026060218522168_mpwwpvar-i3bl4e.md	blocked-by-pi-exclusion	.pi local task state must not be cleaned
/home/dracon/Dev/rust-ai-web-auto	tracked	.pi/goals/archived/goal_2026060315544992_mpxcywek-os6vu4.md	blocked-by-pi-exclusion	.pi local task state must not be cleaned
/home/dracon/Dev/rust-ai-web-auto	tracked	.pi/goals/archived/goal_2026060319022612_mpyda6ag-26ehg7.md	blocked-by-pi-exclusion	.pi local task state must not be cleaned
/home/dracon/Dev/rust-ai-web-auto	tracked	.pi/goals/archived/goal_2026060322303653_mpykrg1c-7asulp.md	blocked-by-pi-exclusion	.pi local task state must not be cleaned
/home/dracon/Dev/rust-ai-web-auto	tracked	.pi/goals/archived/goal_2026060323214677_mpymjx80-uxsb7s.md	blocked-by-pi-exclusion	.pi local task state must not be cleaned
/home/dracon/Dev/rust-ai-web-auto	tracked	.pi/goals/archived/goal_2026060416104877_mpzmpfqe-fwxtxy.md	blocked-by-pi-exclusion	.pi local task state must not be cleaned
/home/dracon/Dev/rust-ai-web-auto	tracked	.pi/goals/archived/goal_2026060419433826_mpztv8mj-ma48re.md	blocked-by-pi-exclusion	.pi local task state must not be cleaned
/home/dracon/Dev/rust-ai-web-auto	tracked	.pi/goals/archived/goal_2026060420543270_mpzwlu6y-gsbrzs.md	blocked-by-pi-exclusion	.pi local task state must not be cleaned
/home/dracon/Dev/rust-ai-web-auto	tracked	.pi/goals/archived/goal_2026060423182778_mpzzcame-078ng4.md	blocked-by-pi-exclusion	.pi local task state must not be cleaned
/home/dracon/Dev/rust-ai-web-auto	tracked	.pi/goals/archived/goal_2026060506412675_mq07s5o6-gf4n7c.md	blocked-by-pi-exclusion	.pi local task state must not be cleaned
/home/dracon/Dev/rust-ai-web-auto	tracked	.pi/goals/archived/goal_2026060510340949_mq0pj6pu-6j1nvd.md	blocked-by-pi-exclusion	.pi local task state must not be cleaned
/home/dracon/Dev/rust-ai-web-auto	tracked	.pi/goals/archived/goal_2026060519300590_mq188jp0-87r8fk.md	blocked-by-pi-exclusion	.pi local task state must not be cleaned
/home/dracon/Dev/rust-ai-web-auto	tracked	.pi/goals/archived/goal_2026060721311870_mq46u3vf-lcdc16.md	blocked-by-pi-exclusion	.pi local task state must not be cleaned
/home/dracon/Dev/rust-ai-web-auto	tracked	.pi/goals/archived/goal_2026060818284565_mq52w2qo-ezl07k.md	blocked-by-pi-exclusion	.pi local task state must not be cleaned
/home/dracon/Dev/rust-ai-web-auto	tracked	.pi/goals/archived/goal_2026060823472536_mq5qsqwb-oe2ko1.md	blocked-by-pi-exclusion	.pi local task state must not be cleaned
/home/dracon/Dev/rust-ai-web-auto	tracked	.pi/goals/archived/goal_2026060900211422_mq5tfift-qv13vs.md	blocked-by-pi-exclusion	.pi local task state must not be cleaned
/home/dracon/Dev/rust-ai-web-auto	tracked	.pi/goals/archived/goal_2026060901384746_mq5wmbrh-akrbt4.md	blocked-by-pi-exclusion	.pi local task state must not be cleaned
/home/dracon/Dev/rust-ai-web-auto	tracked	MEGA_CHECKLIST.md	blocked-needs-approval	possibly obsolete doc/checklist; needs approval
/home/dracon/Dev/rust-ai-web-auto	tracked	click_chain_1780538519.png	preserved	potential user-owned note/screenshot/project asset
/home/dracon/Dev/rust-ai-web-auto	tracked	click_chain_1780538550.png	preserved	potential user-owned note/screenshot/project asset
/home/dracon/Dev/rust-ai-web-auto	tracked	click_chain_1780539957.png	preserved	potential user-owned note/screenshot/project asset
/home/dracon/Dev/rust-ai-web-auto	tracked	docs/API_KEYS.md	blocked-needs-approval	secret-like file requires rotation/approval before removal
/home/dracon/Dev/rust-ai-web-auto	tracked	docs/automation-master-checklist.md	blocked-needs-approval	possibly obsolete doc/checklist; needs approval
/home/dracon/Dev/rust-ai-web-auto	tracked	extension/icons/icon128.png	preserved	potential user-owned note/screenshot/project asset
/home/dracon/Dev/rust-ai-web-auto	tracked	extension/icons/icon48.png	preserved	potential user-owned note/screenshot/project asset
/home/dracon/Dev/rust-ai-web-auto	tracked	scripts/screenshot_only.rs	preserved	potential user-owned note/screenshot/project asset
/home/dracon/Dev/rust-ai-web-auto	tracked	scroll_test_1780538508.png	preserved	potential user-owned note/screenshot/project asset
/home/dracon/Dev/rust-ai-web-auto	tracked	scroll_test_1780598187.png	preserved	potential user-owned note/screenshot/project asset
/home/dracon/Dev/rust-ai-web-auto	tracked	scroll_test_1780598299.png	preserved	potential user-owned note/screenshot/project asset
/home/dracon/Dev/rust-ai-web-auto	tracked	scroll_test_1780602379.png	preserved	potential user-owned note/screenshot/project asset
/home/dracon/Dev/rust-ai-web-auto	tracked	scroll_test_1781082862.png	preserved	potential user-owned note/screenshot/project asset
/home/dracon/.dracon	tracked	data/ai/secrets/azure.env	blocked-needs-approval	secret-like file requires rotation/approval before removal
/home/dracon/.dracon	tracked	data/ai/secrets/modal.env	blocked-needs-approval	secret-like file requires rotation/approval before removal
/home/dracon/.dracon	tracked	data/ai/secrets/nvidia.env	blocked-needs-approval	secret-like file requires rotation/approval before removal
/home/dracon/.dracon	tracked	data/ai/secrets/openrouter.env	blocked-needs-approval	secret-like file requires rotation/approval before removal
/home/dracon/.dracon	tracked	data/ai/secrets/zai.env	blocked-needs-approval	secret-like file requires rotation/approval before removal
/home/dracon/.dracon	tracked	nixos/TODO.md	blocked-needs-approval	possibly obsolete doc/checklist; needs approval
/home/dracon/.dracon	tracked	secrets/ai/minimax.env	blocked-needs-approval	secret-like file requires rotation/approval before removal
/home/dracon/.dracon	tracked	secrets/archive/github.env.root-duplicate	blocked-needs-approval	secret-like file requires rotation/approval before removal
/home/dracon/.dracon	tracked	secrets/audit_test.env	blocked-needs-approval	secret-like file requires rotation/approval before removal
/home/dracon/.dracon	tracked	secrets/cloudflare.env	blocked-needs-approval	secret-like file requires rotation/approval before removal
/home/dracon/.dracon	tracked	secrets/pat/github.env	blocked-needs-approval	secret-like file requires rotation/approval before removal
/home/dracon/.dracon	tracked	secrets/registry/crates-io-token	blocked-needs-approval	secret-like file requires rotation/approval before removal
/home/dracon/.dracon	tracked	secrets/ssh/authorized_keys	blocked-needs-approval	secret-like file requires rotation/approval before removal
/home/dracon/.dracon	tracked	secrets/ssh/codeberg_dracon_sync	blocked-needs-approval	secret-like file requires rotation/approval before removal
/home/dracon/.dracon	tracked	secrets/ssh/codeberg_dracon_sync.pub	blocked-needs-approval	secret-like file requires rotation/approval before removal
/home/dracon/.dracon	tracked	secrets/ssh/config	blocked-needs-approval	secret-like file requires rotation/approval before removal
/home/dracon/.dracon	tracked	secrets/ssh/config.save	blocked-needs-approval	secret-like file requires rotation/approval before removal
/home/dracon/.dracon	tracked	secrets/ssh/google_compute_engine	blocked-needs-approval	secret-like file requires rotation/approval before removal
/home/dracon/.dracon	tracked	secrets/ssh/id_ed25519	blocked-needs-approval	secret-like file requires rotation/approval before removal
/home/dracon/.dracon	tracked	secrets/ssh/id_ed25519.pub	blocked-needs-approval	secret-like file requires rotation/approval before removal
/home/dracon/.dracon	tracked	secrets/ssh/known_hosts	blocked-needs-approval	secret-like file requires rotation/approval before removal
/home/dracon/.dracon	tracked	secrets/ssh/known_hosts.old	blocked-needs-approval	secret-like file requires rotation/approval before removal
/home/dracon/.dracon	tracked	secrets/ssh/legacy_archive/admin.key	blocked-needs-approval	secret-like file requires rotation/approval before removal
/home/dracon/.dracon	tracked	secrets/ssh/legacy_archive/admin.key.pub	blocked-needs-approval	secret-like file requires rotation/approval before removal
/home/dracon/.dracon	tracked	secrets/ssh/legacy_archive/admin.pub.gen	blocked-needs-approval	secret-like file requires rotation/approval before removal
/home/dracon/.dracon	tracked	secrets/ssh/legacy_archive/arcane_director	blocked-needs-approval	secret-like file requires rotation/approval before removal
/home/dracon/.dracon	tracked	secrets/ssh/legacy_archive/arcane_director.pub	blocked-needs-approval	secret-like file requires rotation/approval before removal
/home/dracon/.dracon	tracked	secrets/ssh/legacy_archive/main1.key	blocked-needs-approval	secret-like file requires rotation/approval before removal
/home/dracon/.dracon	tracked	secrets/ssh/legacy_archive/main1.key.bak	blocked-needs-approval	secret-like file requires rotation/approval before removal
/home/dracon/.dracon	tracked	secrets/ssh/legacy_archive/main1.pub.bak	blocked-needs-approval	secret-like file requires rotation/approval before removal
/home/dracon/.dracon	tracked	secrets/ssh/legacy_archive/micro1.derived.pub	blocked-needs-approval	secret-like file requires rotation/approval before removal
/home/dracon/.dracon	tracked	secrets/ssh/legacy_archive/micro1.key	blocked-needs-approval	secret-like file requires rotation/approval before removal
/home/dracon/.dracon	tracked	secrets/ssh/legacy_archive/micro1.key.pub	blocked-needs-approval	secret-like file requires rotation/approval before removal
/home/dracon/.dracon	tracked	secrets/ssh/legacy_archive/micro1.pub	blocked-needs-approval	secret-like file requires rotation/approval before removal
/home/dracon/.dracon	tracked	secrets/ssh/legacy_archive/micro2.pub	blocked-needs-approval	secret-like file requires rotation/approval before removal
/home/dracon/.dracon	tracked	secrets/ssh/legacy_archive/ssh-key-2026-01-03 (5).key	blocked-needs-approval	secret-like file requires rotation/approval before removal
/home/dracon/.dracon	tracked	secrets/ssh/legacy_archive/ssh-key-2026-01-03.key (5).pub	blocked-needs-approval	secret-like file requires rotation/approval before removal
/home/dracon/.dracon	tracked	secrets/ssh/main1.key	blocked-needs-approval	secret-like file requires rotation/approval before removal
/home/dracon/.dracon	tracked	secrets/ssh/main1.key.pub	blocked-needs-approval	secret-like file requires rotation/approval before removal
/home/dracon/.dracon	tracked	secrets/ssh/micro1.key	blocked-needs-approval	secret-like file requires rotation/approval before removal
/home/dracon/.dracon	tracked	secrets/ssh/micro1.key.pub	blocked-needs-approval	secret-like file requires rotation/approval before removal
/home/dracon/.dracon	tracked	secrets/ssh/micro2.key	blocked-needs-approval	secret-like file requires rotation/approval before removal
/home/dracon/.dracon	tracked	secrets/ssh/micro2.key.pub	blocked-needs-approval	secret-like file requires rotation/approval before removal
/home/dracon/.dracon	tracked	secrets/ssh/micro3.key	blocked-needs-approval	secret-like file requires rotation/approval before removal
/home/dracon/.dracon	tracked	secrets/ssh/micro3.key.pub	blocked-needs-approval	secret-like file requires rotation/approval before removal
/home/dracon/.dracon	tracked	secrets/ssh/micro3_v2_key	blocked-needs-approval	secret-like file requires rotation/approval before removal
/home/dracon/.dracon	tracked	secrets/ssh/micro3_v2_key.pub	blocked-needs-approval	secret-like file requires rotation/approval before removal
/home/dracon/.dracon	tracked	utilities/sync/ai/secrets/mistral.env	blocked-needs-approval	secret-like file requires rotation/approval before removal
/home/dracon/.dracon	tracked	utilities/sync/ai/secrets/nvidia.env	blocked-needs-approval	secret-like file requires rotation/approval before removal
/home/dracon/.dracon	tracked	utilities/sync/ai/secrets/openrouter.env	blocked-needs-approval	secret-like file requires rotation/approval before removal
/home/dracon/.dracon	tracked	utilities/sync/secrets/README.md	blocked-needs-approval	secret-like file requires rotation/approval before removal
/home/dracon/.dracon	tracked	utilities/sync/secrets/codeberg.env	blocked-needs-approval	secret-like file requires rotation/approval before removal
/home/dracon/.dracon	tracked	utilities/sync/secrets/cratesio.env	blocked-needs-approval	secret-like file requires rotation/approval before removal
/home/dracon/.dracon	tracked	utilities/sync/secrets/github.env	blocked-needs-approval	secret-like file requires rotation/approval before removal
/home/dracon/.dracon	tracked	utilities/sync/secrets/gitlab.env	blocked-needs-approval	secret-like file requires rotation/approval before removal
/home/dracon/.dracon	tracked	utilities/sync/secrets/npm.env	blocked-needs-approval	secret-like file requires rotation/approval before removal
/home/dracon/Dev/dracon-ai-lib	tracked	.env	blocked-needs-approval	secret-like file requires rotation/approval before removal
/home/dracon/Dev/dracon-ai-lib	tracked	.env.example	blocked-needs-approval	secret-like file requires rotation/approval before removal
/home/dracon/Dev/dracon-ai-lib	tracked	.pi/goals/archived/goal_2026053121495992_mpu8240y-aobl2r.md	blocked-by-pi-exclusion	.pi local task state must not be cleaned
/home/dracon/Dev/dracon-ai-lib	tracked	.pi/goals/archived/goal_2026060102321437_mpugtb4f-82ryaq.md	blocked-by-pi-exclusion	.pi local task state must not be cleaned
/home/dracon/Dev/dracon-ai-lib	tracked	.pi/goals/archived/goal_2026060121193146_mpv56bb9-1tm2an.md	blocked-by-pi-exclusion	.pi local task state must not be cleaned
/home/dracon/Dev/dracon-ai-lib	tracked	.pi/goals/archived/goal_2026060123165134_mpvrmjhm-pknz4m.md	blocked-by-pi-exclusion	.pi local task state must not be cleaned
/home/dracon/Dev/dracon-ai-lib	tracked	.pi/goals/archived/goal_2026060210011760_mpwehb17-9tq3v5.md	blocked-by-pi-exclusion	.pi local task state must not be cleaned
/home/dracon/Dev/dracon-ai-lib	tracked	.pi/goals/archived/goal_2026060210385994_mpwfm8m2-o16qqa.md	blocked-by-pi-exclusion	.pi local task state must not be cleaned
/home/dracon/Dev/dracon-ai-lib	tracked	.pi/goals/archived/goal_2026060211120567_mpwgv778-gfdgir.md	blocked-by-pi-exclusion	.pi local task state must not be cleaned
/home/dracon/Dev/dracon-ai-lib	tracked	.pi/goals/archived/goal_2026060212521240_mpwkld79-u6b4c0.md	blocked-by-pi-exclusion	.pi local task state must not be cleaned
/home/dracon/Dev/dracon-ai-lib	tracked	.pi/goals/archived/goal_2026060214212564_mpwm8hys-a2ky77.md	blocked-by-pi-exclusion	.pi local task state must not be cleaned
/home/dracon/Dev/dracon-ai-lib	tracked	.pi/goals/archived/goal_2026060215052605_mpwoi3iu-3qlf61.md	blocked-by-pi-exclusion	.pi local task state must not be cleaned
/home/dracon/Dev/dracon-ai-lib	tracked	.pi/goals/archived/goal_2026060217222514_mpwu7sxu-c5e4um.md	blocked-by-pi-exclusion	.pi local task state must not be cleaned
/home/dracon/Dev/dracon-ai-lib	tracked	.pi/goals/archived/goal_2026060218052396_mpwvp55w-mf378w.md	blocked-by-pi-exclusion	.pi local task state must not be cleaned
/home/dracon/Dev/dracon-ai-lib	tracked	.pi/goals/archived/goal_2026060317495547_mpy5dihe-174b31.md	blocked-by-pi-exclusion	.pi local task state must not be cleaned
/home/dracon/Dev/dracon-ai-lib	tracked	.pi/goals/archived/goal_2026060415231066_mpzi21xo-6k45hv.md	blocked-by-pi-exclusion	.pi local task state must not be cleaned
/home/dracon/Dev/dracon-ai-lib	tracked	.pi/goals/archived/goal_2026060416554220_mpzm5wwy-4v5mkd.md	blocked-by-pi-exclusion	.pi local task state must not be cleaned
/home/dracon/Dev/dracon-ai-lib	tracked	.pi/goals/archived/goal_2026060420041353_mpzusmll-tkuavh.md	blocked-by-pi-exclusion	.pi local task state must not be cleaned
/home/dracon/Dev/dracon-ai-lib	tracked	.pi/goals/archived/goal_2026060421392982_mpzy1kjm-7ooplq.md	blocked-by-pi-exclusion	.pi local task state must not be cleaned
/home/dracon/Dev/dracon-ai-lib	tracked	.pi/goals/archived/goal_2026060422553256_mq00aa8p-q78q3b.md	blocked-by-pi-exclusion	.pi local task state must not be cleaned
/home/dracon/Dev/dracon-ai-lib	tracked	.pi/goals/archived/goal_2026060500465297_mq052bj9-1hi21x.md	blocked-by-pi-exclusion	.pi local task state must not be cleaned
/home/dracon/Dev/dracon-ai-lib	tracked	.pi/goals/archived/goal_2026060511014963_mq0qqfj2-7mdgp7.md	blocked-by-pi-exclusion	.pi local task state must not be cleaned
/home/dracon/Dev/dracon-ai-lib	tracked	.pi/goals/archived/goal_2026060517130651_mq13cixj-o88468.md	blocked-by-pi-exclusion	.pi local task state must not be cleaned
/home/dracon/Dev/dracon-ai-lib	tracked	.pi/goals/archived/goal_2026060519131616_mq18k8nb-8z83jr.md	blocked-by-pi-exclusion	.pi local task state must not be cleaned
/home/dracon/Dev/dracon-ai-lib	tracked	.pi/goals/archived/goal_2026060600082972_mq1j5294-ibcxfd.md	blocked-by-pi-exclusion	.pi local task state must not be cleaned
/home/dracon/Dev/dracon-ai-lib	tracked	.pi/goals/archived/goal_2026060614351979_mq29t6kn-pno183.md	blocked-by-pi-exclusion	.pi local task state must not be cleaned
/home/dracon/Dev/dracon-ai-lib	tracked	.pi/goals/archived/goal_2026060621301132_mq2jyqty-gznsws.md	blocked-by-pi-exclusion	.pi local task state must not be cleaned
/home/dracon/Dev/dracon-ai-lib	tracked	.pi/goals/archived/goal_2026060723330028_mq4cpmy6-srv0bj.md	blocked-by-pi-exclusion	.pi local task state must not be cleaned
/home/dracon/Dev/dracon-ai-lib	tracked	.pi/goals/archived/goal_2026060811353888_mq4gszze-8rib4x.md	blocked-by-pi-exclusion	.pi local task state must not be cleaned
/home/dracon/Dev/dracon-ai-lib	tracked	.pi/goals/archived/goal_2026060813080905_mq53j6wk-tc1udv.md	blocked-by-pi-exclusion	.pi local task state must not be cleaned
/home/dracon/Dev/dracon-ai-lib	tracked	.pi/goals/archived/goal_2026060816375771_mq5ckllx-58ktk5.md	blocked-by-pi-exclusion	.pi local task state must not be cleaned
/home/dracon/Dev/dracon-ai-lib	tracked	.pi/goals/archived/goal_2026060817103628_mq5ebocf-8c0p11.md	blocked-by-pi-exclusion	.pi local task state must not be cleaned
/home/dracon/Dev/dracon-ai-lib	tracked	.pi/goals/goal_events.jsonl	blocked-by-pi-exclusion	.pi local task state must not be cleaned
/home/dracon/Dev/dracon-ai-lib	tracked	crates/client/.env	blocked-needs-approval	secret-like file requires rotation/approval before removal
/home/dracon/Dev/folder-auto-banner	tracked	.pi/goals/archived/goal_2026053123121625_mpu6uqwd-a1az0m.md	blocked-by-pi-exclusion	.pi local task state must not be cleaned
/home/dracon/Dev/folder-auto-banner	tracked	.pi/goals/archived/goal_2026060102451341_mpugboho-zetl3a.md	blocked-by-pi-exclusion	.pi local task state must not be cleaned
/home/dracon/Dev/folder-auto-banner	tracked	.pi/goals/archived/goal_2026060113143324_mpv5mfhr-idgtck.md	blocked-by-pi-exclusion	.pi local task state must not be cleaned
/home/dracon/Dev/folder-auto-banner	tracked	.pi/goals/archived/goal_2026060212474341_mpv8dw5g-j14ssp.md	blocked-by-pi-exclusion	.pi local task state must not be cleaned
/home/dracon/Dev/folder-auto-banner	tracked	.pi/goals/archived/goal_2026060216255858_mpwokfkh-tza0b3.md	blocked-by-pi-exclusion	.pi local task state must not be cleaned
/home/dracon/Dev/folder-auto-banner	tracked	.pi/goals/archived/goal_2026060217552659_mpwud0t5-bzwwcr.md	blocked-by-pi-exclusion	.pi local task state must not be cleaned
/home/dracon/Dev/folder-auto-banner	tracked	.pi/goals/archived/goal_2026060218250224_mpwwo65i-x0fawg.md	blocked-by-pi-exclusion	.pi local task state must not be cleaned
/home/dracon/Dev/folder-auto-banner	tracked	.pi/goals/archived/goal_2026060219302003_mpwy79ui-swjmra.md	blocked-by-pi-exclusion	.pi local task state must not be cleaned
/home/dracon/Dev/folder-auto-banner	tracked	.pi/goals/archived/goal_2026060220431633_mpwzxeiy-636yqb.md	blocked-by-pi-exclusion	.pi local task state must not be cleaned
/home/dracon/Dev/folder-auto-banner	tracked	.pi/goals/archived/goal_2026060300364931_mpx8wcfh-dyvhyz.md	blocked-by-pi-exclusion	.pi local task state must not be cleaned
/home/dracon/Dev/folder-auto-banner	tracked	.pi/goals/archived/goal_2026060314042598_mpy26zla-q5uh7e.md	blocked-by-pi-exclusion	.pi local task state must not be cleaned
/home/dracon/Dev/folder-auto-banner	tracked	.pi/goals/archived/goal_2026060320023084_mpyf2se0-u55mdk.md	blocked-by-pi-exclusion	.pi local task state must not be cleaned
/home/dracon/Dev/folder-auto-banner	tracked	.pi/goals/archived/goal_2026060402444667_mpyu1ml6-trlscy.md	blocked-by-pi-exclusion	.pi local task state must not be cleaned
/home/dracon/Dev/folder-auto-banner	tracked	.pi/goals/archived/goal_2026060415343683_mpzifa5q-70p4a3.md	blocked-by-pi-exclusion	.pi local task state must not be cleaned
/home/dracon/Dev/folder-auto-banner	tracked	.pi/goals/archived/goal_2026060417070937_mpzltdll-890fgv.md	blocked-by-pi-exclusion	.pi local task state must not be cleaned
/home/dracon/Dev/folder-auto-banner	tracked	.pi/goals/archived/goal_2026060419305631_mpztexwd-ku6fd2.md	blocked-by-pi-exclusion	.pi local task state must not be cleaned
/home/dracon/Dev/folder-auto-banner	tracked	.pi/goals/archived/goal_2026060421452780_mpzxs3fv-vgavqa.md	blocked-by-pi-exclusion	.pi local task state must not be cleaned
/home/dracon/Dev/folder-auto-banner	tracked	.pi/goals/archived/goal_2026060423525694_mq00ymys-fmm58d.md	blocked-by-pi-exclusion	.pi local task state must not be cleaned
/home/dracon/Dev/folder-auto-banner	tracked	.pi/goals/archived/goal_2026060511080557_mq0qinsd-b07b1r.md	blocked-by-pi-exclusion	.pi local task state must not be cleaned
/home/dracon/Dev/folder-auto-banner	tracked	.pi/goals/archived/goal_2026060511361876_mq0sbp8w-cf0l9p.md	blocked-by-pi-exclusion	.pi local task state must not be cleaned
/home/dracon/Dev/folder-auto-banner	tracked	.pi/goals/archived/goal_2026060516044843_mq1181hx-pq5ufk.md	blocked-by-pi-exclusion	.pi local task state must not be cleaned
/home/dracon/Dev/folder-auto-banner	tracked	.pi/goals/archived/goal_2026060517165649_mq12br0y-erpeii.md	blocked-by-pi-exclusion	.pi local task state must not be cleaned
/home/dracon/Dev/folder-auto-banner	tracked	.pi/goals/archived/goal_2026060518420315_mq16v0xf-hu4bin.md	blocked-by-pi-exclusion	.pi local task state must not be cleaned
/home/dracon/Dev/folder-auto-banner	tracked	.pi/goals/archived/goal_2026060519195089_mq18i0lb-1j2car.md	blocked-by-pi-exclusion	.pi local task state must not be cleaned
/home/dracon/Dev/folder-auto-banner	tracked	.pi/goals/archived/goal_2026060520100089_mq1aifn7-6yezq4.md	blocked-by-pi-exclusion	.pi local task state must not be cleaned
/home/dracon/Dev/folder-auto-banner	tracked	.ralph/archived/perf-optimize.md	blocked-needs-approval	local task/session state; ambiguous user-owned content
/home/dracon/Dev/folder-auto-banner	tracked	.ralph/archived/perf-optimize.state.json	blocked-needs-approval	local task/session state; ambiguous user-owned content
/home/dracon/Dev/folder-auto-banner	tracked	.ralph/fab-build.md	blocked-needs-approval	local task/session state; ambiguous user-owned content
/home/dracon/Dev/folder-auto-banner	tracked	.ralph/fab-build.state.json	blocked-needs-approval	local task/session state; ambiguous user-owned content
/home/dracon/Dev/folder-auto-banner	tracked	RELEASE_NOTES_0.6.10.md	preserved	potential user-owned note/screenshot/project asset
/home/dracon/Dev/folder-auto-banner	tracked	RELEASE_NOTES_0.6.11.md	preserved	potential user-owned note/screenshot/project asset
/home/dracon/Dev/folder-auto-banner	tracked	RELEASE_NOTES_0.6.12.md	preserved	potential user-owned note/screenshot/project asset
/home/dracon/Dev/folder-auto-banner	tracked	RELEASE_NOTES_0.6.13.md	preserved	potential user-owned note/screenshot/project asset
/home/dracon/Dev/folder-auto-banner	tracked	RELEASE_NOTES_0.6.14.md	preserved	potential user-owned note/screenshot/project asset
/home/dracon/Dev/folder-auto-banner	tracked	RELEASE_NOTES_0.6.15.md	preserved	potential user-owned note/screenshot/project asset
/home/dracon/Dev/folder-auto-banner	tracked	RELEASE_NOTES_0.6.16.md	preserved	potential user-owned note/screenshot/project asset
/home/dracon/Dev/folder-auto-banner	tracked	RELEASE_NOTES_0.6.17.md	preserved	potential user-owned note/screenshot/project asset
/home/dracon/Dev/folder-auto-banner	tracked	RELEASE_NOTES_0.6.2.md	preserved	potential user-owned note/screenshot/project asset
/home/dracon/Dev/folder-auto-banner	tracked	RELEASE_NOTES_0.6.3.md	preserved	potential user-owned note/screenshot/project asset
/home/dracon/Dev/folder-auto-banner	tracked	RELEASE_NOTES_0.6.4.md	preserved	potential user-owned note/screenshot/project asset
/home/dracon/Dev/folder-auto-banner	tracked	RELEASE_NOTES_0.6.5.md	preserved	potential user-owned note/screenshot/project asset
/home/dracon/Dev/folder-auto-banner	tracked	RELEASE_NOTES_0.6.6.md	preserved	potential user-owned note/screenshot/project asset
/home/dracon/Dev/folder-auto-banner	tracked	RELEASE_NOTES_0.6.7.md	preserved	potential user-owned note/screenshot/project asset
/home/dracon/Dev/folder-auto-banner	tracked	RELEASE_NOTES_0.6.8.md	preserved	potential user-owned note/screenshot/project asset
/home/dracon/Dev/folder-auto-banner	tracked	RELEASE_NOTES_0.6.9.md	preserved	potential user-owned note/screenshot/project asset
/home/dracon/Dev/folder-auto-banner	tracked	note.md	preserved	potential user-owned note/screenshot/project asset
/home/dracon/Dev/folder-auto-banner	tracked	public/fab_thumb.png	preserved	potential user-owned note/screenshot/project asset
/home/dracon/Dev/ai-auto-repo-rot-scanner-todo-agent	tracked	.env.example	blocked-needs-approval	secret-like file requires rotation/approval before removal
/home/dracon/Dev/ai-auto-repo-rot-scanner-todo-agent	tracked	.pi/goals/archived/goal_2026052215594313_mph0t2t2-fih9qt.md	blocked-by-pi-exclusion	.pi local task state must not be cleaned
/home/dracon/Dev/ai-auto-repo-rot-scanner-todo-agent	tracked	.pi/goals/archived/goal_2026060720352138_mq46cla3-g1mrn4.md	blocked-by-pi-exclusion	.pi local task state must not be cleaned
/home/dracon/Dev/ai-auto-repo-rot-scanner-todo-agent	tracked	.pi/goals/archived/goal_2026060910175032_mq5pof3w-ohek53.md	blocked-by-pi-exclusion	.pi local task state must not be cleaned
/home/dracon/Dev/ai-auto-repo-rot-scanner-todo-agent	tracked	.ralph/audit-remediation/.ralph-runner/events.jsonl	cleaned	non-.pi local state directory/file
/home/dracon/Dev/ai-auto-repo-rot-scanner-todo-agent	tracked	.ralph/audit-remediation/.ralph-runner/final-summary.md	blocked-needs-approval	local task/session state; ambiguous user-owned content
/home/dracon/Dev/ai-auto-repo-rot-scanner-todo-agent	tracked	.ralph/audit-remediation/.ralph-runner/status.json	blocked-needs-approval	local task/session state; ambiguous user-owned content
/home/dracon/Dev/ai-auto-repo-rot-scanner-todo-agent	tracked	.ralph/audit-remediation/.ralph-runner/transcripts/iteration-001-7ac8b2d6-2ee3-41f1-b2d1-e1dab486b722.md	blocked-needs-approval	local task/session state; ambiguous user-owned content
/home/dracon/Dev/ai-auto-repo-rot-scanner-todo-agent	tracked	.ralph/audit-remediation/.ralph-runner/transcripts/iteration-001-d634c61c-66f8-46c0-87c3-95f661a2f920.md	blocked-needs-approval	local task/session state; ambiguous user-owned content
/home/dracon/Dev/ai-auto-repo-rot-scanner-todo-agent	tracked	.ralph/audit-remediation/.ralph-runner/transcripts/iteration-002-7ac8b2d6-2ee3-41f1-b2d1-e1dab486b722.md	blocked-needs-approval	local task/session state; ambiguous user-owned content
/home/dracon/Dev/ai-auto-repo-rot-scanner-todo-agent	tracked	.ralph/audit-remediation/.ralph-runner/transcripts/iteration-002-d634c61c-66f8-46c0-87c3-95f661a2f920.md	blocked-needs-approval	local task/session state; ambiguous user-owned content
/home/dracon/Dev/ai-auto-repo-rot-scanner-todo-agent	tracked	.ralph/audit-remediation/.ralph-runner/transcripts/iteration-003-7ac8b2d6-2ee3-41f1-b2d1-e1dab486b722.md	blocked-needs-approval	local task/session state; ambiguous user-owned content
/home/dracon/Dev/ai-auto-repo-rot-scanner-todo-agent	tracked	.ralph/audit-remediation/.ralph-runner/transcripts/iteration-003-d634c61c-66f8-46c0-87c3-95f661a2f920.md	blocked-needs-approval	local task/session state; ambiguous user-owned content
/home/dracon/Dev/ai-auto-repo-rot-scanner-todo-agent	tracked	.ralph/audit-remediation/.ralph-runner/transcripts/iteration-004-7ac8b2d6-2ee3-41f1-b2d1-e1dab486b722.md	blocked-needs-approval	local task/session state; ambiguous user-owned content
/home/dracon/Dev/ai-auto-repo-rot-scanner-todo-agent	tracked	.ralph/audit-remediation/.ralph-runner/transcripts/iteration-004-d634c61c-66f8-46c0-87c3-95f661a2f920.md	blocked-needs-approval	local task/session state; ambiguous user-owned content
/home/dracon/Dev/ai-auto-repo-rot-scanner-todo-agent	tracked	.ralph/audit-remediation/.ralph-runner/transcripts/iteration-005-7ac8b2d6-2ee3-41f1-b2d1-e1dab486b722.md	blocked-needs-approval	local task/session state; ambiguous user-owned content
/home/dracon/Dev/ai-auto-repo-rot-scanner-todo-agent	tracked	.ralph/audit-remediation/.ralph-runner/transcripts/iteration-005-d634c61c-66f8-46c0-87c3-95f661a2f920.md	blocked-needs-approval	local task/session state; ambiguous user-owned content
/home/dracon/Dev/ai-auto-repo-rot-scanner-todo-agent	tracked	.ralph/audit-remediation/.ralph-runner/transcripts/iteration-006-7ac8b2d6-2ee3-41f1-b2d1-e1dab486b722.md	blocked-needs-approval	local task/session state; ambiguous user-owned content
/home/dracon/Dev/ai-auto-repo-rot-scanner-todo-agent	tracked	.ralph/audit-remediation/.ralph-runner/transcripts/iteration-006-d634c61c-66f8-46c0-87c3-95f661a2f920.md	blocked-needs-approval	local task/session state; ambiguous user-owned content
/home/dracon/Dev/ai-auto-repo-rot-scanner-todo-agent	tracked	.ralph/audit-remediation/.ralph-runner/transcripts/iteration-007-7ac8b2d6-2ee3-41f1-b2d1-e1dab486b722.md	blocked-needs-approval	local task/session state; ambiguous user-owned content
/home/dracon/Dev/ai-auto-repo-rot-scanner-todo-agent	tracked	.ralph/audit-remediation/.ralph-runner/transcripts/iteration-007-d634c61c-66f8-46c0-87c3-95f661a2f920.md	blocked-needs-approval	local task/session state; ambiguous user-owned content
/home/dracon/Dev/ai-auto-repo-rot-scanner-todo-agent	tracked	.ralph/audit-remediation/.ralph-runner/transcripts/iteration-008-7ac8b2d6-2ee3-41f1-b2d1-e1dab486b722.md	blocked-needs-approval	local task/session state; ambiguous user-owned content
/home/dracon/Dev/ai-auto-repo-rot-scanner-todo-agent	tracked	.ralph/audit-remediation/.ralph-runner/transcripts/iteration-008-d634c61c-66f8-46c0-87c3-95f661a2f920.md	blocked-needs-approval	local task/session state; ambiguous user-owned content
/home/dracon/Dev/ai-auto-repo-rot-scanner-todo-agent	tracked	.ralph/audit-remediation/.ralph-runner/transcripts/iteration-009-7ac8b2d6-2ee3-41f1-b2d1-e1dab486b722.md	blocked-needs-approval	local task/session state; ambiguous user-owned content
/home/dracon/Dev/ai-auto-repo-rot-scanner-todo-agent	tracked	.ralph/audit-remediation/.ralph-runner/transcripts/iteration-009-d634c61c-66f8-46c0-87c3-95f661a2f920.md	blocked-needs-approval	local task/session state; ambiguous user-owned content
/home/dracon/Dev/ai-auto-repo-rot-scanner-todo-agent	tracked	.ralph/audit-remediation/.ralph-runner/transcripts/iteration-010-7ac8b2d6-2ee3-41f1-b2d1-e1dab486b722.md	blocked-needs-approval	local task/session state; ambiguous user-owned content
/home/dracon/Dev/ai-auto-repo-rot-scanner-todo-agent	tracked	.ralph/audit-remediation/.ralph-runner/transcripts/iteration-011-7ac8b2d6-2ee3-41f1-b2d1-e1dab486b722.md	blocked-needs-approval	local task/session state; ambiguous user-owned content
/home/dracon/Dev/ai-auto-repo-rot-scanner-todo-agent	tracked	.ralph/audit-remediation/.ralph-runner/transcripts/iteration-012-7ac8b2d6-2ee3-41f1-b2d1-e1dab486b722.md	blocked-needs-approval	local task/session state; ambiguous user-owned content
/home/dracon/Dev/ai-auto-repo-rot-scanner-todo-agent	tracked	.ralph/audit-remediation/.ralph-runner/transcripts/iteration-013-7ac8b2d6-2ee3-41f1-b2d1-e1dab486b722.md	blocked-needs-approval	local task/session state; ambiguous user-owned content
/home/dracon/Dev/ai-auto-repo-rot-scanner-todo-agent	tracked	.ralph/audit-remediation/.ralph-runner/transcripts/iteration-014-7ac8b2d6-2ee3-41f1-b2d1-e1dab486b722.md	blocked-needs-approval	local task/session state; ambiguous user-owned content
/home/dracon/Dev/ai-auto-repo-rot-scanner-todo-agent	tracked	.ralph/audit-remediation/.ralph-runner/transcripts/iteration-015-7ac8b2d6-2ee3-41f1-b2d1-e1dab486b722.md	blocked-needs-approval	local task/session state; ambiguous user-owned content
/home/dracon/Dev/ai-auto-repo-rot-scanner-todo-agent	tracked	.ralph/audit-remediation/.ralph-runner/transcripts/iteration-016-7ac8b2d6-2ee3-41f1-b2d1-e1dab486b722.md	blocked-needs-approval	local task/session state; ambiguous user-owned content
/home/dracon/Dev/ai-auto-repo-rot-scanner-todo-agent	tracked	.ralph/audit-remediation/.ralph-runner/transcripts/iteration-017-7ac8b2d6-2ee3-41f1-b2d1-e1dab486b722.md	blocked-needs-approval	local task/session state; ambiguous user-owned content
/home/dracon/Dev/ai-auto-repo-rot-scanner-todo-agent	tracked	.ralph/audit-remediation/.ralph-runner/transcripts/iteration-018-7ac8b2d6-2ee3-41f1-b2d1-e1dab486b722.md	blocked-needs-approval	local task/session state; ambiguous user-owned content
/home/dracon/Dev/ai-auto-repo-rot-scanner-todo-agent	tracked	.ralph/audit-remediation/.ralph-runner/transcripts/iteration-019-7ac8b2d6-2ee3-41f1-b2d1-e1dab486b722.md	blocked-needs-approval	local task/session state; ambiguous user-owned content
/home/dracon/Dev/ai-auto-repo-rot-scanner-todo-agent	tracked	.ralph/audit-remediation/.ralph-runner/transcripts/iteration-020-7ac8b2d6-2ee3-41f1-b2d1-e1dab486b722.md	blocked-needs-approval	local task/session state; ambiguous user-owned content
/home/dracon/Dev/ai-auto-repo-rot-scanner-todo-agent	tracked	.ralph/audit-remediation/RALPH.md	blocked-needs-approval	local task/session state; ambiguous user-owned content
/home/dracon/Dev/ai-auto-repo-rot-scanner-todo-agent	tracked	.ralph/audit-remediation/RALPH_PROGRESS.md	blocked-needs-approval	local task/session state; ambiguous user-owned content
/home/dracon/Dev/ai-auto-repo-rot-scanner-todo-agent	tracked	.ralph/docs-cleanup.md	blocked-needs-approval	local task/session state; ambiguous user-owned content
/home/dracon/Dev/ai-auto-repo-rot-scanner-todo-agent	tracked	.ralph/docs-cleanup.state.json	blocked-needs-approval	local task/session state; ambiguous user-owned content
/home/dracon/Dev/ai-auto-repo-rot-scanner-todo-agent	tracked	.ralph/old-loops/abandoned-deprecated.md	blocked-needs-approval	local task/session state; ambiguous user-owned content
/home/dracon/Dev/ai-auto-repo-rot-scanner-todo-agent	tracked	.ralph/old-loops/abandoned-deprecated.state.json	blocked-needs-approval	local task/session state; ambiguous user-owned content
/home/dracon/Dev/ai-auto-repo-rot-scanner-todo-agent	tracked	.ralph/old-loops/audit-remediation.md	blocked-needs-approval	local task/session state; ambiguous user-owned content
/home/dracon/Dev/ai-auto-repo-rot-scanner-todo-agent	tracked	.ralph/old-loops/audit-remediation.state.json	blocked-needs-approval	local task/session state; ambiguous user-owned content
/home/dracon/Dev/ai-auto-repo-rot-scanner-todo-agent	tracked	.ralph/old-loops/audit-tasklist-loop.md	blocked-needs-approval	local task/session state; ambiguous user-owned content
/home/dracon/Dev/ai-auto-repo-rot-scanner-todo-agent	tracked	.ralph/old-loops/audit-tasklist-loop.state.json	blocked-needs-approval	local task/session state; ambiguous user-owned content
/home/dracon/Dev/ai-auto-repo-rot-scanner-todo-agent	tracked	.ralph/old-loops/audit-todo-implementation.md	blocked-needs-approval	local task/session state; ambiguous user-owned content
/home/dracon/Dev/ai-auto-repo-rot-scanner-todo-agent	tracked	.ralph/old-loops/audit-todo-implementation.state.json	blocked-needs-approval	local task/session state; ambiguous user-owned content
/home/dracon/Dev/ai-auto-repo-rot-scanner-todo-agent	tracked	.ralph/old-loops/dogfood-fixes.md	blocked-needs-approval	local task/session state; ambiguous user-owned content
/home/dracon/Dev/ai-auto-repo-rot-scanner-todo-agent	tracked	.ralph/old-loops/dogfood-fixes.state.json	blocked-needs-approval	local task/session state; ambiguous user-owned content
/home/dracon/Dev/ai-auto-repo-rot-scanner-todo-agent	tracked	.ralph/old-loops/enhancement-todo.md	blocked-needs-approval	local task/session state; ambiguous user-owned content
/home/dracon/Dev/ai-auto-repo-rot-scanner-todo-agent	tracked	.ralph/old-loops/full-audit-v0_8.md	blocked-needs-approval	local task/session state; ambiguous user-owned content
/home/dracon/Dev/ai-auto-repo-rot-scanner-todo-agent	tracked	.ralph/old-loops/full-audit-v0_8.state.json	blocked-needs-approval	local task/session state; ambiguous user-owned content
/home/dracon/Dev/ai-auto-repo-rot-scanner-todo-agent	tracked	.ralph/old-loops/full-codebase-audit.md	blocked-needs-approval	local task/session state; ambiguous user-owned content
/home/dracon/Dev/ai-auto-repo-rot-scanner-todo-agent	tracked	.ralph/old-loops/full-codebase-audit.state.json	blocked-needs-approval	local task/session state; ambiguous user-owned content
/home/dracon/Dev/ai-auto-repo-rot-scanner-todo-agent	tracked	.ralph/old-loops/implement-todo-items.md	blocked-needs-approval	local task/session state; ambiguous user-owned content
/home/dracon/Dev/ai-auto-repo-rot-scanner-todo-agent	tracked	.ralph/old-loops/implement-todo-items.state.json	blocked-needs-approval	local task/session state; ambiguous user-owned content
/home/dracon/Dev/ai-auto-repo-rot-scanner-todo-agent	tracked	.ralph/old-loops/lop-remaining.md	blocked-needs-approval	local task/session state; ambiguous user-owned content
/home/dracon/Dev/ai-auto-repo-rot-scanner-todo-agent	tracked	.ralph/old-loops/lop-remaining.state.json	blocked-needs-approval	local task/session state; ambiguous user-owned content
/home/dracon/Dev/ai-auto-repo-rot-scanner-todo-agent	tracked	.ralph/old-loops/p1-enhancements.md	blocked-needs-approval	local task/session state; ambiguous user-owned content
/home/dracon/Dev/ai-auto-repo-rot-scanner-todo-agent	tracked	.ralph/old-loops/p1-enhancements.state.json	blocked-needs-approval	local task/session state; ambiguous user-owned content
/home/dracon/Dev/ai-auto-repo-rot-scanner-todo-agent	tracked	.ralph/old-loops/remaining-todos.md	blocked-needs-approval	local task/session state; ambiguous user-owned content
/home/dracon/Dev/ai-auto-repo-rot-scanner-todo-agent	tracked	.ralph/old-loops/remaining-todos.state.json	blocked-needs-approval	local task/session state; ambiguous user-owned content
/home/dracon/Dev/ai-auto-repo-rot-scanner-todo-agent	tracked	.ralph/old-loops/research.md	blocked-needs-approval	local task/session state; ambiguous user-owned content
/home/dracon/Dev/ai-auto-repo-rot-scanner-todo-agent	tracked	.ralph/old-loops/research.state.json	blocked-needs-approval	local task/session state; ambiguous user-owned content
/home/dracon/Dev/ai-auto-repo-rot-scanner-todo-agent	tracked	.ralph/old-loops/scanner-improvements.md	blocked-needs-approval	local task/session state; ambiguous user-owned content
/home/dracon/Dev/ai-auto-repo-rot-scanner-todo-agent	tracked	.ralph/old-loops/scanner-improvements.state.json	blocked-needs-approval	local task/session state; ambiguous user-owned content
/home/dracon/Dev/ai-auto-repo-rot-scanner-todo-agent	tracked	.ralph/old-loops/todo-all.md	blocked-needs-approval	local task/session state; ambiguous user-owned content
/home/dracon/Dev/ai-auto-repo-rot-scanner-todo-agent	tracked	.ralph/old-loops/todo-all.state.json	blocked-needs-approval	local task/session state; ambiguous user-owned content
/home/dracon/Dev/ai-auto-repo-rot-scanner-todo-agent	tracked	.ralph/repo-analysis-loop.md	blocked-needs-approval	local task/session state; ambiguous user-owned content
/home/dracon/Dev/ai-auto-repo-rot-scanner-todo-agent	tracked	.ralph/repo-analysis.md	blocked-needs-approval	local task/session state; ambiguous user-owned content
/home/dracon/Dev/ai-auto-repo-rot-scanner-todo-agent	tracked	.ralph/repo-analysis.state.json	blocked-needs-approval	local task/session state; ambiguous user-owned content
/home/dracon/Dev/ai-auto-repo-rot-scanner-todo-agent	tracked	.ralph/supply-chain-security.md	blocked-needs-approval	local task/session state; ambiguous user-owned content
/home/dracon/Dev/ai-auto-repo-rot-scanner-todo-agent	tracked	.ralph/supply-chain-security.state.json	blocked-needs-approval	local task/session state; ambiguous user-owned content
/home/dracon/Dev/ai-auto-repo-rot-scanner-todo-agent	tracked	.repo-rot/DraconDev_ai-auto-repo-rot-scanner-todo-agent.yaml	blocked-needs-approval	possibly obsolete doc/checklist; needs approval
/home/dracon/Dev/ai-auto-repo-rot-scanner-todo-agent	tracked	.repo-rot/sqsalvataggio_ai-auto-repo-rot-scanner-todo-agent.yaml	blocked-needs-approval	possibly obsolete doc/checklist; needs approval
/home/dracon/Dev/ai-auto-repo-rot-scanner-todo-agent	tracked	TODO.md	blocked-needs-approval	possibly obsolete doc/checklist; needs approval
/home/dracon/Dev/ai-auto-repo-rot-scanner-todo-agent	tracked	secrets.source	blocked-needs-approval	secret-like file requires rotation/approval before removal
/home/dracon/Dev/ai-auto-repo-rot-scanner-todo-agent	tracked	secrets.source.sh	blocked-needs-approval	secret-like file requires rotation/approval before removal
/home/dracon/Dev/DraconDev	tracked	.pi/goals/archived/goal_2026053121542956_mpu6my0v-l6m3vf.md	blocked-by-pi-exclusion	.pi local task state must not be cleaned
/home/dracon/Dev/DraconDev	tracked	.pi/goals/archived/goal_2026053123151822_mpubtvo2-qdoycj.md	blocked-by-pi-exclusion	.pi local task state must not be cleaned
/home/dracon/Dev/DraconDev	tracked	.pi/goals/archived/goal_2026060102541427_mpuhr47x-tbjldj.md	blocked-by-pi-exclusion	.pi local task state must not be cleaned
/home/dracon/Dev/DraconDev	tracked	.pi/goals/archived/goal_2026060115250338_mpvaltld-um4nhk.md	blocked-by-pi-exclusion	.pi local task state must not be cleaned
/home/dracon/Dev/DraconDev	tracked	.pi/goals/archived/goal_2026060216390097_mpwspytr-fgkwyy.md	blocked-by-pi-exclusion	.pi local task state must not be cleaned
/home/dracon/Dev/DraconDev	tracked	.pi/goals/archived/goal_2026060217092832_mpwts4t4-je6xci.md	blocked-by-pi-exclusion	.pi local task state must not be cleaned
/home/dracon/Dev/DraconDev	tracked	.pi/goals/archived/goal_2026060217552342_mpwvkw29-yc4dxk.md	blocked-by-pi-exclusion	.pi local task state must not be cleaned
/home/dracon/Dev/DraconDev	tracked	.pi/goals/archived/goal_2026060518243950_mq12k3ps-tgnkoi.md	blocked-by-pi-exclusion	.pi local task state must not be cleaned
/home/dracon/Dev/DraconDev	tracked	.pi/goals/archived/goal_2026060600475698_mq1koqf1-fjx9ka.md	blocked-by-pi-exclusion	.pi local task state must not be cleaned
/home/dracon/Dev/DraconDev	tracked	.pi/goals/archived/goal_2026060608364464_mq216hxk-cc4dcp.md	blocked-by-pi-exclusion	.pi local task state must not be cleaned
/home/dracon/Dev/DraconDev	tracked	.pi/goals/archived/goal_2026060614291118_mq2dy5yq-ti0rwy.md	blocked-by-pi-exclusion	.pi local task state must not be cleaned
/home/dracon/Dev/DraconDev	tracked	.pi/goals/archived/goal_2026060901545075_mq5mrvkl-uhwogf.md	blocked-by-pi-exclusion	.pi local task state must not be cleaned
/home/dracon/Dev/DraconDev	tracked	.pi/goals/archived/goal_2026060910151449_mq5yoguo-wewezf.md	blocked-by-pi-exclusion	.pi local task state must not be cleaned
/home/dracon/Dev/ai-auto-writer	tracked	.env	blocked-needs-approval	secret-like file requires rotation/approval before removal
/home/dracon/Dev/ai-auto-writer	tracked	.env.example	blocked-needs-approval	secret-like file requires rotation/approval before removal
/home/dracon/Dev/ai-auto-writer	tracked	.env.turso	blocked-needs-approval	secret-like file requires rotation/approval before removal
/home/dracon/Dev/ai-auto-writer	tracked	.pi/goals/archived/goal_2026053123023425_mpu9986z-0gjd1y.md	blocked-by-pi-exclusion	.pi local task state must not be cleaned
/home/dracon/Dev/ai-auto-writer	tracked	.pi/goals/archived/goal_2026060102412538_mpugawjq-h83jg3.md	blocked-by-pi-exclusion	.pi local task state must not be cleaned
/home/dracon/Dev/ai-auto-writer	tracked	.pi/goals/archived/goal_2026060122574314_mpvqtryd-ss97mr.md	blocked-by-pi-exclusion	.pi local task state must not be cleaned
/home/dracon/Dev/ai-auto-writer	tracked	.pi/goals/archived/goal_2026060518174912_mq12fe7r-q4mpwa.md	blocked-by-pi-exclusion	.pi local task state must not be cleaned
/home/dracon/Dev/ai-auto-writer	tracked	.pi/goals/archived/goal_2026060612571315_mq17apdj-wbmnvk.md	blocked-by-pi-exclusion	.pi local task state must not be cleaned
/home/dracon/Dev/ai-auto-writer	tracked	.ralph/50-books-loop.md	blocked-needs-approval	local task/session state; ambiguous user-owned content
/home/dracon/Dev/ai-auto-writer	tracked	.ralph/50-books-loop.state.json	blocked-needs-approval	local task/session state; ambiguous user-owned content
/home/dracon/Dev/ai-auto-writer	tracked	.ralph/audit-loop.md	blocked-needs-approval	local task/session state; ambiguous user-owned content
/home/dracon/Dev/ai-auto-writer	tracked	.ralph/audit-loop.state.json	blocked-needs-approval	local task/session state; ambiguous user-owned content
/home/dracon/Dev/ai-auto-writer	tracked	.ralph/audit-md-loop.md	blocked-needs-approval	local task/session state; ambiguous user-owned content
/home/dracon/Dev/ai-auto-writer	tracked	.ralph/audit-md-loop.state.json	blocked-needs-approval	local task/session state; ambiguous user-owned content
/home/dracon/Dev/ai-auto-writer	tracked	.ralph/audit-remediation.md	blocked-needs-approval	local task/session state; ambiguous user-owned content
/home/dracon/Dev/ai-auto-writer	tracked	.ralph/audit-remediation.state.json	blocked-needs-approval	local task/session state; ambiguous user-owned content
/home/dracon/Dev/ai-auto-writer	tracked	.ralph/audit-tasks.md	blocked-needs-approval	local task/session state; ambiguous user-owned content
/home/dracon/Dev/ai-auto-writer	tracked	.ralph/audit-tasks.state.json	blocked-needs-approval	local task/session state; ambiguous user-owned content
/home/dracon/Dev/ai-auto-writer	tracked	.ralph/batch-book-generation.md	blocked-needs-approval	local task/session state; ambiguous user-owned content
/home/dracon/Dev/ai-auto-writer	tracked	.ralph/batch-book-generation.state.json	blocked-needs-approval	local task/session state; ambiguous user-owned content
/home/dracon/Dev/ai-auto-writer	tracked	.ralph/fix-batch-issues.md	blocked-needs-approval	local task/session state; ambiguous user-owned content
/home/dracon/Dev/ai-auto-writer	tracked	.ralph/fix-batch-issues.state.json	blocked-needs-approval	local task/session state; ambiguous user-owned content
/home/dracon/Dev/ai-auto-writer	tracked	_archive/to-release/RELEASE-CHECKLIST.md	blocked-needs-approval	possibly obsolete doc/checklist; needs approval
/home/dracon/Dev/ai-auto-writer	tracked	_archive/to-release/The-Gearing-Deep-dex-morrow/cover.jpg	preserved	potential user-owned note/screenshot/project asset
/home/dracon/Dev/ai-auto-writer	tracked	_archive/to-release/The-Hourglass-Binding-silas-croft/cover.jpg	preserved	potential user-owned note/screenshot/project asset
/home/dracon/Dev/ai-auto-writer	tracked	_archive/to-release/The-Refracted-Mile-eira-silas/cover.jpg	preserved	potential user-owned note/screenshot/project asset
/home/dracon/Dev/ai-auto-writer	tracked	_archive/to-release/The-Salt-Bound-raven-steele/cover.jpg	preserved	potential user-owned note/screenshot/project asset
/home/dracon/Dev/ai-auto-writer	tracked	_archive/to-release/The-Scarlet-Transmission-tolkien_grim/cover.jpg	preserved	potential user-owned note/screenshot/project asset
/home/dracon/Dev/ai-auto-writer	tracked	_archive/to-release/The-Silence-Between-Tokens-vera-kincaid/PUBLICATION-README.md	blocked-needs-approval	secret-like file requires rotation/approval before removal
/home/dracon/Dev/ai-auto-writer	tracked	_archive/to-release/The-Silence-Between-Tokens-vera-kincaid/The-Silence-Between-Tokens.epub	blocked-needs-approval	secret-like file requires rotation/approval before removal
/home/dracon/Dev/ai-auto-writer	tracked	_archive/to-release/The-Silence-Between-Tokens-vera-kincaid/The-Silence-Between-Tokens.mobi	blocked-needs-approval	secret-like file requires rotation/approval before removal
/home/dracon/Dev/ai-auto-writer	tracked	_archive/to-release/The-Silence-Between-Tokens-vera-kincaid/cover.jpg	preserved	potential user-owned note/screenshot/project asset
/home/dracon/Dev/ai-auto-writer	tracked	_archive/to-release/The-Silence-Between-Tokens-vera-kincaid/outline.md	blocked-needs-approval	secret-like file requires rotation/approval before removal
/home/dracon/Dev/ai-auto-writer	tracked	_archive/to-release/The-Silence-Between-Tokens-vera-kincaid/publication-metadata.json	blocked-needs-approval	secret-like file requires rotation/approval before removal
/home/dracon/Dev/ai-auto-writer	tracked	_archive/to-release/The-Thorns-Remember-elena-voss/cover.jpg	preserved	potential user-owned note/screenshot/project asset
/home/dracon/Dev/ai-auto-writer	tracked	_archive/to-release/The-Ultraviolet-Elegy-nova-chen/cover.jpg	preserved	potential user-owned note/screenshot/project asset
/home/dracon/Dev/ai-auto-writer	tracked	_archive/to-release/Varnish-marple_hart/cover.jpg	preserved	potential user-owned note/screenshot/project asset
/home/dracon/Dev/ai-auto-writer	tracked	_archive/to-release/test1.png	preserved	potential user-owned note/screenshot/project asset
/home/dracon/Dev/ai-auto-writer	tracked	_archive/to-release/test2.png	preserved	potential user-owned note/screenshot/project asset
/home/dracon/Dev/ai-auto-writer	tracked	_archive/to-release/test3.png	preserved	potential user-owned note/screenshot/project asset
/home/dracon/Dev/ai-auto-writer	tracked	_archive/to-release/test4.png	preserved	potential user-owned note/screenshot/project asset
/home/dracon/Dev/ai-auto-writer	tracked	_archive/to-release/test5.png	preserved	potential user-owned note/screenshot/project asset
/home/dracon/Dev/ai-auto-writer	tracked	authors/fiction/amber-raven/books/crimson-fortune/chapters/09-the-sunken-archives-secrets.md	blocked-needs-approval	secret-like file requires rotation/approval before removal
/home/dracon/Dev/ai-auto-writer	tracked	authors/fiction/charlotte-belle/books/under-the-flame/chapters/03-secret-ingredients.md	blocked-needs-approval	secret-like file requires rotation/approval before removal
/home/dracon/Dev/ai-auto-writer	tracked	authors/fiction/clover-honeydew/books/echoes-of-the-veil/chapters/05-the-keepers-secret.md	blocked-needs-approval	secret-like file requires rotation/approval before removal
/home/dracon/Dev/ai-auto-writer	tracked	authors/fiction/dante-cross/books/the-last-echo/chapters/02-the-scholars-secret.md	blocked-needs-approval	secret-like file requires rotation/approval before removal
/home/dracon/Dev/ai-auto-writer	tracked	authors/fiction/derek-stone/author-photo.jpg	preserved	potential user-owned note/screenshot/project asset
/home/dracon/Dev/ai-auto-writer	tracked	authors/fiction/derek-stone/books/dungeon-core-awakening/cover.jpg	preserved	potential user-owned note/screenshot/project asset
/home/dracon/Dev/ai-auto-writer	tracked	authors/fiction/dex-morrow/author-photo.jpg	preserved	potential user-owned note/screenshot/project asset
/home/dracon/Dev/ai-auto-writer	tracked	authors/fiction/dex-morrow/books/the-dungeon-below/cover.jpg	preserved	potential user-owned note/screenshot/project asset
/home/dracon/Dev/ai-auto-writer	tracked	authors/fiction/dexter-graves/author-photo.jpg	preserved	potential user-owned note/screenshot/project asset
/home/dracon/Dev/ai-auto-writer	tracked	authors/fiction/dexter-graves/books/the-black-legion/cover.jpg	preserved	potential user-owned note/screenshot/project asset
/home/dracon/Dev/ai-auto-writer	tracked	authors/fiction/elara_nightshade/author-photo.jpg	preserved	potential user-owned note/screenshot/project asset
/home/dracon/Dev/ai-auto-writer	tracked	authors/fiction/elena-frost/books/the-alabaster-alibi/chapters/03-secrets-in-the-archive.md	blocked-needs-approval	secret-like file requires rotation/approval before removal
/home/dracon/Dev/ai-auto-writer	tracked	authors/fiction/elena-voss/author-photo.jpg	preserved	potential user-owned note/screenshot/project asset
/home/dracon/Dev/ai-auto-writer	tracked	authors/fiction/elena-voss/books/thorns-of-the-heart/cover.jpg	preserved	potential user-owned note/screenshot/project asset
/home/dracon/Dev/ai-auto-writer	tracked	authors/fiction/ezra-blackthorn/books/the-silent-canvas/chapters/04-the-gallery-of-secrets.md	blocked-needs-approval	secret-like file requires rotation/approval before removal
/home/dracon/Dev/ai-auto-writer	tracked	authors/fiction/grace-monroe/books/duke-scandal-secret/.checkpoint.json	blocked-needs-approval	secret-like file requires rotation/approval before removal
/home/dracon/Dev/ai-auto-writer	tracked	authors/fiction/grace-monroe/books/duke-scandal-secret/.outline-detailed.json	blocked-needs-approval	secret-like file requires rotation/approval before removal
/home/dracon/Dev/ai-auto-writer	tracked	authors/fiction/grace-monroe/books/duke-scandal-secret/chapters/01-chapter-1.snapshot.json	blocked-needs-approval	secret-like file requires rotation/approval before removal
/home/dracon/Dev/ai-auto-writer	tracked	authors/fiction/grace-monroe/books/duke-scandal-secret/chapters/01-the-librarian-of-thornwood.md	blocked-needs-approval	secret-like file requires rotation/approval before removal
/home/dracon/Dev/ai-auto-writer	tracked	authors/fiction/grace-monroe/books/duke-scandal-secret/chapters/02-chapter-2.snapshot.json	blocked-needs-approval	secret-like file requires rotation/approval before removal
/home/dracon/Dev/ai-auto-writer	tracked	authors/fiction/grace-monroe/books/duke-scandal-secret/chapters/02-the-french-letters.md	blocked-needs-approval	secret-like file requires rotation/approval before removal
/home/dracon/Dev/ai-auto-writer	tracked	authors/fiction/grace-monroe/books/duke-scandal-secret/chapters/03-chapter-3.snapshot.json	blocked-needs-approval	secret-like file requires rotation/approval before removal
/home/dracon/Dev/ai-auto-writer	tracked	authors/fiction/grace-monroe/books/duke-scandal-secret/chapters/03-the-note-under-the-door.md	preserved	potential user-owned note/screenshot/project asset
/home/dracon/Dev/ai-auto-writer	tracked	authors/fiction/grace-monroe/books/duke-scandal-secret/chapters/04-chapter-4.snapshot.json	blocked-needs-approval	secret-like file requires rotation/approval before removal
/home/dracon/Dev/ai-auto-writer	tracked	authors/fiction/grace-monroe/books/duke-scandal-secret/chapters/04-the-flaw-in-the-glass.md	blocked-needs-approval	secret-like file requires rotation/approval before removal
/home/dracon/Dev/ai-auto-writer	tracked	authors/fiction/grace-monroe/books/duke-scandal-secret/chapters/05-chapter-5.snapshot.json	blocked-needs-approval	secret-like file requires rotation/approval before removal
/home/dracon/Dev/ai-auto-writer	tracked	authors/fiction/grace-monroe/books/duke-scandal-secret/chapters/05-the-false-engagement.md	blocked-needs-approval	secret-like file requires rotation/approval before removal
/home/dracon/Dev/ai-auto-writer	tracked	authors/fiction/grace-monroe/books/duke-scandal-secret/chapters/06-chapter-6.snapshot.json	blocked-needs-approval	secret-like file requires rotation/approval before removal
/home/dracon/Dev/ai-auto-writer	tracked	authors/fiction/grace-monroe/books/duke-scandal-secret/chapters/06-the-terms-of-the-lie.md	blocked-needs-approval	secret-like file requires rotation/approval before removal
/home/dracon/Dev/ai-auto-writer	tracked	authors/fiction/grace-monroe/books/duke-scandal-secret/chapters/07-chapter-7.snapshot.json	blocked-needs-approval	secret-like file requires rotation/approval before removal
/home/dracon/Dev/ai-auto-writer	tracked	authors/fiction/grace-monroe/books/duke-scandal-secret/chapters/07-riding-lessons.md	blocked-needs-approval	secret-like file requires rotation/approval before removal
/home/dracon/Dev/ai-auto-writer	tracked	authors/fiction/grace-monroe/books/duke-scandal-secret/chapters/08-chapter-8.snapshot.json	blocked-needs-approval	secret-like file requires rotation/approval before removal
/home/dracon/Dev/ai-auto-writer	tracked	authors/fiction/grace-monroe/books/duke-scandal-secret/chapters/08-the-coded-journal.md	blocked-needs-approval	secret-like file requires rotation/approval before removal
/home/dracon/Dev/ai-auto-writer	tracked	authors/fiction/grace-monroe/books/duke-scandal-secret/chapters/09-chapter-9.snapshot.json	blocked-needs-approval	secret-like file requires rotation/approval before removal
/home/dracon/Dev/ai-auto-writer	tracked	authors/fiction/grace-monroe/books/duke-scandal-secret/chapters/09-the-scandal-sheets.md	blocked-needs-approval	secret-like file requires rotation/approval before removal
/home/dracon/Dev/ai-auto-writer	tracked	authors/fiction/grace-monroe/books/duke-scandal-secret/chapters/10-chapter-10.snapshot.json	blocked-needs-approval	secret-like file requires rotation/approval before removal
/home/dracon/Dev/ai-auto-writer	tracked	authors/fiction/grace-monroe/books/duke-scandal-secret/chapters/10-the-elopement-that-wasnt.md	blocked-needs-approval	secret-like file requires rotation/approval before removal
/home/dracon/Dev/ai-auto-writer	tracked	authors/fiction/grace-monroe/books/duke-scandal-secret/chapters/11-chapter-11.snapshot.json	blocked-needs-approval	secret-like file requires rotation/approval before removal
/home/dracon/Dev/ai-auto-writer	tracked	authors/fiction/grace-monroe/books/duke-scandal-secret/chapters/11-the-dover-confrontation.md	blocked-needs-approval	secret-like file requires rotation/approval before removal
/home/dracon/Dev/ai-auto-writer	tracked	authors/fiction/grace-monroe/books/duke-scandal-secret/chapters/12-chapter-12.snapshot.json	blocked-needs-approval	secret-like file requires rotation/approval before removal
/home/dracon/Dev/ai-auto-writer	tracked	authors/fiction/grace-monroe/books/duke-scandal-secret/chapters/12-the-innkeepers-bandages.md	blocked-needs-approval	secret-like file requires rotation/approval before removal
/home/dracon/Dev/ai-auto-writer	tracked	authors/fiction/grace-monroe/books/duke-scandal-secret/chapters/13-chapter-13.snapshot.json	blocked-needs-approval	secret-like file requires rotation/approval before removal
/home/dracon/Dev/ai-auto-writer	tracked	authors/fiction/grace-monroe/books/duke-scandal-secret/chapters/13-the-scandal-breaks.md	blocked-needs-approval	secret-like file requires rotation/approval before removal
/home/dracon/Dev/ai-auto-writer	tracked	authors/fiction/grace-monroe/books/duke-scandal-secret/chapters/14-chapter-14.snapshot.json	blocked-needs-approval	secret-like file requires rotation/approval before removal
/home/dracon/Dev/ai-auto-writer	tracked	authors/fiction/grace-monroe/books/duke-scandal-secret/chapters/14-the-investigators-resolve.md	blocked-needs-approval	secret-like file requires rotation/approval before removal
/home/dracon/Dev/ai-auto-writer	tracked	authors/fiction/grace-monroe/books/duke-scandal-secret/chapters/15-chapter-15.snapshot.json	blocked-needs-approval	secret-like file requires rotation/approval before removal
/home/dracon/Dev/ai-auto-writer	tracked	authors/fiction/grace-monroe/books/duke-scandal-secret/chapters/15-the-darkest-hour.md	blocked-needs-approval	secret-like file requires rotation/approval before removal
/home/dracon/Dev/ai-auto-writer	tracked	authors/fiction/grace-monroe/books/duke-scandal-secret/chapters/16-chapter-16.snapshot.json	blocked-needs-approval	secret-like file requires rotation/approval before removal
/home/dracon/Dev/ai-auto-writer	tracked	authors/fiction/grace-monroe/books/duke-scandal-secret/chapters/16-the-committee-room.md	blocked-needs-approval	secret-like file requires rotation/approval before removal
/home/dracon/Dev/ai-auto-writer	tracked	authors/fiction/grace-monroe/books/duke-scandal-secret/chapters/17-chapter-17.snapshot.json	blocked-needs-approval	secret-like file requires rotation/approval before removal
/home/dracon/Dev/ai-auto-writer	tracked	authors/fiction/grace-monroe/books/duke-scandal-secret/chapters/17-the-confession-in-whitehall.md	blocked-needs-approval	secret-like file requires rotation/approval before removal
/home/dracon/Dev/ai-auto-writer	tracked	authors/fiction/grace-monroe/books/duke-scandal-secret/chapters/18-chapter-18.snapshot.json	blocked-needs-approval	secret-like file requires rotation/approval before removal
/home/dracon/Dev/ai-auto-writer	tracked	authors/fiction/grace-monroe/books/duke-scandal-secret/chapters/18-the-ring-and-the-revelation.md	blocked-needs-approval	secret-like file requires rotation/approval before removal
/home/dracon/Dev/ai-auto-writer	tracked	authors/fiction/grace-monroe/books/duke-scandal-secret/chapters/19-chapter-19.snapshot.json	blocked-needs-approval	secret-like file requires rotation/approval before removal
/home/dracon/Dev/ai-auto-writer	tracked	authors/fiction/grace-monroe/books/duke-scandal-secret/chapters/19-the-chapel-wedding.md	blocked-needs-approval	secret-like file requires rotation/approval before removal
/home/dracon/Dev/ai-auto-writer	tracked	authors/fiction/grace-monroe/books/duke-scandal-secret/chapters/20-chapter-20.snapshot.json	blocked-needs-approval	secret-like file requires rotation/approval before removal
/home/dracon/Dev/ai-auto-writer	tracked	authors/fiction/grace-monroe/books/duke-scandal-secret/chapters/20-the-master-key.md	blocked-needs-approval	secret-like file requires rotation/approval before removal
/home/dracon/Dev/ai-auto-writer	tracked	authors/fiction/grace-monroe/books/duke-scandal-secret/characters.json	blocked-needs-approval	secret-like file requires rotation/approval before removal
/home/dracon/Dev/ai-auto-writer	tracked	authors/fiction/grace-monroe/books/duke-scandal-secret/characters.md	blocked-needs-approval	secret-like file requires rotation/approval before removal
/home/dracon/Dev/ai-auto-writer	tracked	authors/fiction/grace-monroe/books/duke-scandal-secret/duke-scandal-secret.md	blocked-needs-approval	secret-like file requires rotation/approval before removal
/home/dracon/Dev/ai-auto-writer	tracked	authors/fiction/grace-monroe/books/duke-scandal-secret/global-ledger.json	blocked-needs-approval	secret-like file requires rotation/approval before removal
/home/dracon/Dev/ai-auto-writer	tracked	authors/fiction/grace-monroe/books/duke-scandal-secret/outline.md	blocked-needs-approval	secret-like file requires rotation/approval before removal
/home/dracon/Dev/ai-auto-writer	tracked	authors/fiction/grace-monroe/books/the-last-summer-bloom/chapters/08-the-secret-unveiled.md	blocked-needs-approval	secret-like file requires rotation/approval before removal
/home/dracon/Dev/ai-auto-writer	tracked	authors/fiction/hester-crawford/books/secret-party/characters.md	blocked-needs-approval	secret-like file requires rotation/approval before removal
/home/dracon/Dev/ai-auto-writer	tracked	authors/fiction/iris-thorn/books/whispers-of-the-forgotten/chapters/04-the-towns-secret.md	blocked-needs-approval	secret-like file requires rotation/approval before removal
/home/dracon/Dev/ai-auto-writer	tracked	authors/fiction/lily-ashford/books/the-weight-of-wisteria/chapters/04-every-secret-shore.md	blocked-needs-approval	secret-like file requires rotation/approval before removal
/home/dracon/Dev/ai-auto-writer	tracked	authors/fiction/maple-thornwood/books/the-whispering-heartstone/chapters/02-the-scholars-secret.md	blocked-needs-approval	secret-like file requires rotation/approval before removal
/home/dracon/Dev/ai-auto-writer	tracked	authors/fiction/marcus-thorne/author-photo.jpg	preserved	potential user-owned note/screenshot/project asset
/home/dracon/Dev/ai-auto-writer	tracked	authors/fiction/mira-thornwood/author-photo.jpg	preserved	potential user-owned note/screenshot/project asset
/home/dracon/Dev/ai-auto-writer	tracked	authors/fiction/mira-thornwood/books/fae-prince-forced-marriage/cover.jpg	preserved	potential user-owned note/screenshot/project asset
/home/dracon/Dev/ai-auto-writer	tracked	authors/fiction/nova-chen/author-photo.jpg	preserved	potential user-owned note/screenshot/project asset
/home/dracon/Dev/ai-auto-writer	tracked	authors/fiction/nova-chen/books/neon-requiem/chapters/06-the-silence-between-notes.md	preserved	potential user-owned note/screenshot/project asset
/home/dracon/Dev/ai-auto-writer	tracked	authors/fiction/nova-chen/books/neon-requiem/chapters/08-the-lockets-secret-symphony.md	blocked-needs-approval	secret-like file requires rotation/approval before removal
/home/dracon/Dev/ai-auto-writer	tracked	authors/fiction/nova-chen/books/neon-requiem/cover.jpg	preserved	potential user-owned note/screenshot/project asset
/home/dracon/Dev/ai-auto-writer	tracked	authors/fiction/nova-vale/author-photo.jpg	preserved	potential user-owned note/screenshot/project asset
/home/dracon/Dev/ai-auto-writer	tracked	authors/fiction/nova-vale/books/rebellion-in-sector-nine/chapters/04-the-apothecarys-secret.md	blocked-needs-approval	secret-like file requires rotation/approval before removal
/home/dracon/Dev/ai-auto-writer	tracked	authors/fiction/nova-vale/books/rebellion-in-sector-nine/cover.jpg	preserved	potential user-owned note/screenshot/project asset
/home/dracon/Dev/ai-auto-writer	tracked	authors/fiction/raven-steele/author-photo.jpg	preserved	potential user-owned note/screenshot/project asset
/home/dracon/Dev/ai-auto-writer	tracked	authors/fiction/raven-steele/books/the-broken-legion/cover.jpg	preserved	potential user-owned note/screenshot/project asset
/home/dracon/Dev/ai-auto-writer	tracked	authors/fiction/sage-willowmere/books/the-whispering-throne/chapters/08-the-secret-in-the-silent-cells.md	blocked-needs-approval	secret-like file requires rotation/approval before removal
/home/dracon/Dev/ai-auto-writer	tracked	authors/fiction/seraphina-ashford/books/echoes-of-the-arcanum/chapters/07-the-lockets-secret.md	blocked-needs-approval	secret-like file requires rotation/approval before removal
/home/dracon/Dev/ai-auto-writer	tracked	authors/fiction/seraphina-ashford/books/enemy-prince-marriage-alliance/chapters/09-salt-and-secrets.md	blocked-needs-approval	secret-like file requires rotation/approval before removal
/home/dracon/Dev/ai-auto-writer	tracked	authors/fiction/silas-croft/author-photo.jpg	preserved	potential user-owned note/screenshot/project asset
/home/dracon/Dev/ai-auto-writer	tracked	authors/fiction/silas-croft/books/murder-at-the-magical-bookshop/cover.jpg	preserved	potential user-owned note/screenshot/project asset
/home/dracon/Dev/ai-auto-writer	tracked	authors/fiction/test-review/books/a-robot-who-discovers-music/chapters/01-the-first-note-in-the-static.md	preserved	potential user-owned note/screenshot/project asset
/home/dracon/Dev/ai-auto-writer	tracked	authors/fiction/test-review/books/a-robot-who-discovers-music/chapters/01-the-first-note-in-the-static.snapshot.json	preserved	potential user-owned note/screenshot/project asset
/home/dracon/Dev/ai-auto-writer	tracked	authors/fiction/vivian-cross/books/the-echo-chamber/chapters/05-the-old-mills-secret.md	blocked-needs-approval	secret-like file requires rotation/approval before removal
/home/dracon/Dev/ai-auto-writer	tracked	authors/fiction/vivienne-laurent/books/blueprints-of-the-heart/chapters/07-unlocked-secrets.md	blocked-needs-approval	secret-like file requires rotation/approval before removal
/home/dracon/Dev/ai-auto-writer	tracked	todo.md	blocked-needs-approval	possibly obsolete doc/checklist; needs approval
/home/dracon/Dev/video-uploader	tracked	.env	blocked-needs-approval	secret-like file requires rotation/approval before removal
/home/dracon/Dev/video-uploader	tracked	.env.test	blocked-needs-approval	secret-like file requires rotation/approval before removal
/home/dracon/Dev/video-uploader	tracked	fuzz/tests/credential_decrypt.rs	blocked-needs-approval	secret-like file requires rotation/approval before removal
/home/dracon/Dev/video-uploader	tracked	youtube-uploader/src/auth/refresh_token.rs	blocked-needs-approval	secret-like file requires rotation/approval before removal
/home/dracon/Dev/video-uploader	tracked	youtube-uploader/tests/fixtures/minimal.mp4	preserved	potential user-owned note/screenshot/project asset
/home/dracon/Dev/video-factory	tracked	.ralph/video-factory-critical-bugs.md	blocked-needs-approval	local task/session state; ambiguous user-owned content
/home/dracon/Dev/video-factory	tracked	.ralph/video-factory-critical-bugs.state.json	blocked-needs-approval	local task/session state; ambiguous user-owned content
/home/dracon/Dev/video-factory	tracked	.ralph/video-factory-critical-fixes.md	blocked-needs-approval	local task/session state; ambiguous user-owned content
/home/dracon/Dev/video-factory	tracked	.ralph/video-factory-critical-fixes.state.json	blocked-needs-approval	local task/session state; ambiguous user-owned content
/home/dracon/Dev/video-factory	tracked	TODO.md	blocked-needs-approval	possibly obsolete doc/checklist; needs approval
/home/dracon/Dev/avid	tracked	.env	blocked-needs-approval	secret-like file requires rotation/approval before removal
/home/dracon/Dev/avid	tracked	.env.example	blocked-needs-approval	secret-like file requires rotation/approval before removal
/home/dracon/Dev/avid	tracked	.pi/goals/archived/goal_2026053120121416_mpu5ou5j-00i6s7.md	blocked-by-pi-exclusion	.pi local task state must not be cleaned
/home/dracon/Dev/avid	tracked	.pi/goals/archived/goal_2026053120270014_mpu5q7za-mdntby.md	blocked-by-pi-exclusion	.pi local task state must not be cleaned
/home/dracon/Dev/avid	tracked	.pi/goals/archived/goal_2026053121061428_mpu6n3gv-ki4g4n.md	blocked-by-pi-exclusion	.pi local task state must not be cleaned
/home/dracon/Dev/avid	tracked	.pi/goals/archived/goal_2026053122290775_mpua6n67-dkz5ds.md	blocked-by-pi-exclusion	.pi local task state must not be cleaned
/home/dracon/Dev/avid	tracked	.pi/goals/archived/goal_2026060112190841_mpuhkp0b-6jmu5h.md	blocked-by-pi-exclusion	.pi local task state must not be cleaned
/home/dracon/Dev/avid	tracked	.pi/goals/archived/goal_2026060115285425_mpvane5v-63nagr.md	blocked-by-pi-exclusion	.pi local task state must not be cleaned
/home/dracon/Dev/avid	tracked	.pi/goals/archived/goal_2026060122212472_mpvd3cdu-qhuvrq.md	blocked-by-pi-exclusion	.pi local task state must not be cleaned
/home/dracon/Dev/avid	tracked	.pi/goals/archived/goal_2026060123283599_mpvr8bc4-g6kw34.md	blocked-by-pi-exclusion	.pi local task state must not be cleaned
/home/dracon/Dev/avid	tracked	.pi/goals/archived/goal_2026060212511392_mpwk4d1z-ios6xu.md	blocked-by-pi-exclusion	.pi local task state must not be cleaned
/home/dracon/Dev/avid	tracked	.pi/goals/archived/goal_2026060214172244_mpwnc4lz-isvg6v.md	blocked-by-pi-exclusion	.pi local task state must not be cleaned
/home/dracon/Dev/avid	tracked	.pi/goals/archived/goal_2026060217194415_mpws7hbo-xraahs.md	blocked-by-pi-exclusion	.pi local task state must not be cleaned
/home/dracon/Dev/avid	tracked	.pi/goals/archived/goal_2026060218211255_mpwvkii8-oywcvc.md	blocked-by-pi-exclusion	.pi local task state must not be cleaned
/home/dracon/Dev/avid	tracked	.pi/goals/archived/goal_2026060218460229_mpwx13ej-ptd8h3.md	blocked-by-pi-exclusion	.pi local task state must not be cleaned
/home/dracon/Dev/avid	tracked	.pi/goals/archived/goal_2026060315412375_mpy5p8ix-6kvg8p.md	blocked-by-pi-exclusion	.pi local task state must not be cleaned
/home/dracon/Dev/avid	tracked	.pi/goals/archived/goal_2026060316050955_mpy6kczw-r4p35q.md	blocked-by-pi-exclusion	.pi local task state must not be cleaned
/home/dracon/Dev/avid	tracked	.pi/goals/archived/goal_2026060322414795_mpyl95st-ccpj2t.md	blocked-by-pi-exclusion	.pi local task state must not be cleaned
/home/dracon/Dev/avid	tracked	.pi/goals/archived/goal_2026060323453739_mpyn4lid-cvksy2.md	blocked-by-pi-exclusion	.pi local task state must not be cleaned
/home/dracon/Dev/avid	tracked	.pi/goals/archived/goal_2026060416110098_mpzmkgl1-y49nev.md	blocked-by-pi-exclusion	.pi local task state must not be cleaned
/home/dracon/Dev/avid	tracked	.pi/goals/archived/goal_2026060416573706_mpzo3evx-17dxi8.md	blocked-by-pi-exclusion	.pi local task state must not be cleaned
/home/dracon/Dev/avid	tracked	.pi/goals/archived/goal_2026060421094546_mpzwzo58-rkdq20.md	blocked-by-pi-exclusion	.pi local task state must not be cleaned
/home/dracon/Dev/avid	tracked	.ralph/agave-daemon-implementation.md	blocked-needs-approval	local task/session state; ambiguous user-owned content
/home/dracon/Dev/avid	tracked	.ralph/avid-analysis.md	blocked-needs-approval	local task/session state; ambiguous user-owned content
/home/dracon/Dev/avid	tracked	.ralph/avid-analysis.state.json	blocked-needs-approval	local task/session state; ambiguous user-owned content
/home/dracon/Dev/avid	tracked	.ralph/avid-decision.md	blocked-needs-approval	local task/session state; ambiguous user-owned content
/home/dracon/Dev/avid	tracked	.ralph/avid-decision.state.json	blocked-needs-approval	local task/session state; ambiguous user-owned content
/home/dracon/Dev/avid	tracked	.ralph/avid-development.md	blocked-needs-approval	local task/session state; ambiguous user-owned content
/home/dracon/Dev/avid	tracked	.ralph/avid-development.state.json	blocked-needs-approval	local task/session state; ambiguous user-owned content
/home/dracon/Dev/avid	tracked	.ralph/avid-final.md	blocked-needs-approval	local task/session state; ambiguous user-owned content
/home/dracon/Dev/avid	tracked	.ralph/avid-final.state.json	blocked-needs-approval	local task/session state; ambiguous user-owned content
/home/dracon/Dev/avid	tracked	.ralph/avid-fix-loop.md	blocked-needs-approval	local task/session state; ambiguous user-owned content
/home/dracon/Dev/avid	tracked	.ralph/avid-fix-loop.state.json	blocked-needs-approval	local task/session state; ambiguous user-owned content
/home/dracon/Dev/avid	tracked	.ralph/avid-iteration-19.md	blocked-needs-approval	local task/session state; ambiguous user-owned content
/home/dracon/Dev/avid	tracked	.ralph/avid-iteration-19.state.json	blocked-needs-approval	local task/session state; ambiguous user-owned content
/home/dracon/Dev/avid	tracked	.ralph/avid-research-v2.md	blocked-needs-approval	local task/session state; ambiguous user-owned content
/home/dracon/Dev/avid	tracked	.ralph/avid-research-v2.state.json	blocked-needs-approval	local task/session state; ambiguous user-owned content
/home/dracon/Dev/avid	tracked	.ralph/avid-research-v3.md	blocked-needs-approval	local task/session state; ambiguous user-owned content
/home/dracon/Dev/avid	tracked	.ralph/avid-research-v3.state.json	blocked-needs-approval	local task/session state; ambiguous user-owned content
/home/dracon/Dev/avid	tracked	.ralph/avid-research.md	blocked-needs-approval	local task/session state; ambiguous user-owned content
/home/dracon/Dev/avid	tracked	.ralph/avid-research.state.json	blocked-needs-approval	local task/session state; ambiguous user-owned content
/home/dracon/Dev/avid	tracked	.ralph/avid-setup.md	blocked-needs-approval	local task/session state; ambiguous user-owned content
/home/dracon/Dev/avid	tracked	.ralph/avid-setup.state.json	blocked-needs-approval	local task/session state; ambiguous user-owned content
/home/dracon/Dev/avid	tracked	.ralph/avid-task-implementation.md	blocked-needs-approval	local task/session state; ambiguous user-owned content
/home/dracon/Dev/avid	tracked	.ralph/avid-task-implementation.state.json	blocked-needs-approval	local task/session state; ambiguous user-owned content
/home/dracon/Dev/avid	tracked	.ralph/config-hot-reload.md	blocked-needs-approval	local task/session state; ambiguous user-owned content
/home/dracon/Dev/avid	tracked	.ralph/daemon-processing-pipeline.md	blocked-needs-approval	local task/session state; ambiguous user-owned content
/home/dracon/Dev/avid	tracked	.ralph/daemonize.md	blocked-needs-approval	local task/session state; ambiguous user-owned content
/home/dracon/Dev/avid	tracked	.ralph/join-by-date.md	blocked-needs-approval	local task/session state; ambiguous user-owned content
/home/dracon/Dev/avid	tracked	.ralph/join-by-name.md	blocked-needs-approval	local task/session state; ambiguous user-owned content
/home/dracon/Dev/avid	tracked	.ralph/loop-backlog.md	blocked-needs-approval	local task/session state; ambiguous user-owned content
/home/dracon/Dev/avid	tracked	.ralph/queue-module.md	blocked-needs-approval	local task/session state; ambiguous user-owned content
/home/dracon/Dev/avid	tracked	.ralph/scale-fix.md	blocked-needs-approval	local task/session state; ambiguous user-owned content
/home/dracon/Dev/avid	tracked	.ralph/state-persistence.md	blocked-needs-approval	local task/session state; ambiguous user-owned content
/home/dracon/Dev/avid	tracked	.ralph/two-pass-loudnorm.md	blocked-needs-approval	local task/session state; ambiguous user-owned content
/home/dracon/Dev/avid	tracked	.ralph/video-ecosystem-audit.md	blocked-needs-approval	local task/session state; ambiguous user-owned content
/home/dracon/Dev/avid	tracked	.ralph/video-ecosystem-audit.state.json	blocked-needs-approval	local task/session state; ambiguous user-owned content
/home/dracon/Dev/avid	tracked	.ralph/videoai-pilot.md	blocked-needs-approval	local task/session state; ambiguous user-owned content
/home/dracon/Dev/avid	tracked	.ralph/videoai-pilot.state.json	blocked-needs-approval	local task/session state; ambiguous user-owned content
/home/dracon/Dev/avid	tracked	docs/archive/TODO-2026-06-04.md	blocked-needs-approval	possibly obsolete doc/checklist; needs approval
/home/dracon/Dev/avid	tracked	docs/full-auto-life-checklist.md	blocked-needs-approval	possibly obsolete doc/checklist; needs approval
/home/dracon/Dev/avid	tracked	docs/test-checklist.md	blocked-needs-approval	possibly obsolete doc/checklist; needs approval
/home/dracon/Dev/avid	tracked	models/parakeet-ctc/onnx/tokenizer.json	blocked-needs-approval	secret-like file requires rotation/approval before removal
/home/dracon/Dev/avid	tracked	models/parakeet-ctc/tokenizer.json	blocked-needs-approval	secret-like file requires rotation/approval before removal
/home/dracon/Dev/youtube-video-uploader	tracked	.env	blocked-needs-approval	secret-like file requires rotation/approval before removal
/home/dracon/Dev/youtube-video-uploader	tracked	.env.test	blocked-needs-approval	secret-like file requires rotation/approval before removal
/home/dracon/Dev/youtube-video-uploader	tracked	fuzz/tests/credential_decrypt.rs	blocked-needs-approval	secret-like file requires rotation/approval before removal
/home/dracon/Dev/youtube-video-uploader	tracked	youtube-uploader/src/auth/refresh_token.rs	blocked-needs-approval	secret-like file requires rotation/approval before removal
/home/dracon/Dev/youtube-video-uploader	tracked	youtube-uploader/tests/fixtures/minimal.mp4	preserved	potential user-owned note/screenshot/project asset
/home/dracon/Dev/dracon-libs	tracked	tools/memory/dracon-memory-runtime/assets/tokenizer.json	blocked-needs-approval	secret-like file requires rotation/approval before removal
/home/dracon/Dev/kiki-sassy-desktop-announcer	tracked	.env	blocked-needs-approval	secret-like file requires rotation/approval before removal
/home/dracon/Dev/kiki-sassy-desktop-announcer	tracked	.env.example	blocked-needs-approval	secret-like file requires rotation/approval before removal
/home/dracon/Dev/kiki-sassy-desktop-announcer	tracked	TODO_v0.25.0_archive.md	blocked-needs-approval	possibly obsolete doc/checklist; needs approval
/home/dracon/Dev/kiki-sassy-desktop-announcer	tracked	todo.md	blocked-needs-approval	possibly obsolete doc/checklist; needs approval
