## post-snapshot prohibited history regressions

### Freeport reflog
1fa513f8c23c0ea5d7937abbd74b13805e057eea	main@{2026-09-25 15:12:55 +0100}	commit: test: assert every vehicle sprite identity
1fa513f8c23c0ea5d7937abbd74b13805e057eea	HEAD@{2026-09-25 15:12:55 +0100}	commit: test: assert every vehicle sprite identity
35a56c7ac18367bd86e82125b8e81ffce5e86edf	gitlab/main@{2026-09-25 15:06:46 +0100}	update by push
35a56c7ac18367bd86e82125b8e81ffce5e86edf	origin/main@{2026-09-25 15:06:43 +0100}	update by push
35a56c7ac18367bd86e82125b8e81ffce5e86edf	main@{2026-09-25 15:06:07 +0100}	commit: fix: preload alternate vehicle art variants
35a56c7ac18367bd86e82125b8e81ffce5e86edf	HEAD@{2026-09-25 15:06:07 +0100}	commit: fix: preload alternate vehicle art variants
3b888ca655218fe3c9c0533dd60db5ac258070d1	main@{2026-09-25 15:04:18 +0100}	commit: test: inventory alternate Agnes vehicle variants
3b888ca655218fe3c9c0533dd60db5ac258070d1	HEAD@{2026-09-25 15:04:18 +0100}	commit: test: inventory alternate Agnes vehicle variants
b0dc73c3dce26c5187260821a1e003c0df604ee3	gitlab/main@{2026-09-25 15:01:48 +0100}	update by push
b0dc73c3dce26c5187260821a1e003c0df604ee3	origin/main@{2026-09-25 15:00:08 +0100}	update by push
b0dc73c3dce26c5187260821a1e003c0df604ee3	main@{2026-09-25 14:59:34 +0100}	commit: feat: integrate Agnes vehicle and prop sprite pack
b0dc73c3dce26c5187260821a1e003c0df604ee3	HEAD@{2026-09-25 14:59:34 +0100}	commit: feat: integrate Agnes vehicle and prop sprite pack
02fe73254ddb3e99ab7b0ca693c304521cb39f98	HEAD@{2026-09-25 14:58:42 +0100}	reset: moving to HEAD
02fe73254ddb3e99ab7b0ca693c304521cb39f98	gitlab/main@{2026-09-25 14:52:59 +0100}	update by push
02fe73254ddb3e99ab7b0ca693c304521cb39f98	origin/main@{2026-09-25 14:51:12 +0100}	update by push
02fe73254ddb3e99ab7b0ca693c304521cb39f98	main@{2026-09-25 14:50:52 +0100}	commit: 28 file(s) in art-source,scripts,src DELTA:+91/-7 | EXT:ts,mjs TEST:6 BIN:24
02fe73254ddb3e99ab7b0ca693c304521cb39f98	HEAD@{2026-09-25 14:50:52 +0100}	commit: 28 file(s) in art-source,scripts,src DELTA:+91/-7 | EXT:ts,mjs TEST:6 BIN:24
300d70681ed33cd9d47160b5bba0481348d50f37	origin/main@{2026-09-25 14:01:21 +0100}	update by push
300d70681ed33cd9d47160b5bba0481348d50f37	gitlab/main@{2026-09-25 12:06:32 +0100}	update by push
300d70681ed33cd9d47160b5bba0481348d50f37	main@{2026-09-25 05:10:45 +0100}	commit: docs: bind P07 report to immutable evidence run
300d70681ed33cd9d47160b5bba0481348d50f37	HEAD@{2026-09-25 05:10:45 +0100}	commit: docs: bind P07 report to immutable evidence run
a262886eac30d59f9aead395f04e475c79eff68e	gitlab/main@{2026-09-25 04:49:26 +0100}	update by push
a262886eac30d59f9aead395f04e475c79eff68e	origin/main@{2026-09-25 04:49:21 +0100}	update by push
a262886eac30d59f9aead395f04e475c79eff68e	main@{2026-09-25 04:42:56 +0100}	commit: test: give P07 deadline probe headroom
a262886eac30d59f9aead395f04e475c79eff68e	HEAD@{2026-09-25 04:42:56 +0100}	commit: test: give P07 deadline probe headroom
78d99a2f732157d2062362881162d51cdf9f4573	main@{2026-09-25 04:19:04 +0100}	commit: test: preserve P07 runs in immutable evidence directories
78d99a2f732157d2062362881162d51cdf9f4573	HEAD@{2026-09-25 04:19:04 +0100}	commit: test: preserve P07 runs in immutable evidence directories
dba7a3a4d181e929dc99a0398973d62972626b22	gitlab/main@{2026-09-25 03:09:59 +0100}	update by push
dba7a3a4d181e929dc99a0398973d62972626b22	origin/main@{2026-09-25 03:09:57 +0100}	update by push
dba7a3a4d181e929dc99a0398973d62972626b22	main@{2026-09-25 03:07:43 +0100}	commit: docs: pin P07 report to final formal run
dba7a3a4d181e929dc99a0398973d62972626b22	HEAD@{2026-09-25 03:07:43 +0100}	commit: docs: pin P07 report to final formal run
c0aeb5d7bb2b904c273abbb16086abc4bfe1d10c	gitlab/main@{2026-09-25 02:42:24 +0100}	update by push
c0aeb5d7bb2b904c273abbb16086abc4bfe1d10c	origin/main@{2026-09-25 02:42:22 +0100}	update by push
c0aeb5d7bb2b904c273abbb16086abc4bfe1d10c	main@{2026-09-25 02:41:49 +0100}	commit: test: allow P07 natural deadline under headless load
c0aeb5d7bb2b904c273abbb16086abc4bfe1d10c	HEAD@{2026-09-25 02:41:49 +0100}	commit: test: allow P07 natural deadline under headless load
7165617c4c6c04a2cba7080e4ed20c976cc5c113	gitlab/main@{2026-09-25 02:15:21 +0100}	update by push
7165617c4c6c04a2cba7080e4ed20c976cc5c113	origin/main@{2026-09-25 02:15:19 +0100}	update by push
7165617c4c6c04a2cba7080e4ed20c976cc5c113	main@{2026-09-25 02:14:52 +0100}	commit: docs: record P07 playtest and Phase-2 decision
7165617c4c6c04a2cba7080e4ed20c976cc5c113	HEAD@{2026-09-25 02:14:52 +0100}	commit: docs: record P07 playtest and Phase-2 decision
95f5c3de52c9d63539c50f0d1ba286d67f611624	gitlab/main@{2026-09-25 01:48:43 +0100}	update by push
95f5c3de52c9d63539c50f0d1ba286d67f611624	origin/main@{2026-09-25 01:48:41 +0100}	update by push
95f5c3de52c9d63539c50f0d1ba286d67f611624	main@{2026-09-25 01:47:31 +0100}	commit: test: preserve P07 ledger invariants on timeout
95f5c3de52c9d63539c50f0d1ba286d67f611624	HEAD@{2026-09-25 01:47:31 +0100}	commit: test: preserve P07 ledger invariants on timeout
32960cdc06a6656f1fcefd18c861021a1f28f93a	main@{2026-09-25 01:37:39 +0100}	commit: test: retry P07 edge interactions near moving NPCs
32960cdc06a6656f1fcefd18c861021a1f28f93a	HEAD@{2026-09-25 01:37:39 +0100}	commit: test: retry P07 edge interactions near moving NPCs
77f91227c9c3beaff9dc29a3740f21e9f26e8d46	main@{2026-09-25 01:35:08 +0100}	commit: test: make P07 walking routes obstacle-aware
77f91227c9c3beaff9dc29a3740f21e9f26e8d46	HEAD@{2026-09-25 01:35:08 +0100}	commit: test: make P07 walking routes obstacle-aware
c99a58723d0ea007ad3f6c03b6cfe92bc05d4f8e	main@{2026-09-25 01:32:38 +0100}	commit: test: order P07 terminal-state checks
c99a58723d0ea007ad3f6c03b6cfe92bc05d4f8e	HEAD@{2026-09-25 01:32:38 +0100}	commit: test: order P07 terminal-state checks
30161c07baa8e8a00b94749ab0581cb4bad0c79c	main@{2026-09-25 01:24:30 +0100}	commit: test: harden P07 input transitions
30161c07baa8e8a00b94749ab0581cb4bad0c79c	HEAD@{2026-09-25 01:24:30 +0100}	commit: test: harden P07 input transitions
a7bc6bda7ac1a5416f2ab87024d7e06afb947e48	main@{2026-09-25 01:19:39 +0100}	commit: 1 file(s) in tests/browser/p07-playtest.ts DELTA:+74/-23 | EXT:ts
a7bc6bda7ac1a5416f2ab87024d7e06afb947e48	HEAD@{2026-09-25 01:19:39 +0100}	commit: 1 file(s) in tests/browser/p07-playtest.ts DELTA:+74/-23 | EXT:ts
9f96a1316798865e084f563bce2d1f8cdb53a8ee	origin/main@{2026-09-25 00:13:52 +0100}	update by push
9f96a1316798865e084f563bce2d1f8cdb53a8ee	main@{2026-09-25 00:13:45 +0100}	commit: 1 file(s) in tests/browser/p07-playtest.ts DELTA:+23/-9 | EXT:ts
9f96a1316798865e084f563bce2d1f8cdb53a8ee	HEAD@{2026-09-25 00:13:45 +0100}	commit: 1 file(s) in tests/browser/p07-playtest.ts DELTA:+23/-9 | EXT:ts
526282dd123775670510fb66e19e4315596b4680	gitlab/main@{2026-09-24 23:42:35 +0100}	update by push
526282dd123775670510fb66e19e4315596b4680	origin/main@{2026-09-24 23:42:32 +0100}	update by push
526282dd123775670510fb66e19e4315596b4680	main@{2026-09-24 23:42:20 +0100}	commit: test: persist failed P07 route evidence
526282dd123775670510fb66e19e4315596b4680	HEAD@{2026-09-24 23:42:20 +0100}	commit: test: persist failed P07 route evidence
648e31544454e3de5c94e59509be53fd55ab0385	gitlab/main@{2026-09-24 23:40:40 +0100}	update by push
648e31544454e3de5c94e59509be53fd55ab0385	origin/main@{2026-09-24 23:40:38 +0100}	update by push
648e31544454e3de5c94e59509be53fd55ab0385	main@{2026-09-24 23:40:29 +0100}	commit: test: record P07 route activity
648e31544454e3de5c94e59509be53fd55ab0385	HEAD@{2026-09-24 23:40:29 +0100}	commit: test: record P07 route activity
26e605f0bbfc3abaf61e3fb95abbe2297e222c73	gitlab/main@{2026-09-24 23:34:36 +0100}	update by push
26e605f0bbfc3abaf61e3fb95abbe2297e222c73	origin/main@{2026-09-24 23:34:27 +0100}	update by push
26e605f0bbfc3abaf61e3fb95abbe2297e222c73	main@{2026-09-24 23:34:23 +0100}	commit: 1 file(s) in tests/browser/p07-playtest.ts DELTA:+4/-4 | EXT:ts
26e605f0bbfc3abaf61e3fb95abbe2297e222c73	HEAD@{2026-09-24 23:34:23 +0100}	commit: 1 file(s) in tests/browser/p07-playtest.ts DELTA:+4/-4 | EXT:ts
f8441b9e850c3a97c30be1d7dc3371b5d755c1a8	origin/main@{2026-09-24 23:30:37 +0100}	update by push
f8441b9e850c3a97c30be1d7dc3371b5d755c1a8	gitlab/main@{2026-09-24 23:30:18 +0100}	update by push
f8441b9e850c3a97c30be1d7dc3371b5d755c1a8	main@{2026-09-24 23:29:10 +0100}	commit: test: bind P07 evidence to fresh build
f8441b9e850c3a97c30be1d7dc3371b5d755c1a8	HEAD@{2026-09-24 23:29:10 +0100}	commit: test: bind P07 evidence to fresh build
904a897aa00e6e00c8204bd82b71d289360b650c	origin/main@{2026-09-24 23:28:23 +0100}	update by push
904a897aa00e6e00c8204bd82b71d289360b650c	main@{2026-09-24 23:28:19 +0100}	commit: 1 file(s) in tests/browser/p07-playtest.ts DELTA:+142/-66 | EXT:ts
904a897aa00e6e00c8204bd82b71d289360b650c	HEAD@{2026-09-24 23:28:19 +0100}	commit: 1 file(s) in tests/browser/p07-playtest.ts DELTA:+142/-66 | EXT:ts
38da56fbb92ea2e0e7494cfef98d51457612e640	gitlab/main@{2026-09-24 22:30:24 +0100}	update by push
38da56fbb92ea2e0e7494cfef98d51457612e640	origin/main@{2026-09-24 22:30:22 +0100}	update by push
38da56fbb92ea2e0e7494cfef98d51457612e640	main@{2026-09-24 22:30:17 +0100}	commit: 1 file(s) in tests/browser/p07-playtest.ts DELTA:+24/-6 | EXT:ts
38da56fbb92ea2e0e7494cfef98d51457612e640	HEAD@{2026-09-24 22:30:17 +0100}	commit: 1 file(s) in tests/browser/p07-playtest.ts DELTA:+24/-6 | EXT:ts
062308a59c324ef13a3e2d8b2744564c411c7d1d	gitlab/main@{2026-09-24 22:21:18 +0100}	update by push
062308a59c324ef13a3e2d8b2744564c411c7d1d	origin/main@{2026-09-24 22:21:15 +0100}	update by push
062308a59c324ef13a3e2d8b2744564c411c7d1d	main@{2026-09-24 22:21:12 +0100}	commit: 1 file(s) in tests/browser/p07-playtest.ts DELTA:+33/-17 | EXT:ts
062308a59c324ef13a3e2d8b2744564c411c7d1d	HEAD@{2026-09-24 22:21:12 +0100}	commit: 1 file(s) in tests/browser/p07-playtest.ts DELTA:+33/-17 | EXT:ts
d41a0b8ca3224626b9e4e82ae36427415680641d	gitlab/main@{2026-09-24 22:08:14 +0100}	update by push
d41a0b8ca3224626b9e4e82ae36427415680641d	origin/main@{2026-09-24 22:08:12 +0100}	update by push
d41a0b8ca3224626b9e4e82ae36427415680641d	main@{2026-09-24 22:08:08 +0100}	commit: 1 file(s) in tests/browser/p07-playtest.ts DELTA:+11/-7 | EXT:ts
d41a0b8ca3224626b9e4e82ae36427415680641d	HEAD@{2026-09-24 22:08:08 +0100}	commit: 1 file(s) in tests/browser/p07-playtest.ts DELTA:+11/-7 | EXT:ts
e58fd21840ddb10fbc787dda3d92386a304985e4	gitlab/main@{2026-09-24 21:41:07 +0100}	update by push
e58fd21840ddb10fbc787dda3d92386a304985e4	origin/main@{2026-09-24 21:41:04 +0100}	update by push
e58fd21840ddb10fbc787dda3d92386a304985e4	main@{2026-09-24 21:41:00 +0100}	commit: 1 file(s) in tests/browser/p07-playtest.ts DELTA:+23/-6 | EXT:ts
e58fd21840ddb10fbc787dda3d92386a304985e4	HEAD@{2026-09-24 21:41:00 +0100}	commit: 1 file(s) in tests/browser/p07-playtest.ts DELTA:+23/-6 | EXT:ts
9d076ab747f19aa6a51b82f60334f54163648931	gitlab/main@{2026-09-24 21:20:54 +0100}	update by push
9d076ab747f19aa6a51b82f60334f54163648931	origin/main@{2026-09-24 21:20:52 +0100}	update by push
9d076ab747f19aa6a51b82f60334f54163648931	main@{2026-09-24 21:20:49 +0100}	commit: 1 file(s) in tests/browser/p07-playtest.ts DELTA:+8/-1 | EXT:ts
9d076ab747f19aa6a51b82f60334f54163648931	HEAD@{2026-09-24 21:20:49 +0100}	commit: 1 file(s) in tests/browser/p07-playtest.ts DELTA:+8/-1 | EXT:ts
a55a70df20e016917c5f61b91eb8580c57577c01	gitlab/main@{2026-09-24 21:19:21 +0100}	update by push
a55a70df20e016917c5f61b91eb8580c57577c01	origin/main@{2026-09-24 21:19:19 +0100}	update by push
a55a70df20e016917c5f61b91eb8580c57577c01	main@{2026-09-24 21:19:15 +0100}	commit: 1 file(s) in tests/browser/p07-playtest.ts DELTA:+2/-2 | EXT:ts
a55a70df20e016917c5f61b91eb8580c57577c01	HEAD@{2026-09-24 21:19:15 +0100}	commit: 1 file(s) in tests/browser/p07-playtest.ts DELTA:+2/-2 | EXT:ts
5a80cd91c995c289c71a27a78461997b5618f27e	gitlab/main@{2026-09-24 21:14:57 +0100}	update by push
5a80cd91c995c289c71a27a78461997b5618f27e	origin/main@{2026-09-24 21:14:55 +0100}	update by push
5a80cd91c995c289c71a27a78461997b5618f27e	main@{2026-09-24 21:14:51 +0100}	commit: 1 file(s) in tests/browser/p07-playtest.ts DELTA:+4/-4 | EXT:ts
5a80cd91c995c289c71a27a78461997b5618f27e	HEAD@{2026-09-24 21:14:51 +0100}	commit: 1 file(s) in tests/browser/p07-playtest.ts DELTA:+4/-4 | EXT:ts
fc4693cecbef58969b93b0c7962778885be3da12	gitlab/main@{2026-09-24 21:13:17 +0100}	update by push
fc4693cecbef58969b93b0c7962778885be3da12	origin/main@{2026-09-24 21:13:15 +0100}	update by push
fc4693cecbef58969b93b0c7962778885be3da12	main@{2026-09-24 21:13:11 +0100}	commit: 1 file(s) in tests/browser/p07-playtest.ts DELTA:+767/-0 | EXT:ts NEW:browser/p07-playtest.ts
fc4693cecbef58969b93b0c7962778885be3da12	HEAD@{2026-09-24 21:13:11 +0100}	commit: 1 file(s) in tests/browser/p07-playtest.ts DELTA:+767/-0 | EXT:ts NEW:browser/p07-playtest.ts
5c419b4b830528b87500ecc734dde0418f9c8ccc	gitlab/main@{2026-09-24 20:57:05 +0100}	update by push
5c419b4b830528b87500ecc734dde0418f9c8ccc	origin/main@{2026-09-24 20:57:03 +0100}	update by push
5c419b4b830528b87500ecc734dde0418f9c8ccc	main@{2026-09-24 20:56:59 +0100}	commit: 1 file(s) in design/phase-1/P07-PLAYTEST-PROTOCOL.md DELTA:+133/-0 | EXT:md NEW:phase-1/P07-PLAYTEST-PROTOCOL.md DOCSONLY:phase-1/P07-PLAYTEST-PROTOCOL.md
5c419b4b830528b87500ecc734dde0418f9c8ccc	HEAD@{2026-09-24 20:56:59 +0100}	commit: 1 file(s) in design/phase-1/P07-PLAYTEST-PROTOCOL.md DELTA:+133/-0 | EXT:md NEW:phase-1/P07-PLAYTEST-PROTOCOL.md DOCSONLY:phase-1/P07-PLAYTEST-PROTOCOL.md
3b8ba4f42025c75a871c38922dab60b92a267b6e	gitlab/main@{2026-09-24 20:08:50 +0100}	update by push
3b8ba4f42025c75a871c38922dab60b92a267b6e	origin/main@{2026-09-24 20:08:48 +0100}	update by push
3b8ba4f42025c75a871c38922dab60b92a267b6e	main@{2026-09-24 20:08:45 +0100}	commit: 1 file(s) in src/client/economy.ts DELTA:+5/-4 | EXT:ts
3b8ba4f42025c75a871c38922dab60b92a267b6e	HEAD@{2026-09-24 20:08:45 +0100}	commit: 1 file(s) in src/client/economy.ts DELTA:+5/-4 | EXT:ts
37a4ef68a3c452a3eabc856017a5fbd59cf513b9	gitlab/main@{2026-09-24 20:06:19 +0100}	update by push
37a4ef68a3c452a3eabc856017a5fbd59cf513b9	origin/main@{2026-09-24 20:06:17 +0100}	update by push
37a4ef68a3c452a3eabc856017a5fbd59cf513b9	main@{2026-09-24 20:06:13 +0100}	commit: 1 file(s) in tests/browser/q6-smoke.ts DELTA:+2/-1 | EXT:ts
37a4ef68a3c452a3eabc856017a5fbd59cf513b9	HEAD@{2026-09-24 20:06:13 +0100}	commit: 1 file(s) in tests/browser/q6-smoke.ts DELTA:+2/-1 | EXT:ts
783ff3ac3b6296295e9c281e126a69ae15213576	gitlab/main@{2026-09-24 20:03:54 +0100}	update by push
783ff3ac3b6296295e9c281e126a69ae15213576	origin/main@{2026-09-24 20:03:52 +0100}	update by push
783ff3ac3b6296295e9c281e126a69ae15213576	main@{2026-09-24 20:03:49 +0100}	commit: 1 file(s) in tests/browser/q6-smoke.ts DELTA:+1/-1 | EXT:ts
783ff3ac3b6296295e9c281e126a69ae15213576	HEAD@{2026-09-24 20:03:49 +0100}	commit: 1 file(s) in tests/browser/q6-smoke.ts DELTA:+1/-1 | EXT:ts
a772870be732739f18b188815edd2bba980954f6	gitlab/main@{2026-09-24 19:51:32 +0100}	update by push
a772870be732739f18b188815edd2bba980954f6	origin/main@{2026-09-24 19:51:29 +0100}	update by push
a772870be732739f18b188815edd2bba980954f6	main@{2026-09-24 19:51:25 +0100}	commit: 1 file(s) in tests/browser/q6-smoke.ts DELTA:+20/-0 | EXT:ts
a772870be732739f18b188815edd2bba980954f6	HEAD@{2026-09-24 19:51:25 +0100}	commit: 1 file(s) in tests/browser/q6-smoke.ts DELTA:+20/-0 | EXT:ts
5f045a76953b698e4d1f342bda91411ecb8129b6	gitlab/main@{2026-09-24 19:50:19 +0100}	update by push
5f045a76953b698e4d1f342bda91411ecb8129b6	origin/main@{2026-09-24 19:50:17 +0100}	update by push
5f045a76953b698e4d1f342bda91411ecb8129b6	main@{2026-09-24 19:50:13 +0100}	commit: 4 file(s) in src,tests [tests/unit/free-roam.test.ts, tests/unit/vehicle-driving.test.ts, src/client/economy.ts] DELTA:+62/-0 | EXT:ts TEST:61
5f045a76953b698e4d1f342bda91411ecb8129b6	HEAD@{2026-09-24 19:50:13 +0100}	commit: 4 file(s) in src,tests [tests/unit/free-roam.test.ts, tests/unit/vehicle-driving.test.ts, src/client/economy.ts] DELTA:+62/-0 | EXT:ts TEST:61
eed811083c37e2b57f7977400d77fb2278a31938	gitlab/main@{2026-09-24 19:47:57 +0100}	update by push
eed811083c37e2b57f7977400d77fb2278a31938	origin/main@{2026-09-24 19:47:55 +0100}	update by push
eed811083c37e2b57f7977400d77fb2278a31938	main@{2026-09-24 19:47:51 +0100}	commit: 3 file(s) in .githooks,src [src/client/economy.ts, .githooks/pre-push, .githooks/pre-commit] DELTA:+82/-31 | EXT:ts
eed811083c37e2b57f7977400d77fb2278a31938	HEAD@{2026-09-24 19:47:51 +0100}	commit: 3 file(s) in .githooks,src [src/client/economy.ts, .githooks/pre-push, .githooks/pre-commit] DELTA:+82/-31 | EXT:ts
6f1b46953695961556fc262f56ba6f0d0d5ecd9a	gitlab/main@{2026-09-24 19:29:32 +0100}	update by push
6f1b46953695961556fc262f56ba6f0d0d5ecd9a	origin/main@{2026-09-24 19:29:28 +0100}	update by push
6f1b46953695961556fc262f56ba6f0d0d5ecd9a	main@{2026-09-24 19:29:21 +0100}	commit: 2 file(s) in .githooks [.githooks/pre-commit, .githooks/pre-push] DELTA:+32/-2
6f1b46953695961556fc262f56ba6f0d0d5ecd9a	HEAD@{2026-09-24 19:29:21 +0100}	commit: 2 file(s) in .githooks [.githooks/pre-commit, .githooks/pre-push] DELTA:+32/-2
d1d093ac64638f7c982116df7416ffc77c792b92	gitlab/main@{2026-09-24 19:09:59 +0100}	update by push
d1d093ac64638f7c982116df7416ffc77c792b92	origin/main@{2026-09-24 19:09:57 +0100}	update by push
d1d093ac64638f7c982116df7416ffc77c792b92	main@{2026-09-24 19:09:53 +0100}	commit: 1 file(s) in src/client/economy.ts DELTA:+4/-4 | EXT:ts
d1d093ac64638f7c982116df7416ffc77c792b92	HEAD@{2026-09-24 19:09:53 +0100}	commit: 1 file(s) in src/client/economy.ts DELTA:+4/-4 | EXT:ts
82be8779c527b88dba3fd4308007cae6084f6b87	gitlab/main@{2026-09-24 19:08:03 +0100}	update by push
82be8779c527b88dba3fd4308007cae6084f6b87	origin/main@{2026-09-24 19:08:00 +0100}	update by push
82be8779c527b88dba3fd4308007cae6084f6b87	main@{2026-09-24 19:07:57 +0100}	commit: 1 file(s) in src/sim/vehicle.ts DELTA:+2/-1 | EXT:ts
82be8779c527b88dba3fd4308007cae6084f6b87	HEAD@{2026-09-24 19:07:57 +0100}	commit: 1 file(s) in src/sim/vehicle.ts DELTA:+2/-1 | EXT:ts
bdcb7d4d736f966c9671a8458f19b1565d4559d9	gitlab/main@{2026-09-24 19:07:47 +0100}	update by push
bdcb7d4d736f966c9671a8458f19b1565d4559d9	origin/main@{2026-09-24 19:07:44 +0100}	update by push
bdcb7d4d736f966c9671a8458f19b1565d4559d9	main@{2026-09-24 19:07:41 +0100}	commit: 1 file(s) in src/client/free-roam.ts DELTA:+5/-1 | EXT:ts
bdcb7d4d736f966c9671a8458f19b1565d4559d9	HEAD@{2026-09-24 19:07:41 +0100}	commit: 1 file(s) in src/client/free-roam.ts DELTA:+5/-1 | EXT:ts
024f43c56223f74658bd2bf8e85d6d8ab3c207ac	gitlab/main@{2026-09-24 19:00:44 +0100}	update by push
024f43c56223f74658bd2bf8e85d6d8ab3c207ac	origin/main@{2026-09-24 19:00:35 +0100}	update by push
024f43c56223f74658bd2bf8e85d6d8ab3c207ac	main@{2026-09-24 19:00:31 +0100}	commit: 3 file(s) in src [src/sim/commands.ts, src/client/economy.ts, src/routes/play/+page.svelte] DELTA:+5/-1 | EXT:ts,svelte
024f43c56223f74658bd2bf8e85d6d8ab3c207ac	HEAD@{2026-09-24 19:00:31 +0100}	commit: 3 file(s) in src [src/sim/commands.ts, src/client/economy.ts, src/routes/play/+page.svelte] DELTA:+5/-1 | EXT:ts,svelte
cdba7af48704627454a5456bd5f54aa56efd5f8a	gitlab/main@{2026-09-24 18:55:32 +0100}	update by push
cdba7af48704627454a5456bd5f54aa56efd5f8a	origin/main@{2026-09-24 18:55:26 +0100}	update by push
cdba7af48704627454a5456bd5f54aa56efd5f8a	main@{2026-09-24 18:55:20 +0100}	commit: 2 file(s) in .githooks [.githooks/pre-push, .githooks/pre-commit] DELTA:+187/-0 | NEW:.githooks/pre-commit,.githooks/pre-push
cdba7af48704627454a5456bd5f54aa56efd5f8a	HEAD@{2026-09-24 18:55:20 +0100}	commit: 2 file(s) in .githooks [.githooks/pre-push, .githooks/pre-commit] DELTA:+187/-0 | NEW:.githooks/pre-commit,.githooks/pre-push
d5264434ffce91c19b35a6f1a2d4b9cb2a9e2702	gitlab/main@{2026-09-24 18:49:20 +0100}	update by push
d5264434ffce91c19b35a6f1a2d4b9cb2a9e2702	origin/main@{2026-09-24 18:49:17 +0100}	update by push
d5264434ffce91c19b35a6f1a2d4b9cb2a9e2702	main@{2026-09-24 18:49:13 +0100}	commit: 1 file(s) in tests/browser/q6-smoke.ts DELTA:+5/-0 | EXT:ts
d5264434ffce91c19b35a6f1a2d4b9cb2a9e2702	HEAD@{2026-09-24 18:49:13 +0100}	commit: 1 file(s) in tests/browser/q6-smoke.ts DELTA:+5/-0 | EXT:ts
275cb0e7071e8df9b9bfc435a47858a307697eab	gitlab/main@{2026-09-24 18:47:25 +0100}	update by push
275cb0e7071e8df9b9bfc435a47858a307697eab	origin/main@{2026-09-24 18:47:23 +0100}	update by push
275cb0e7071e8df9b9bfc435a47858a307697eab	main@{2026-09-24 18:47:19 +0100}	commit: 1 file(s) in tests/browser/q6-smoke.ts DELTA:+1/-1 | EXT:ts
275cb0e7071e8df9b9bfc435a47858a307697eab	HEAD@{2026-09-24 18:47:19 +0100}	commit: 1 file(s) in tests/browser/q6-smoke.ts DELTA:+1/-1 | EXT:ts
f69e96f0bdb4c9d28af3003c0c10a81640226acd	gitlab/main@{2026-09-24 18:46:39 +0100}	update by push
f69e96f0bdb4c9d28af3003c0c10a81640226acd	origin/main@{2026-09-24 18:46:37 +0100}	update by push
f69e96f0bdb4c9d28af3003c0c10a81640226acd	main@{2026-09-24 18:46:34 +0100}	commit: 1 file(s) in tests/browser/q6-smoke.ts DELTA:+1/-0 | EXT:ts
f69e96f0bdb4c9d28af3003c0c10a81640226acd	HEAD@{2026-09-24 18:46:34 +0100}	commit: 1 file(s) in tests/browser/q6-smoke.ts DELTA:+1/-0 | EXT:ts
61ff55d7926e64377f46230bdfb378d361b0bc2f	gitlab/main@{2026-09-24 18:46:20 +0100}	update by push
61ff55d7926e64377f46230bdfb378d361b0bc2f	origin/main@{2026-09-24 18:46:18 +0100}	update by push
61ff55d7926e64377f46230bdfb378d361b0bc2f	main@{2026-09-24 18:46:14 +0100}	commit: 1 file(s) in tests/browser/q6-smoke.ts DELTA:+2/-2 | EXT:ts
61ff55d7926e64377f46230bdfb378d361b0bc2f	HEAD@{2026-09-24 18:46:14 +0100}	commit: 1 file(s) in tests/browser/q6-smoke.ts DELTA:+2/-2 | EXT:ts
61f45f1b1e3704c33ee365b74763f1bdcb181858	gitlab/main@{2026-09-24 18:44:39 +0100}	update by push
61f45f1b1e3704c33ee365b74763f1bdcb181858	origin/main@{2026-09-24 18:44:37 +0100}	update by push
61f45f1b1e3704c33ee365b74763f1bdcb181858	main@{2026-09-24 18:44:34 +0100}	commit: 1 file(s) in tests/browser/q6-smoke.ts DELTA:+2/-2 | EXT:ts
61f45f1b1e3704c33ee365b74763f1bdcb181858	HEAD@{2026-09-24 18:44:34 +0100}	commit: 1 file(s) in tests/browser/q6-smoke.ts DELTA:+2/-2 | EXT:ts
f8e42b2397193356f9653ff925df90207f50ed68	gitlab/main@{2026-09-24 18:44:16 +0100}	update by push
f8e42b2397193356f9653ff925df90207f50ed68	origin/main@{2026-09-24 18:44:14 +0100}	update by push
f8e42b2397193356f9653ff925df90207f50ed68	main@{2026-09-24 18:44:10 +0100}	commit: 1 file(s) in tests/browser/q6-smoke.ts DELTA:+15/-3 | EXT:ts
f8e42b2397193356f9653ff925df90207f50ed68	HEAD@{2026-09-24 18:44:10 +0100}	commit: 1 file(s) in tests/browser/q6-smoke.ts DELTA:+15/-3 | EXT:ts
4867b588d5987f39edef8ea904999f6390d74f62	gitlab/main@{2026-09-24 18:42:44 +0100}	update by push
4867b588d5987f39edef8ea904999f6390d74f62	origin/main@{2026-09-24 18:42:41 +0100}	update by push
4867b588d5987f39edef8ea904999f6390d74f62	main@{2026-09-24 18:42:38 +0100}	commit: 2 file(s) in tests/unit [tests/unit/checkpoint.test.ts, tests/unit/vehicle-pure.test.ts] DELTA:+2/-2 | EXT:ts TEST:4 TESTONLY:unit/checkpoint.test.ts,unit/vehicle-pure.test.ts
4867b588d5987f39edef8ea904999f6390d74f62	HEAD@{2026-09-24 18:42:38 +0100}	commit: 2 file(s) in tests/unit [tests/unit/checkpoint.test.ts, tests/unit/vehicle-pure.test.ts] DELTA:+2/-2 | EXT:ts TEST:4 TESTONLY:unit/checkpoint.test.ts,unit/vehicle-pure.test.ts
091e477c99e1215b72dace2a30f096fd3967b7dd	gitlab/main@{2026-09-24 18:42:15 +0100}	update by push
091e477c99e1215b72dace2a30f096fd3967b7dd	origin/main@{2026-09-24 18:42:13 +0100}	update by push
091e477c99e1215b72dace2a30f096fd3967b7dd	main@{2026-09-24 18:42:10 +0100}	commit: 1 file(s) in tests/browser/q6-smoke.ts DELTA:+42/-1 | EXT:ts
091e477c99e1215b72dace2a30f096fd3967b7dd	HEAD@{2026-09-24 18:42:10 +0100}	commit: 1 file(s) in tests/browser/q6-smoke.ts DELTA:+42/-1 | EXT:ts
8fe89b606893d189abaa581afd00ea6c95241d1c	gitlab/main@{2026-09-24 18:41:05 +0100}	update by push
8fe89b606893d189abaa581afd00ea6c95241d1c	origin/main@{2026-09-24 18:41:03 +0100}	update by push
8fe89b606893d189abaa581afd00ea6c95241d1c	main@{2026-09-24 18:41:00 +0100}	commit: 2 file(s) in src,tests [tests/unit/free-roam.test.ts, src/routes/play/+page.svelte] DELTA:+2/-4 | EXT:svelte,ts TEST:5
8fe89b606893d189abaa581afd00ea6c95241d1c	HEAD@{2026-09-24 18:41:00 +0100}	commit: 2 file(s) in src,tests [tests/unit/free-roam.test.ts, src/routes/play/+page.svelte] DELTA:+2/-4 | EXT:svelte,ts TEST:5
2183a637e08dc7b13bfc89e46b9836955bb3b356	gitlab/main@{2026-09-24 18:40:39 +0100}	update by push
2183a637e08dc7b13bfc89e46b9836955bb3b356	origin/main@{2026-09-24 18:40:34 +0100}	update by push
2183a637e08dc7b13bfc89e46b9836955bb3b356	main@{2026-09-24 18:40:31 +0100}	commit: 2 file(s) in tests/unit [tests/unit/free-roam.test.ts, tests/unit/vehicle-tuning.test.ts] DELTA:+134/-6 | EXT:ts TEST:140 TESTONLY:unit/free-roam.test.ts,unit/vehicle-tuning.test.ts
2183a637e08dc7b13bfc89e46b9836955bb3b356	HEAD@{2026-09-24 18:40:31 +0100}	commit: 2 file(s) in tests/unit [tests/unit/free-roam.test.ts, tests/unit/vehicle-tuning.test.ts] DELTA:+134/-6 | EXT:ts TEST:140 TESTONLY:unit/free-roam.test.ts,unit/vehicle-tuning.test.ts
49ccd57422e84d654ee01043b8329fb6beaf31ac	gitlab/main@{2026-09-24 18:40:12 +0100}	update by push
49ccd57422e84d654ee01043b8329fb6beaf31ac	origin/main@{2026-09-24 18:40:10 +0100}	update by push
49ccd57422e84d654ee01043b8329fb6beaf31ac	main@{2026-09-24 18:40:06 +0100}	commit: 4 file(s) in src,tests [src/routes/play/+page.svelte, tests/unit/vehicle-driving.test.ts, tests/unit/vehicle-pure.test.ts] DELTA:+18/-7 | EXT:ts,svelte TEST:6
49ccd57422e84d654ee01043b8329fb6beaf31ac	HEAD@{2026-09-24 18:40:06 +0100}	commit: 4 file(s) in src,tests [src/routes/play/+page.svelte, tests/unit/vehicle-driving.test.ts, tests/unit/vehicle-pure.test.ts] DELTA:+18/-7 | EXT:ts,svelte TEST:6
2f5e43a80619a6323371faaef44d0a77a0f1f786	gitlab/main@{2026-09-24 18:39:59 +0100}	update by push
2f5e43a80619a6323371faaef44d0a77a0f1f786	origin/main@{2026-09-24 18:39:57 +0100}	update by push
2f5e43a80619a6323371faaef44d0a77a0f1f786	main@{2026-09-24 18:39:53 +0100}	commit: 2 file(s) in src [src/client/economy.ts, src/sim/commands.ts] DELTA:+71/-19 | EXT:ts
2f5e43a80619a6323371faaef44d0a77a0f1f786	HEAD@{2026-09-24 18:39:53 +0100}	commit: 2 file(s) in src [src/client/economy.ts, src/sim/commands.ts] DELTA:+71/-19 | EXT:ts
38329eec2f1ccea9a5326c773a36217efc25cb29	gitlab/main@{2026-09-24 18:25:15 +0100}	update by push
38329eec2f1ccea9a5326c773a36217efc25cb29	origin/main@{2026-09-24 18:25:12 +0100}	update by push
38329eec2f1ccea9a5326c773a36217efc25cb29	main@{2026-09-24 18:25:08 +0100}	commit: 1 file(s) in src/client/economy.ts DELTA:+8/-2 | EXT:ts
38329eec2f1ccea9a5326c773a36217efc25cb29	HEAD@{2026-09-24 18:25:08 +0100}	commit: 1 file(s) in src/client/economy.ts DELTA:+8/-2 | EXT:ts
5e4168523ce7d957195fa106bbfa9259c978f406	gitlab/main@{2026-09-24 18:23:38 +0100}	update by push
5e4168523ce7d957195fa106bbfa9259c978f406	origin/main@{2026-09-24 18:23:35 +0100}	update by push
5e4168523ce7d957195fa106bbfa9259c978f406	main@{2026-09-24 18:23:32 +0100}	commit: 1 file(s) in src/client/free-roam.ts DELTA:+31/-4 | EXT:ts
5e4168523ce7d957195fa106bbfa9259c978f406	HEAD@{2026-09-24 18:23:32 +0100}	commit: 1 file(s) in src/client/free-roam.ts DELTA:+31/-4 | EXT:ts
151c3ae489c46346701cf424abc430a293e5f005	gitlab/main@{2026-09-24 18:14:08 +0100}	update by push
151c3ae489c46346701cf424abc430a293e5f005	origin/main@{2026-09-24 18:14:06 +0100}	update by push
151c3ae489c46346701cf424abc430a293e5f005	main@{2026-09-24 18:14:01 +0100}	commit: 2 file(s) in src/sim [src/sim/commands.ts, src/sim/vehicle.ts] DELTA:+42/-5 | EXT:ts
151c3ae489c46346701cf424abc430a293e5f005	HEAD@{2026-09-24 18:14:01 +0100}	commit: 2 file(s) in src/sim [src/sim/commands.ts, src/sim/vehicle.ts] DELTA:+42/-5 | EXT:ts
c48c5c588136ef1282f922cac9cc62627ea7c2b8	gitlab/main@{2026-09-24 18:10:08 +0100}	update by push
c48c5c588136ef1282f922cac9cc62627ea7c2b8	origin/main@{2026-09-24 18:08:50 +0100}	update by push
c48c5c588136ef1282f922cac9cc62627ea7c2b8	main@{2026-09-24 18:08:47 +0100}	commit: 1 file(s) in src/sim/sim.ts DELTA:+1/-1 | EXT:ts
c48c5c588136ef1282f922cac9cc62627ea7c2b8	HEAD@{2026-09-24 18:08:47 +0100}	commit: 1 file(s) in src/sim/sim.ts DELTA:+1/-1 | EXT:ts
b962eadef9cd1e89ddaa50078af877601565700a	gitlab/main@{2026-09-24 18:02:12 +0100}	update by push
b962eadef9cd1e89ddaa50078af877601565700a	origin/main@{2026-09-24 18:02:10 +0100}	update by push
b962eadef9cd1e89ddaa50078af877601565700a	main@{2026-09-24 18:02:06 +0100}	commit: 1 file(s) in src/sim/vehicle.ts DELTA:+19/-4 | EXT:ts
b962eadef9cd1e89ddaa50078af877601565700a	HEAD@{2026-09-24 18:02:06 +0100}	commit: 1 file(s) in src/sim/vehicle.ts DELTA:+19/-4 | EXT:ts
77bd44434ca670654d903ff3878759f25a91b221	gitlab/main@{2026-09-24 16:48:24 +0100}	update by push
77bd44434ca670654d903ff3878759f25a91b221	origin/main@{2026-09-24 16:48:22 +0100}	update by push
77bd44434ca670654d903ff3878759f25a91b221	main@{2026-09-24 16:47:53 +0100}	commit: test: stabilize P05 seated bank browser refusal
77bd44434ca670654d903ff3878759f25a91b221	HEAD@{2026-09-24 16:47:53 +0100}	commit: test: stabilize P05 seated bank browser refusal
e6debf9c447ae7e568c275ba1851baf7747ab8cc	gitlab/main@{2026-09-24 16:37:55 +0100}	update by push
e6debf9c447ae7e568c275ba1851baf7747ab8cc	origin/main@{2026-09-24 16:37:53 +0100}	update by push
e6debf9c447ae7e568c275ba1851baf7747ab8cc	main@{2026-09-24 16:37:25 +0100}	commit: 1 file(s) in tests/browser/q6-smoke.ts DELTA:+4/-2 | EXT:ts
e6debf9c447ae7e568c275ba1851baf7747ab8cc	HEAD@{2026-09-24 16:37:25 +0100}	commit: 1 file(s) in tests/browser/q6-smoke.ts DELTA:+4/-2 | EXT:ts
8afbb0d733c8be748a7c2cfe8643434b79640ecf	gitlab/main@{2026-09-24 16:33:30 +0100}	update by push
8afbb0d733c8be748a7c2cfe8643434b79640ecf	origin/main@{2026-09-24 16:33:28 +0100}	update by push
8afbb0d733c8be748a7c2cfe8643434b79640ecf	main@{2026-09-24 16:33:16 +0100}	commit: 1 file(s) in tests/browser/q6-smoke.ts DELTA:+2/-2 | EXT:ts
8afbb0d733c8be748a7c2cfe8643434b79640ecf	HEAD@{2026-09-24 16:33:16 +0100}	commit: 1 file(s) in tests/browser/q6-smoke.ts DELTA:+2/-2 | EXT:ts
58cd3f1331adab34b2b8051f19b9c5bcd21d5c5c	gitlab/main@{2026-09-24 16:32:22 +0100}	update by push
58cd3f1331adab34b2b8051f19b9c5bcd21d5c5c	origin/main@{2026-09-24 16:32:20 +0100}	update by push
58cd3f1331adab34b2b8051f19b9c5bcd21d5c5c	main@{2026-09-24 16:32:07 +0100}	commit: 1 file(s) in tests/browser/q6-smoke.ts DELTA:+2/-0 | EXT:ts
58cd3f1331adab34b2b8051f19b9c5bcd21d5c5c	HEAD@{2026-09-24 16:32:07 +0100}	commit: 1 file(s) in tests/browser/q6-smoke.ts DELTA:+2/-0 | EXT:ts
d55d8c8a0ce500f51d92563bc4b61cc47673a1bb	gitlab/main@{2026-09-24 16:27:32 +0100}	update by push
d55d8c8a0ce500f51d92563bc4b61cc47673a1bb	origin/main@{2026-09-24 16:27:29 +0100}	update by push
d55d8c8a0ce500f51d92563bc4b61cc47673a1bb	main@{2026-09-24 16:27:26 +0100}	commit: 1 file(s) in tests/browser/q6-smoke.ts DELTA:+64/-0 | EXT:ts
d55d8c8a0ce500f51d92563bc4b61cc47673a1bb	HEAD@{2026-09-24 16:27:26 +0100}	commit: 1 file(s) in tests/browser/q6-smoke.ts DELTA:+64/-0 | EXT:ts
f7711b559c914601a5e8aa8d824accc6f4c859b9	gitlab/main@{2026-09-24 16:24:48 +0100}	update by push
f7711b559c914601a5e8aa8d824accc6f4c859b9	origin/main@{2026-09-24 16:24:44 +0100}	update by push
f7711b559c914601a5e8aa8d824accc6f4c859b9	main@{2026-09-24 16:24:40 +0100}	commit: 1 file(s) in src/client/economy.ts DELTA:+12/-5 | EXT:ts
f7711b559c914601a5e8aa8d824accc6f4c859b9	HEAD@{2026-09-24 16:24:40 +0100}	commit: 1 file(s) in src/client/economy.ts DELTA:+12/-5 | EXT:ts
8173978163b109d21b2dcff24efb340b9805ef8f	gitlab/main@{2026-09-24 16:15:14 +0100}	update by push
8173978163b109d21b2dcff24efb340b9805ef8f	origin/main@{2026-09-24 16:15:11 +0100}	update by push
8173978163b109d21b2dcff24efb340b9805ef8f	main@{2026-09-24 16:15:05 +0100}	commit: 1 file(s) in tests/unit/free-roam.test.ts DELTA:+0/-1 | EXT:ts TEST:1 TESTONLY:unit/free-roam.test.ts
8173978163b109d21b2dcff24efb340b9805ef8f	HEAD@{2026-09-24 16:15:05 +0100}	commit: 1 file(s) in tests/unit/free-roam.test.ts DELTA:+0/-1 | EXT:ts TEST:1 TESTONLY:unit/free-roam.test.ts
940f51477c68171786e52b0c3033a638d8cf56da	gitlab/main@{2026-09-24 16:14:35 +0100}	update by push
940f51477c68171786e52b0c3033a638d8cf56da	origin/main@{2026-09-24 16:14:33 +0100}	update by push
940f51477c68171786e52b0c3033a638d8cf56da	main@{2026-09-24 16:14:29 +0100}	commit: 1 file(s) in tests/unit/free-roam.test.ts DELTA:+89/-4 | EXT:ts TEST:93 TESTONLY:unit/free-roam.test.ts
940f51477c68171786e52b0c3033a638d8cf56da	HEAD@{2026-09-24 16:14:29 +0100}	commit: 1 file(s) in tests/unit/free-roam.test.ts DELTA:+89/-4 | EXT:ts TEST:93 TESTONLY:unit/free-roam.test.ts
5c9e073bfa9e213618abede046971912b7e38893	gitlab/main@{2026-09-24 16:13:47 +0100}	update by push
5c9e073bfa9e213618abede046971912b7e38893	origin/main@{2026-09-24 16:13:45 +0100}	update by push
5c9e073bfa9e213618abede046971912b7e38893	main@{2026-09-24 16:13:42 +0100}	commit: 1 file(s) in src/routes/play/+page.svelte DELTA:+14/-3 | EXT:svelte
5c9e073bfa9e213618abede046971912b7e38893	HEAD@{2026-09-24 16:13:42 +0100}	commit: 1 file(s) in src/routes/play/+page.svelte DELTA:+14/-3 | EXT:svelte
3026aa8cb3fa0a309ef253a78090c2f7c5fb9454	gitlab/main@{2026-09-24 16:11:37 +0100}	update by push
3026aa8cb3fa0a309ef253a78090c2f7c5fb9454	origin/main@{2026-09-24 16:11:35 +0100}	update by push
3026aa8cb3fa0a309ef253a78090c2f7c5fb9454	main@{2026-09-24 16:11:30 +0100}	commit: 1 file(s) in tests/unit/free-roam.test.ts DELTA:+1/-1 | EXT:ts TEST:2 TESTONLY:unit/free-roam.test.ts
3026aa8cb3fa0a309ef253a78090c2f7c5fb9454	HEAD@{2026-09-24 16:11:30 +0100}	commit: 1 file(s) in tests/unit/free-roam.test.ts DELTA:+1/-1 | EXT:ts TEST:2 TESTONLY:unit/free-roam.test.ts
7b238eb0563a442329e7c52acc5b7ce2c7e5b43c	gitlab/main@{2026-09-24 16:07:52 +0100}	update by push
7b238eb0563a442329e7c52acc5b7ce2c7e5b43c	origin/main@{2026-09-24 16:07:50 +0100}	update by push
7b238eb0563a442329e7c52acc5b7ce2c7e5b43c	main@{2026-09-24 16:07:46 +0100}	commit: 1 file(s) in tests/unit/free-roam.test.ts DELTA:+6/-4 | EXT:ts TEST:10 TESTONLY:unit/free-roam.test.ts
7b238eb0563a442329e7c52acc5b7ce2c7e5b43c	HEAD@{2026-09-24 16:07:46 +0100}	commit: 1 file(s) in tests/unit/free-roam.test.ts DELTA:+6/-4 | EXT:ts TEST:10 TESTONLY:unit/free-roam.test.ts
09b5519efc6ae0bda44fe067c38fc5e638edb6e3	gitlab/main@{2026-09-24 16:06:29 +0100}	update by push
09b5519efc6ae0bda44fe067c38fc5e638edb6e3	origin/main@{2026-09-24 16:06:26 +0100}	update by push
09b5519efc6ae0bda44fe067c38fc5e638edb6e3	main@{2026-09-24 16:06:23 +0100}	commit: 1 file(s) in src/client/economy.ts DELTA:+14/-10 | EXT:ts
09b5519efc6ae0bda44fe067c38fc5e638edb6e3	HEAD@{2026-09-24 16:06:23 +0100}	commit: 1 file(s) in src/client/economy.ts DELTA:+14/-10 | EXT:ts
dbfb9a53ccfe4867a24be78269f73d36beff0490	gitlab/main@{2026-09-24 16:06:17 +0100}	update by push
dbfb9a53ccfe4867a24be78269f73d36beff0490	origin/main@{2026-09-24 16:06:15 +0100}	update by push
dbfb9a53ccfe4867a24be78269f73d36beff0490	main@{2026-09-24 16:06:11 +0100}	commit: 1 file(s) in src/client/economy.ts DELTA:+8/-2 | EXT:ts
dbfb9a53ccfe4867a24be78269f73d36beff0490	HEAD@{2026-09-24 16:06:11 +0100}	commit: 1 file(s) in src/client/economy.ts DELTA:+8/-2 | EXT:ts
d87f889c14bb18d32d7f0e83d39146ddb40a2892	gitlab/main@{2026-09-24 15:16:14 +0100}	update by push
d87f889c14bb18d32d7f0e83d39146ddb40a2892	origin/main@{2026-09-24 15:16:11 +0100}	update by push
d87f889c14bb18d32d7f0e83d39146ddb40a2892	main@{2026-09-24 15:16:08 +0100}	commit: 1 file(s) in tests/unit/free-roam.test.ts DELTA:+21/-3 | EXT:ts TEST:24 TESTONLY:unit/free-roam.test.ts
d87f889c14bb18d32d7f0e83d39146ddb40a2892	HEAD@{2026-09-24 15:16:08 +0100}	commit: 1 file(s) in tests/unit/free-roam.test.ts DELTA:+21/-3 | EXT:ts TEST:24 TESTONLY:unit/free-roam.test.ts
640ae1f686091a6ab520e8a795a9361a582bc3d4	gitlab/main@{2026-09-24 15:14:59 +0100}	update by push
640ae1f686091a6ab520e8a795a9361a582bc3d4	origin/main@{2026-09-24 15:14:57 +0100}	update by push
640ae1f686091a6ab520e8a795a9361a582bc3d4	main@{2026-09-24 15:14:53 +0100}	commit: 1 file(s) in src/routes/play/+page.svelte DELTA:+11/-11 | EXT:svelte
640ae1f686091a6ab520e8a795a9361a582bc3d4	HEAD@{2026-09-24 15:14:53 +0100}	commit: 1 file(s) in src/routes/play/+page.svelte DELTA:+11/-11 | EXT:svelte
e94f6c5ac6c8b4b451db2531ff4c0816331a3e7e	gitlab/main@{2026-09-24 15:14:23 +0100}	update by push
e94f6c5ac6c8b4b451db2531ff4c0816331a3e7e	origin/main@{2026-09-24 15:14:20 +0100}	update by push
e94f6c5ac6c8b4b451db2531ff4c0816331a3e7e	main@{2026-09-24 15:14:15 +0100}	commit: 1 file(s) in src/routes/play/+page.svelte DELTA:+36/-1 | EXT:svelte
e94f6c5ac6c8b4b451db2531ff4c0816331a3e7e	HEAD@{2026-09-24 15:14:15 +0100}	commit: 1 file(s) in src/routes/play/+page.svelte DELTA:+36/-1 | EXT:svelte
c455fff765abc17443db4523b0751ef7efe08544	gitlab/main@{2026-09-24 15:12:59 +0100}	update by push
c455fff765abc17443db4523b0751ef7efe08544	origin/main@{2026-09-24 15:12:57 +0100}	update by push
c455fff765abc17443db4523b0751ef7efe08544	main@{2026-09-24 15:12:52 +0100}	commit: 1 file(s) in src/routes/play/+page.svelte DELTA:+23/-1 | EXT:svelte
c455fff765abc17443db4523b0751ef7efe08544	HEAD@{2026-09-24 15:12:52 +0100}	commit: 1 file(s) in src/routes/play/+page.svelte DELTA:+23/-1 | EXT:svelte
418e27f8e95b9080e054a205074f4c02c8a21d18	gitlab/main@{2026-09-24 15:11:46 +0100}	update by push
418e27f8e95b9080e054a205074f4c02c8a21d18	origin/main@{2026-09-24 15:11:43 +0100}	update by push
418e27f8e95b9080e054a205074f4c02c8a21d18	main@{2026-09-24 15:11:39 +0100}	commit: 2 file(s) in src [src/routes/play/+page.svelte, src/client/play-renderer.ts] DELTA:+51/-4 | EXT:svelte,ts
418e27f8e95b9080e054a205074f4c02c8a21d18	HEAD@{2026-09-24 15:11:39 +0100}	commit: 2 file(s) in src [src/routes/play/+page.svelte, src/client/play-renderer.ts] DELTA:+51/-4 | EXT:svelte,ts
5adc67aa5a9dbf0abb5531f76fd8e2fa812edf35	gitlab/main@{2026-09-24 15:10:31 +0100}	update by push
5adc67aa5a9dbf0abb5531f76fd8e2fa812edf35	origin/main@{2026-09-24 15:10:29 +0100}	update by push
5adc67aa5a9dbf0abb5531f76fd8e2fa812edf35	main@{2026-09-24 15:10:23 +0100}	commit: 1 file(s) in src/client/economy.ts DELTA:+1/-1 | EXT:ts
5adc67aa5a9dbf0abb5531f76fd8e2fa812edf35	HEAD@{2026-09-24 15:10:23 +0100}	commit: 1 file(s) in src/client/economy.ts DELTA:+1/-1 | EXT:ts
9792ab9441c368227c771934aa3b423782fc7b9b	gitlab/main@{2026-09-24 15:08:53 +0100}	update by push
9792ab9441c368227c771934aa3b423782fc7b9b	origin/main@{2026-09-24 15:08:51 +0100}	update by push
9792ab9441c368227c771934aa3b423782fc7b9b	main@{2026-09-24 15:08:48 +0100}	commit: 1 file(s) in src/client/economy.ts DELTA:+44/-11 | EXT:ts
9792ab9441c368227c771934aa3b423782fc7b9b	HEAD@{2026-09-24 15:08:48 +0100}	commit: 1 file(s) in src/client/economy.ts DELTA:+44/-11 | EXT:ts
a6bcc8196de1346d0f405a88870fa123967df098	gitlab/main@{2026-09-24 14:52:59 +0100}	update by push
a6bcc8196de1346d0f405a88870fa123967df098	origin/main@{2026-09-24 14:52:57 +0100}	update by push
a6bcc8196de1346d0f405a88870fa123967df098	main@{2026-09-24 14:52:53 +0100}	commit: 1 file(s) in tests/unit/vehicle-tuning.test.ts DELTA:+25/-7 | EXT:ts TEST:32 TESTONLY:unit/vehicle-tuning.test.ts
a6bcc8196de1346d0f405a88870fa123967df098	HEAD@{2026-09-24 14:52:53 +0100}	commit: 1 file(s) in tests/unit/vehicle-tuning.test.ts DELTA:+25/-7 | EXT:ts TEST:32 TESTONLY:unit/vehicle-tuning.test.ts
f772ddc20400d9bf7cd1bd53e4b51c3517a2e05b	gitlab/main@{2026-09-24 14:48:21 +0100}	update by push
f772ddc20400d9bf7cd1bd53e4b51c3517a2e05b	origin/main@{2026-09-24 14:48:18 +0100}	update by push
f772ddc20400d9bf7cd1bd53e4b51c3517a2e05b	main@{2026-09-24 14:48:11 +0100}	commit: fix: keep default vehicle cap constant
f772ddc20400d9bf7cd1bd53e4b51c3517a2e05b	HEAD@{2026-09-24 14:48:11 +0100}	commit: fix: keep default vehicle cap constant
0a600acc8831b6d82a7371320480e29efa3d798b	gitlab/main@{2026-09-24 14:46:13 +0100}	update by push
0a600acc8831b6d82a7371320480e29efa3d798b	origin/main@{2026-09-24 14:46:10 +0100}	update by push
0a600acc8831b6d82a7371320480e29efa3d798b	main@{2026-09-24 14:46:03 +0100}	commit: 14 file(s) in src,tests [tests/unit/vehicle-tuning.test.ts, src/routes/play/+page.svelte, tests/unit/free-roam.test.ts] DELTA:+500/-72 | EXT:ts,svelte TEST:215 NEW:unit/vehicle-tuning.test.ts
0a600acc8831b6d82a7371320480e29efa3d798b	HEAD@{2026-09-24 14:46:03 +0100}	commit: 14 file(s) in src,tests [tests/unit/vehicle-tuning.test.ts, src/routes/play/+page.svelte, tests/unit/free-roam.test.ts] DELTA:+500/-72 | EXT:ts,svelte TEST:215 NEW:unit/vehicle-tuning.test.ts
0474119b7dc79f2d83f52ffbfcfa76dc222bbff2	gitlab/main@{2026-09-24 13:29:41 +0100}	update by push
0474119b7dc79f2d83f52ffbfcfa76dc222bbff2	origin/main@{2026-09-24 13:29:39 +0100}	update by push
0474119b7dc79f2d83f52ffbfcfa76dc222bbff2	main@{2026-09-24 13:29:35 +0100}	commit: 2 file(s) in src,tests [src/routes/play/+page.svelte, tests/browser/q6-smoke.ts] DELTA:+12/-5 | EXT:svelte,ts
0474119b7dc79f2d83f52ffbfcfa76dc222bbff2	HEAD@{2026-09-24 13:29:35 +0100}	commit: 2 file(s) in src,tests [src/routes/play/+page.svelte, tests/browser/q6-smoke.ts] DELTA:+12/-5 | EXT:svelte,ts
6b3e1a04bbb03ec6967166ca8b859e99dd9affce	gitlab/main@{2026-09-24 13:18:42 +0100}	update by push
6b3e1a04bbb03ec6967166ca8b859e99dd9affce	origin/main@{2026-09-24 13:17:09 +0100}	update by push
6b3e1a04bbb03ec6967166ca8b859e99dd9affce	main@{2026-09-24 13:17:03 +0100}	commit: 1 file(s) in tests/browser/q6-smoke.ts DELTA:+33/-25 | EXT:ts
6b3e1a04bbb03ec6967166ca8b859e99dd9affce	HEAD@{2026-09-24 13:17:03 +0100}	commit: 1 file(s) in tests/browser/q6-smoke.ts DELTA:+33/-25 | EXT:ts
02845f0e718c49751ae8b1a5801e699c56247c80	origin/main@{2026-09-24 13:03:51 +0100}	update by push
02845f0e718c49751ae8b1a5801e699c56247c80	main@{2026-09-24 13:03:49 +0100}	commit: test: verify P03 modal isolation
02845f0e718c49751ae8b1a5801e699c56247c80	HEAD@{2026-09-24 13:03:49 +0100}	commit: test: verify P03 modal isolation
bd490c160c63dd4ba4b64502bd32131a6d5bf7fb	origin/main@{2026-09-24 13:00:58 +0100}	update by push
bd490c160c63dd4ba4b64502bd32131a6d5bf7fb	main@{2026-09-24 13:00:56 +0100}	commit: fix: contain P03 modal focus
bd490c160c63dd4ba4b64502bd32131a6d5bf7fb	HEAD@{2026-09-24 13:00:56 +0100}	commit: fix: contain P03 modal focus
84343c436e9a5b3cd380d7f40afd986401cfaa43	origin/main@{2026-09-24 12:56:25 +0100}	update by push
84343c436e9a5b3cd380d7f40afd986401cfaa43	main@{2026-09-24 12:56:23 +0100}	commit: fix: isolate P03 modal state
84343c436e9a5b3cd380d7f40afd986401cfaa43	HEAD@{2026-09-24 12:56:23 +0100}	commit: fix: isolate P03 modal state
7ae783c6f12dc7e785eb1a663f6a23781cc231f2	origin/main@{2026-09-24 12:48:46 +0100}	update by push
7ae783c6f12dc7e785eb1a663f6a23781cc231f2	main@{2026-09-24 12:48:43 +0100}	commit: fix: preserve P03 focus and payment evidence
7ae783c6f12dc7e785eb1a663f6a23781cc231f2	HEAD@{2026-09-24 12:48:43 +0100}	commit: fix: preserve P03 focus and payment evidence
05f502fdd57b03bac86ae13c5d6915802062d0c6	gitlab/main@{2026-09-24 12:37:01 +0100}	update by push
05f502fdd57b03bac86ae13c5d6915802062d0c6	origin/main@{2026-09-24 12:36:59 +0100}	update by push
05f502fdd57b03bac86ae13c5d6915802062d0c6	main@{2026-09-24 12:36:55 +0100}	commit: 1 file(s) in tests/browser/q6-smoke.ts DELTA:+4/-2 | EXT:ts
05f502fdd57b03bac86ae13c5d6915802062d0c6	HEAD@{2026-09-24 12:36:55 +0100}	commit: 1 file(s) in tests/browser/q6-smoke.ts DELTA:+4/-2 | EXT:ts
e7df0809d10a58281826034e877eb727a4106aca	gitlab/main@{2026-09-24 12:34:40 +0100}	update by push
e7df0809d10a58281826034e877eb727a4106aca	origin/main@{2026-09-24 12:34:38 +0100}	update by push
e7df0809d10a58281826034e877eb727a4106aca	main@{2026-09-24 12:34:35 +0100}	commit: 2 file(s) in src,tests [src/routes/play/+page.svelte, tests/browser/q6-smoke.ts] DELTA:+7/-2 | EXT:svelte,ts
e7df0809d10a58281826034e877eb727a4106aca	HEAD@{2026-09-24 12:34:35 +0100}	commit: 2 file(s) in src,tests [src/routes/play/+page.svelte, tests/browser/q6-smoke.ts] DELTA:+7/-2 | EXT:svelte,ts
5bfe7b801f76f378afd5dbc619e4465c8a12b4eb	gitlab/main@{2026-09-24 12:33:18 +0100}	update by push
5bfe7b801f76f378afd5dbc619e4465c8a12b4eb	origin/main@{2026-09-24 12:33:16 +0100}	update by push
5bfe7b801f76f378afd5dbc619e4465c8a12b4eb	main@{2026-09-24 12:33:12 +0100}	commit: 1 file(s) in tests/browser/q6-smoke.ts DELTA:+1/-0 | EXT:ts
5bfe7b801f76f378afd5dbc619e4465c8a12b4eb	HEAD@{2026-09-24 12:33:12 +0100}	commit: 1 file(s) in tests/browser/q6-smoke.ts DELTA:+1/-0 | EXT:ts
d7a900eb6ad699bdca3eb73cdfa9c06bfe10c52a	gitlab/main@{2026-09-24 12:30:29 +0100}	update by push
d7a900eb6ad699bdca3eb73cdfa9c06bfe10c52a	origin/main@{2026-09-24 12:30:27 +0100}	update by push
d7a900eb6ad699bdca3eb73cdfa9c06bfe10c52a	main@{2026-09-24 12:30:24 +0100}	commit: 1 file(s) in tests/browser/q6-smoke.ts DELTA:+18/-2 | EXT:ts
d7a900eb6ad699bdca3eb73cdfa9c06bfe10c52a	HEAD@{2026-09-24 12:30:24 +0100}	commit: 1 file(s) in tests/browser/q6-smoke.ts DELTA:+18/-2 | EXT:ts
67ef7b1e2a0670a417413cf58dd0e43bf51b26b1	gitlab/main@{2026-09-24 12:27:33 +0100}	update by push
67ef7b1e2a0670a417413cf58dd0e43bf51b26b1	origin/main@{2026-09-24 12:27:31 +0100}	update by push
67ef7b1e2a0670a417413cf58dd0e43bf51b26b1	main@{2026-09-24 12:27:27 +0100}	commit: 1 file(s) in tests/browser/q6-smoke.ts DELTA:+5/-1 | EXT:ts
67ef7b1e2a0670a417413cf58dd0e43bf51b26b1	HEAD@{2026-09-24 12:27:27 +0100}	commit: 1 file(s) in tests/browser/q6-smoke.ts DELTA:+5/-1 | EXT:ts
0f0aa73b39c91f2ecfce196ed939f5c59544f0b2	gitlab/main@{2026-09-24 12:21:45 +0100}	update by push
0f0aa73b39c91f2ecfce196ed939f5c59544f0b2	origin/main@{2026-09-24 12:21:42 +0100}	update by push
0f0aa73b39c91f2ecfce196ed939f5c59544f0b2	main@{2026-09-24 12:21:39 +0100}	commit: 1 file(s) in src/routes/play/+page.svelte DELTA:+5/-1 | EXT:svelte
0f0aa73b39c91f2ecfce196ed939f5c59544f0b2	HEAD@{2026-09-24 12:21:39 +0100}	commit: 1 file(s) in src/routes/play/+page.svelte DELTA:+5/-1 | EXT:svelte
35606f5fe3992a878b5d39b58c243305c918236a	gitlab/main@{2026-09-24 12:19:14 +0100}	update by push
35606f5fe3992a878b5d39b58c243305c918236a	origin/main@{2026-09-24 12:19:12 +0100}	update by push
35606f5fe3992a878b5d39b58c243305c918236a	main@{2026-09-24 12:19:09 +0100}	commit: 1 file(s) in tests/browser/q6-smoke.ts DELTA:+6/-0 | EXT:ts
35606f5fe3992a878b5d39b58c243305c918236a	HEAD@{2026-09-24 12:19:09 +0100}	commit: 1 file(s) in tests/browser/q6-smoke.ts DELTA:+6/-0 | EXT:ts
e5ea7ff72875f5302b7cf9a2131deb93b4b9b8c9	gitlab/main@{2026-09-24 12:18:53 +0100}	update by push
e5ea7ff72875f5302b7cf9a2131deb93b4b9b8c9	origin/main@{2026-09-24 12:18:50 +0100}	update by push
e5ea7ff72875f5302b7cf9a2131deb93b4b9b8c9	main@{2026-09-24 12:18:46 +0100}	commit: 2 file(s) in src/routes [src/routes/play/+page.svelte, src/routes/+page.svelte] DELTA:+6/-6 | EXT:svelte
e5ea7ff72875f5302b7cf9a2131deb93b4b9b8c9	HEAD@{2026-09-24 12:18:46 +0100}	commit: 2 file(s) in src/routes [src/routes/play/+page.svelte, src/routes/+page.svelte] DELTA:+6/-6 | EXT:svelte
253cb525547235f70a40bb46bf757e59d2339eef	gitlab/main@{2026-09-24 12:17:34 +0100}	update by push
253cb525547235f70a40bb46bf757e59d2339eef	origin/main@{2026-09-24 12:17:31 +0100}	update by push
253cb525547235f70a40bb46bf757e59d2339eef	main@{2026-09-24 12:17:28 +0100}	commit: 1 file(s) in tests/browser/q6-smoke.ts DELTA:+2/-2 | EXT:ts
253cb525547235f70a40bb46bf757e59d2339eef	HEAD@{2026-09-24 12:17:28 +0100}	commit: 1 file(s) in tests/browser/q6-smoke.ts DELTA:+2/-2 | EXT:ts
ce31976bbf504135e1a07619bfd8adbfddbe987d	gitlab/main@{2026-09-24 12:16:12 +0100}	update by push
ce31976bbf504135e1a07619bfd8adbfddbe987d	origin/main@{2026-09-24 12:15:55 +0100}	update by push
ce31976bbf504135e1a07619bfd8adbfddbe987d	main@{2026-09-24 12:15:51 +0100}	commit: 1 file(s) in src/routes/play/+page.svelte DELTA:+16/-2 | EXT:svelte
ce31976bbf504135e1a07619bfd8adbfddbe987d	HEAD@{2026-09-24 12:15:51 +0100}	commit: 1 file(s) in src/routes/play/+page.svelte DELTA:+16/-2 | EXT:svelte
723d9bf3bbc7276cc5a719c59990f4bd7b39bd76	gitlab/main@{2026-09-24 12:14:17 +0100}	update by push
723d9bf3bbc7276cc5a719c59990f4bd7b39bd76	origin/main@{2026-09-24 12:14:15 +0100}	update by push
723d9bf3bbc7276cc5a719c59990f4bd7b39bd76	main@{2026-09-24 12:14:11 +0100}	commit: 1 file(s) in src/routes/play/+page.svelte DELTA:+25/-7 | EXT:svelte
723d9bf3bbc7276cc5a719c59990f4bd7b39bd76	HEAD@{2026-09-24 12:14:11 +0100}	commit: 1 file(s) in src/routes/play/+page.svelte DELTA:+25/-7 | EXT:svelte
07ce2beed84726d8bfd6846519d6366c99c704c7	gitlab/main@{2026-09-24 12:05:32 +0100}	update by push
07ce2beed84726d8bfd6846519d6366c99c704c7	origin/main@{2026-09-24 12:05:29 +0100}	update by push
07ce2beed84726d8bfd6846519d6366c99c704c7	main@{2026-09-24 12:05:26 +0100}	commit: 1 file(s) in tests/browser/q6-smoke.ts DELTA:+10/-2 | EXT:ts
07ce2beed84726d8bfd6846519d6366c99c704c7	HEAD@{2026-09-24 12:05:26 +0100}	commit: 1 file(s) in tests/browser/q6-smoke.ts DELTA:+10/-2 | EXT:ts
5072c69e8eb51504537a35e7f51d4c6c76e83214	gitlab/main@{2026-09-24 12:04:21 +0100}	update by push
5072c69e8eb51504537a35e7f51d4c6c76e83214	origin/main@{2026-09-24 12:04:19 +0100}	update by push
5072c69e8eb51504537a35e7f51d4c6c76e83214	main@{2026-09-24 12:04:16 +0100}	commit: 1 file(s) in tests/browser/q6-smoke.ts DELTA:+1/-0 | EXT:ts
5072c69e8eb51504537a35e7f51d4c6c76e83214	HEAD@{2026-09-24 12:04:16 +0100}	commit: 1 file(s) in tests/browser/q6-smoke.ts DELTA:+1/-0 | EXT:ts
ff896f169d5e030f2285ea41a7955affc20f7646	gitlab/main@{2026-09-24 12:03:59 +0100}	update by push
ff896f169d5e030f2285ea41a7955affc20f7646	origin/main@{2026-09-24 12:03:57 +0100}	update by push
ff896f169d5e030f2285ea41a7955affc20f7646	main@{2026-09-24 12:03:53 +0100}	commit: 1 file(s) in tests/browser/q6-smoke.ts DELTA:+2/-2 | EXT:ts
ff896f169d5e030f2285ea41a7955affc20f7646	HEAD@{2026-09-24 12:03:53 +0100}	commit: 1 file(s) in tests/browser/q6-smoke.ts DELTA:+2/-2 | EXT:ts
165d4820718ec95bc61c7697428c893a35726958	gitlab/main@{2026-09-24 12:02:32 +0100}	update by push
165d4820718ec95bc61c7697428c893a35726958	origin/main@{2026-09-24 12:02:30 +0100}	update by push
165d4820718ec95bc61c7697428c893a35726958	main@{2026-09-24 12:02:24 +0100}	commit: 3 file(s) in src,tests [src/routes/play/+page.svelte, tests/browser/q6-smoke.ts, src/app.html] DELTA:+35/-15 | EXT:html,svelte,ts
165d4820718ec95bc61c7697428c893a35726958	HEAD@{2026-09-24 12:02:24 +0100}	commit: 3 file(s) in src,tests [src/routes/play/+page.svelte, tests/browser/q6-smoke.ts, src/app.html] DELTA:+35/-15 | EXT:html,svelte,ts
93e3a04b71ce09d12a8d43eea029c3df8a38660b	origin/main@{2026-09-24 11:49:19 +0100}	update by push
93e3a04b71ce09d12a8d43eea029c3df8a38660b	main@{2026-09-24 11:49:18 +0100}	commit: docs: expand P03 browser evidence
93e3a04b71ce09d12a8d43eea029c3df8a38660b	HEAD@{2026-09-24 11:49:18 +0100}	commit: docs: expand P03 browser evidence
76c74973a6f106cffb071302628353570eeddb85	origin/main@{2026-09-24 11:49:08 +0100}	update by push
76c74973a6f106cffb071302628353570eeddb85	main@{2026-09-24 11:49:06 +0100}	commit: test: cover P03 input and payment flows
76c74973a6f106cffb071302628353570eeddb85	HEAD@{2026-09-24 11:49:06 +0100}	commit: test: cover P03 input and payment flows
96d171a465592507da3de1042873f8523e778c1e	origin/main@{2026-09-24 11:39:25 +0100}	update by push
96d171a465592507da3de1042873f8523e778c1e	main@{2026-09-24 11:39:22 +0100}	commit: docs: record P03 implementation evidence
96d171a465592507da3de1042873f8523e778c1e	HEAD@{2026-09-24 11:39:22 +0100}	commit: docs: record P03 implementation evidence
6c6dd3a4dc3ddb1777fce8ff275352278485405a	origin/main@{2026-09-24 11:39:12 +0100}	update by push
6c6dd3a4dc3ddb1777fce8ff275352278485405a	main@{2026-09-24 11:39:10 +0100}	commit: test: cover P03 overlay and prompt contracts
6c6dd3a4dc3ddb1777fce8ff275352278485405a	HEAD@{2026-09-24 11:39:10 +0100}	commit: test: cover P03 overlay and prompt contracts
0f0a0c4813122cdaf8b3259f8d1020b43be24a89	origin/main@{2026-09-24 11:32:33 +0100}	update by push
0f0a0c4813122cdaf8b3259f8d1020b43be24a89	main@{2026-09-24 11:32:31 +0100}	commit: test: correct minimap smoke scale assertion
0f0a0c4813122cdaf8b3259f8d1020b43be24a89	HEAD@{2026-09-24 11:32:31 +0100}	commit: test: correct minimap smoke scale assertion
4bd517be8b843ba6faa6d1a1e3659056d3c9a4ea	gitlab/main@{2026-09-24 11:29:32 +0100}	update by push
4bd517be8b843ba6faa6d1a1e3659056d3c9a4ea	origin/main@{2026-09-24 11:29:30 +0100}	update by push
4bd517be8b843ba6faa6d1a1e3659056d3c9a4ea	main@{2026-09-24 11:29:26 +0100}	commit: 1 file(s) in tests/browser/q6-smoke.ts DELTA:+3/-1 | EXT:ts
4bd517be8b843ba6faa6d1a1e3659056d3c9a4ea	HEAD@{2026-09-24 11:29:26 +0100}	commit: 1 file(s) in tests/browser/q6-smoke.ts DELTA:+3/-1 | EXT:ts
128266c8e1629e63ac5021460549d5e2a4d115fc	gitlab/main@{2026-09-24 11:27:20 +0100}	update by push
128266c8e1629e63ac5021460549d5e2a4d115fc	origin/main@{2026-09-24 11:27:18 +0100}	update by push
128266c8e1629e63ac5021460549d5e2a4d115fc	main@{2026-09-24 11:27:14 +0100}	commit: 1 file(s) in src/routes/play/+page.svelte DELTA:+2/-1 | EXT:svelte
128266c8e1629e63ac5021460549d5e2a4d115fc	HEAD@{2026-09-24 11:27:14 +0100}	commit: 1 file(s) in src/routes/play/+page.svelte DELTA:+2/-1 | EXT:svelte
494fbcc73205ce2c22a1dae4525bc3f6878a50a8	gitlab/main@{2026-09-24 11:26:42 +0100}	update by push
494fbcc73205ce2c22a1dae4525bc3f6878a50a8	origin/main@{2026-09-24 11:26:40 +0100}	update by push
494fbcc73205ce2c22a1dae4525bc3f6878a50a8	main@{2026-09-24 11:26:36 +0100}	commit: 1 file(s) in tests/browser/q6-smoke.ts DELTA:+3/-0 | EXT:ts
494fbcc73205ce2c22a1dae4525bc3f6878a50a8	HEAD@{2026-09-24 11:26:36 +0100}	commit: 1 file(s) in tests/browser/q6-smoke.ts DELTA:+3/-0 | EXT:ts
f709c3e626c01f6431bf2a2e280577bf95c62806	gitlab/main@{2026-09-24 11:26:25 +0100}	update by push
f709c3e626c01f6431bf2a2e280577bf95c62806	origin/main@{2026-09-24 11:26:23 +0100}	update by push
f709c3e626c01f6431bf2a2e280577bf95c62806	main@{2026-09-24 11:26:15 +0100}	commit: 2 file(s) in src,tests [src/routes/play/+page.svelte, tests/browser/q6-smoke.ts] DELTA:+9/-1 | EXT:svelte,ts
f709c3e626c01f6431bf2a2e280577bf95c62806	HEAD@{2026-09-24 11:26:15 +0100}	commit: 2 file(s) in src,tests [src/routes/play/+page.svelte, tests/browser/q6-smoke.ts] DELTA:+9/-1 | EXT:svelte,ts
5191c52509cc44a2756834cdba3a5628ec3920f0	gitlab/main@{2026-09-24 11:24:25 +0100}	update by push
5191c52509cc44a2756834cdba3a5628ec3920f0	origin/main@{2026-09-24 11:24:23 +0100}	update by push
5191c52509cc44a2756834cdba3a5628ec3920f0	main@{2026-09-24 11:24:20 +0100}	commit: 1 file(s) in src/app.html DELTA:+1/-0 | EXT:html
5191c52509cc44a2756834cdba3a5628ec3920f0	HEAD@{2026-09-24 11:24:20 +0100}	commit: 1 file(s) in src/app.html DELTA:+1/-0 | EXT:html
31399950ba064b56a563fa0ad305c74557b6e9fa	gitlab/main@{2026-09-24 11:24:02 +0100}	update by push
31399950ba064b56a563fa0ad305c74557b6e9fa	origin/main@{2026-09-24 11:24:00 +0100}	update by push
31399950ba064b56a563fa0ad305c74557b6e9fa	main@{2026-09-24 11:23:57 +0100}	commit: 1 file(s) in src/app.html DELTA:+55/-13 | EXT:html
31399950ba064b56a563fa0ad305c74557b6e9fa	HEAD@{2026-09-24 11:23:57 +0100}	commit: 1 file(s) in src/app.html DELTA:+55/-13 | EXT:html
0b7e621be66f0af04f2df4d5c5544a9eb52a0855	gitlab/main@{2026-09-24 11:21:21 +0100}	update by push
0b7e621be66f0af04f2df4d5c5544a9eb52a0855	origin/main@{2026-09-24 11:21:19 +0100}	update by push
0b7e621be66f0af04f2df4d5c5544a9eb52a0855	main@{2026-09-24 11:21:15 +0100}	commit: 1 file(s) in src/routes/+page.svelte DELTA:+3/-3 | EXT:svelte
0b7e621be66f0af04f2df4d5c5544a9eb52a0855	HEAD@{2026-09-24 11:21:15 +0100}	commit: 1 file(s) in src/routes/+page.svelte DELTA:+3/-3 | EXT:svelte
16755a03daa0eae80d3798c67442f2babb8dd6de	gitlab/main@{2026-09-24 11:19:11 +0100}	update by push
16755a03daa0eae80d3798c67442f2babb8dd6de	origin/main@{2026-09-24 11:19:08 +0100}	update by push
16755a03daa0eae80d3798c67442f2babb8dd6de	main@{2026-09-24 11:19:04 +0100}	commit: 1 file(s) in src/routes/+page.svelte DELTA:+3/-3 | EXT:svelte
16755a03daa0eae80d3798c67442f2babb8dd6de	HEAD@{2026-09-24 11:19:04 +0100}	commit: 1 file(s) in src/routes/+page.svelte DELTA:+3/-3 | EXT:svelte
35acf0d6fb33834b39f0c59e46eeb7ea643086b6	gitlab/main@{2026-09-24 11:17:09 +0100}	update by push
35acf0d6fb33834b39f0c59e46eeb7ea643086b6	origin/main@{2026-09-24 11:17:07 +0100}	update by push
35acf0d6fb33834b39f0c59e46eeb7ea643086b6	main@{2026-09-24 11:17:04 +0100}	commit: 1 file(s) in src/routes/+page.svelte DELTA:+9/-6 | EXT:svelte
35acf0d6fb33834b39f0c59e46eeb7ea643086b6	HEAD@{2026-09-24 11:17:04 +0100}	commit: 1 file(s) in src/routes/+page.svelte DELTA:+9/-6 | EXT:svelte
b943e6e2782c1289b458d6c277c64c854ddd49fa	gitlab/main@{2026-09-24 11:16:10 +0100}	update by push
b943e6e2782c1289b458d6c277c64c854ddd49fa	origin/main@{2026-09-24 11:16:05 +0100}	update by push
b943e6e2782c1289b458d6c277c64c854ddd49fa	main@{2026-09-24 11:16:02 +0100}	commit: 1 file(s) in src/routes/+page.svelte DELTA:+2/-2 | EXT:svelte
b943e6e2782c1289b458d6c277c64c854ddd49fa	HEAD@{2026-09-24 11:16:02 +0100}	commit: 1 file(s) in src/routes/+page.svelte DELTA:+2/-2 | EXT:svelte
e3fbf8a123b1db23132375926d4a52d59b27d4ee	gitlab/main@{2026-09-24 11:15:18 +0100}	update by push
e3fbf8a123b1db23132375926d4a52d59b27d4ee	origin/main@{2026-09-24 11:15:16 +0100}	update by push
e3fbf8a123b1db23132375926d4a52d59b27d4ee	main@{2026-09-24 11:15:12 +0100}	commit: 8 file(s) in src,tests [src/routes/play/+page.svelte, src/client/free-roam.ts, src/client/minimap.ts] DELTA:+197/-63 | EXT:ts,svelte,html TEST:29 NEW:client/minimap.ts,unit/minimap.test.ts
e3fbf8a123b1db23132375926d4a52d59b27d4ee	HEAD@{2026-09-24 11:15:12 +0100}	commit: 8 file(s) in src,tests [src/routes/play/+page.svelte, src/client/free-roam.ts, src/client/minimap.ts] DELTA:+197/-63 | EXT:ts,svelte,html TEST:29 NEW:client/minimap.ts,unit/minimap.test.ts
a4ac63eeab71654b94defb4b8f79f99201cab344	origin/main@{2026-09-24 10:58:41 +0100}	update by push
a4ac63eeab71654b94defb4b8f79f99201cab344	main@{2026-09-24 10:58:39 +0100}	commit: docs: record final P02 evidence pin
a4ac63eeab71654b94defb4b8f79f99201cab344	HEAD@{2026-09-24 10:58:39 +0100}	commit: docs: record final P02 evidence pin
ecaaa2ab10e657a5b895532198dd8ef6f273bdad	origin/main@{2026-09-24 10:58:24 +0100}	update by push
ecaaa2ab10e657a5b895532198dd8ef6f273bdad	main@{2026-09-24 10:58:22 +0100}	commit: docs: pin P02 final evidence
ecaaa2ab10e657a5b895532198dd8ef6f273bdad	HEAD@{2026-09-24 10:58:22 +0100}	commit: docs: pin P02 final evidence
40d5f09549f5a1b438fd2ff5dda102104ef7da78	origin/main@{2026-09-24 10:56:44 +0100}	update by push
40d5f09549f5a1b438fd2ff5dda102104ef7da78	main@{2026-09-24 10:56:42 +0100}	commit: fix: harden P02 evidence provenance
40d5f09549f5a1b438fd2ff5dda102104ef7da78	HEAD@{2026-09-24 10:56:42 +0100}	commit: fix: harden P02 evidence provenance
1e56dbcabc3987b88facc04d02aa7e543188783c	origin/main@{2026-09-24 10:49:32 +0100}	update by push
1e56dbcabc3987b88facc04d02aa7e543188783c	main@{2026-09-24 10:49:30 +0100}	commit: docs: record P02 GPU evidence
1e56dbcabc3987b88facc04d02aa7e543188783c	HEAD@{2026-09-24 10:49:30 +0100}	commit: docs: record P02 GPU evidence
abe458a9bfcf87d73607b404c601d164b6645314	origin/main@{2026-09-24 10:49:11 +0100}	update by push
abe458a9bfcf87d73607b404c601d164b6645314	main@{2026-09-24 10:49:09 +0100}	commit: test: record real GPU renderer evidence
abe458a9bfcf87d73607b404c601d164b6645314	HEAD@{2026-09-24 10:49:09 +0100}	commit: test: record real GPU renderer evidence
4484fd8485132a26f2c39a61fbd1e5b5d52d8e07	gitlab/main@{2026-09-24 10:42:23 +0100}	update by push
4484fd8485132a26f2c39a61fbd1e5b5d52d8e07	origin/main@{2026-09-24 10:42:21 +0100}	update by push
4484fd8485132a26f2c39a61fbd1e5b5d52d8e07	main@{2026-09-24 10:42:17 +0100}	commit: 1 file(s) in src/client/play-renderer.ts DELTA:+9/-4 | EXT:ts
4484fd8485132a26f2c39a61fbd1e5b5d52d8e07	HEAD@{2026-09-24 10:42:17 +0100}	commit: 1 file(s) in src/client/play-renderer.ts DELTA:+9/-4 | EXT:ts
9ce676a2382741e7f169098353807ae2af3b28a2	gitlab/main@{2026-09-24 10:39:58 +0100}	update by push
9ce676a2382741e7f169098353807ae2af3b28a2	origin/main@{2026-09-24 10:39:56 +0100}	update by push
9ce676a2382741e7f169098353807ae2af3b28a2	main@{2026-09-24 10:39:52 +0100}	commit: 1 file(s) in src/client/play-renderer.ts DELTA:+1/-1 | EXT:ts
9ce676a2382741e7f169098353807ae2af3b28a2	HEAD@{2026-09-24 10:39:52 +0100}	commit: 1 file(s) in src/client/play-renderer.ts DELTA:+1/-1 | EXT:ts
fbc11ab5e77dc68fd83ac0defdecf83e1abb0fc5	gitlab/main@{2026-09-24 10:39:36 +0100}	update by push
fbc11ab5e77dc68fd83ac0defdecf83e1abb0fc5	origin/main@{2026-09-24 10:39:34 +0100}	update by push
fbc11ab5e77dc68fd83ac0defdecf83e1abb0fc5	main@{2026-09-24 10:39:30 +0100}	commit: 1 file(s) in src/client/play-renderer.ts DELTA:+28/-26 | EXT:ts
fbc11ab5e77dc68fd83ac0defdecf83e1abb0fc5	HEAD@{2026-09-24 10:39:30 +0100}	commit: 1 file(s) in src/client/play-renderer.ts DELTA:+28/-26 | EXT:ts
bd175d0c1d8665a3c15783f126ebde3fe1280a43	gitlab/main@{2026-09-24 10:38:42 +0100}	update by push
bd175d0c1d8665a3c15783f126ebde3fe1280a43	origin/main@{2026-09-24 10:38:39 +0100}	update by push
bd175d0c1d8665a3c15783f126ebde3fe1280a43	main@{2026-09-24 10:38:35 +0100}	commit: 1 file(s) in src/client/play-renderer.ts DELTA:+51/-45 | EXT:ts
bd175d0c1d8665a3c15783f126ebde3fe1280a43	HEAD@{2026-09-24 10:38:35 +0100}	commit: 1 file(s) in src/client/play-renderer.ts DELTA:+51/-45 | EXT:ts
399fcbcfc11bf78f9c5ab75790ca3b361d5e7507	origin/main@{2026-09-24 10:35:11 +0100}	update by push
399fcbcfc11bf78f9c5ab75790ca3b361d5e7507	main@{2026-09-24 10:35:09 +0100}	commit: fix: finish renderer night and allocation polish
399fcbcfc11bf78f9c5ab75790ca3b361d5e7507	HEAD@{2026-09-24 10:35:09 +0100}	commit: fix: finish renderer night and allocation polish
a3d32125b44d9d2b03397bb450a3cf5c1d02a7ea	origin/main@{2026-09-24 10:11:55 +0100}	update by push
a3d32125b44d9d2b03397bb450a3cf5c1d02a7ea	main@{2026-09-24 10:11:53 +0100}	commit: fix: retain generated vehicle sprites
a3d32125b44d9d2b03397bb450a3cf5c1d02a7ea	HEAD@{2026-09-24 10:11:53 +0100}	commit: fix: retain generated vehicle sprites
c9568e1f5847ac790956c2d90bb5e6d0332a3458	gitlab/main@{2026-09-24 10:00:13 +0100}	update by push
c9568e1f5847ac790956c2d90bb5e6d0332a3458	origin/main@{2026-09-24 10:00:11 +0100}	update by push
c9568e1f5847ac790956c2d90bb5e6d0332a3458	main@{2026-09-24 10:00:07 +0100}	commit: 1 file(s) in src/routes/play/+page.svelte DELTA:+1/-1 | EXT:svelte
c9568e1f5847ac790956c2d90bb5e6d0332a3458	HEAD@{2026-09-24 10:00:07 +0100}	commit: 1 file(s) in src/routes/play/+page.svelte DELTA:+1/-1 | EXT:svelte
e682383131aa973b42abaefbb64c8ef2a9440005	gitlab/main@{2026-09-24 09:59:55 +0100}	update by push
e682383131aa973b42abaefbb64c8ef2a9440005	origin/main@{2026-09-24 09:59:53 +0100}	update by push
e682383131aa973b42abaefbb64c8ef2a9440005	main@{2026-09-24 09:59:49 +0100}	commit: 2 file(s) in src,tests [tests/browser/q6-smoke.ts, src/client/play-renderer.ts] DELTA:+7/-1 | EXT:ts
e682383131aa973b42abaefbb64c8ef2a9440005	HEAD@{2026-09-24 09:59:49 +0100}	commit: 2 file(s) in src,tests [tests/browser/q6-smoke.ts, src/client/play-renderer.ts] DELTA:+7/-1 | EXT:ts
a5228867780a36de39ea18cccbc8b85351545669	gitlab/main@{2026-09-24 09:59:32 +0100}	update by push
a5228867780a36de39ea18cccbc8b85351545669	origin/main@{2026-09-24 09:59:29 +0100}	update by push
a5228867780a36de39ea18cccbc8b85351545669	main@{2026-09-24 09:59:26 +0100}	commit: 2 file(s) in src,tests [src/routes/play/+page.svelte, tests/browser/q6-smoke.ts] DELTA:+16/-1 | EXT:svelte,ts
a5228867780a36de39ea18cccbc8b85351545669	HEAD@{2026-09-24 09:59:26 +0100}	commit: 2 file(s) in src,tests [src/routes/play/+page.svelte, tests/browser/q6-smoke.ts] DELTA:+16/-1 | EXT:svelte,ts
ac7c2b49df8176b5e0f8b0ccc2dedab1a0992997	gitlab/main@{2026-09-24 09:59:07 +0100}	update by push
ac7c2b49df8176b5e0f8b0ccc2dedab1a0992997	origin/main@{2026-09-24 09:59:04 +0100}	update by push
ac7c2b49df8176b5e0f8b0ccc2dedab1a0992997	main@{2026-09-24 09:59:01 +0100}	commit: 9 file(s) in src,static,tests DELTA:+96/-6 | EXT:ts,json,svelte TEST:22 BIN:3 NEW:client/vehicle-sprites.ts,sprites/car-sedan.png,sprites/car-taxi.png,sprites/car-van.png,unit/play-sprites.test.ts
ac7c2b49df8176b5e0f8b0ccc2dedab1a0992997	HEAD@{2026-09-24 09:59:01 +0100}	commit: 9 file(s) in src,static,tests DELTA:+96/-6 | EXT:ts,json,svelte TEST:22 BIN:3 NEW:client/vehicle-sprites.ts,sprites/car-sedan.png,sprites/car-taxi.png,sprites/car-van.png,unit/play-sprites.test.ts
aa6fcacea6601a1ab7547d669df6925802ae643f	origin/main@{2026-09-24 09:48:16 +0100}	update by push
aa6fcacea6601a1ab7547d669df6925802ae643f	main@{2026-09-24 09:48:15 +0100}	commit: docs: label historical iteration counts
aa6fcacea6601a1ab7547d669df6925802ae643f	HEAD@{2026-09-24 09:48:15 +0100}	commit: docs: label historical iteration counts
d2a461fd40d04890466baca91c4e316a46404cbb	gitlab/main@{2026-09-24 09:44:41 +0100}	update by push
d2a461fd40d04890466baca91c4e316a46404cbb	origin/main@{2026-09-24 09:44:39 +0100}	update by push
d2a461fd40d04890466baca91c4e316a46404cbb	main@{2026-09-24 09:44:36 +0100}	commit: 1 file(s) in design/phase-1/NEXT-TASKS.md DELTA:+2/-2 | EXT:md DOCSONLY:phase-1/NEXT-TASKS.md
d2a461fd40d04890466baca91c4e316a46404cbb	HEAD@{2026-09-24 09:44:36 +0100}	commit: 1 file(s) in design/phase-1/NEXT-TASKS.md DELTA:+2/-2 | EXT:md DOCSONLY:phase-1/NEXT-TASKS.md
22570feef0ce4bdb8afcbc94670a1b44819cfbff	gitlab/main@{2026-09-24 09:44:20 +0100}	update by push
22570feef0ce4bdb8afcbc94670a1b44819cfbff	origin/main@{2026-09-24 09:44:18 +0100}	update by push
22570feef0ce4bdb8afcbc94670a1b44819cfbff	main@{2026-09-24 09:44:15 +0100}	commit: CLOSED: Simulation/trust boundaries, Play/runtime fixes, Asset/release gates, Fresh baseline at, Current queue published | 1 file(s) in design/phase-1/ITERATIONS.md DELTA:+11/-3 | EXT:md DOCSONLY:phase-1/ITERATIONS.md
22570feef0ce4bdb8afcbc94670a1b44819cfbff	HEAD@{2026-09-24 09:44:15 +0100}	commit: CLOSED: Simulation/trust boundaries, Play/runtime fixes, Asset/release gates, Fresh baseline at, Current queue published | 1 file(s) in design/phase-1/ITERATIONS.md DELTA:+11/-3 | EXT:md DOCSONLY:phase-1/ITERATIONS.md
152f4c0e039362ec3d92ea8b99b5554651c1b82e	gitlab/main@{2026-09-24 09:44:07 +0100}	update by push
152f4c0e039362ec3d92ea8b99b5554651c1b82e	origin/main@{2026-09-24 09:44:05 +0100}	update by push
152f4c0e039362ec3d92ea8b99b5554651c1b82e	main@{2026-09-24 09:44:01 +0100}	commit: 2 file(s) in design [design/GAME-PLAN.md, design/phase-1/NEXT-TASKS.md] DELTA:+12/-10 | EXT:md DOCSONLY:design/GAME-PLAN.md,phase-1/NEXT-TASKS.md
152f4c0e039362ec3d92ea8b99b5554651c1b82e	HEAD@{2026-09-24 09:44:01 +0100}	commit: 2 file(s) in design [design/GAME-PLAN.md, design/phase-1/NEXT-TASKS.md] DELTA:+12/-10 | EXT:md DOCSONLY:design/GAME-PLAN.md,phase-1/NEXT-TASKS.md
5a29ae0a7e29d67492defc4925fc0db5bc496b17	gitlab/main@{2026-09-24 09:43:48 +0100}	update by push
5a29ae0a7e29d67492defc4925fc0db5bc496b17	origin/main@{2026-09-24 09:43:46 +0100}	update by push
5a29ae0a7e29d67492defc4925fc0db5bc496b17	main@{2026-09-24 09:43:42 +0100}	commit: 1 file(s) in design/phase-1/PLAYER-TASKS.md DELTA:+134/-0 | EXT:md NEW:phase-1/PLAYER-TASKS.md DOCSONLY:phase-1/PLAYER-TASKS.md
5a29ae0a7e29d67492defc4925fc0db5bc496b17	HEAD@{2026-09-24 09:43:42 +0100}	commit: 1 file(s) in design/phase-1/PLAYER-TASKS.md DELTA:+134/-0 | EXT:md NEW:phase-1/PLAYER-TASKS.md DOCSONLY:phase-1/PLAYER-TASKS.md
0cd6d1632ef7cd8997a39478a629d0cc2a53d6a5	origin/main@{2026-09-24 01:47:24 +0100}	update by push
0cd6d1632ef7cd8997a39478a629d0cc2a53d6a5	main@{2026-09-24 01:47:17 +0100}	commit: fix: remove renewable bankruptcy funds
0cd6d1632ef7cd8997a39478a629d0cc2a53d6a5	HEAD@{2026-09-24 01:47:17 +0100}	commit: fix: remove renewable bankruptcy funds
a2fbb9ea671ce7b8523134338b139fd42e32764e	origin/main@{2026-09-24 01:32:16 +0100}	update by push
a2fbb9ea671ce7b8523134338b139fd42e32764e	main@{2026-09-24 01:32:14 +0100}	commit: fix: preserve quit shortcut from pause
a2fbb9ea671ce7b8523134338b139fd42e32764e	HEAD@{2026-09-24 01:32:14 +0100}	commit: fix: preserve quit shortcut from pause
bd713746e354287aa4df9b3faae825869850d942	origin/main@{2026-09-24 01:29:55 +0100}	update by push
bd713746e354287aa4df9b3faae825869850d942	main@{2026-09-24 01:29:54 +0100}	commit: test: cover automatic clinic recovery
bd713746e354287aa4df9b3faae825869850d942	HEAD@{2026-09-24 01:29:54 +0100}	commit: test: cover automatic clinic recovery
df1122687a7d958b1a5a2b71234a2d866e83954e	origin/main@{2026-09-24 01:28:02 +0100}	update by push
df1122687a7d958b1a5a2b71234a2d866e83954e	main@{2026-09-24 01:28:00 +0100}	commit: fix: keep taxi on navigable street circuit
df1122687a7d958b1a5a2b71234a2d866e83954e	HEAD@{2026-09-24 01:28:00 +0100}	commit: fix: keep taxi on navigable street circuit
7980f3324abcc14983d652ea391e59ed1d7ac3f2	origin/main@{2026-09-24 01:23:35 +0100}	update by push
7980f3324abcc14983d652ea391e59ed1d7ac3f2	main@{2026-09-24 01:23:32 +0100}	commit: test: fail cleanly on missing inventory
7980f3324abcc14983d652ea391e59ed1d7ac3f2	HEAD@{2026-09-24 01:23:32 +0100}	commit: test: fail cleanly on missing inventory
e0aed03c704c477f1ab61aa081abd3cf9601c096	origin/main@{2026-09-24 01:20:02 +0100}	update by push
e0aed03c704c477f1ab61aa081abd3cf9601c096	main@{2026-09-24 01:20:00 +0100}	commit: test: require deployed inventory copy
e0aed03c704c477f1ab61aa081abd3cf9601c096	HEAD@{2026-09-24 01:20:00 +0100}	commit: test: require deployed inventory copy
930128c81cee7cf17d9c342a45c13942fc6fe091	origin/main@{2026-09-24 01:16:01 +0100}	update by push
930128c81cee7cf17d9c342a45c13942fc6fe091	main@{2026-09-24 01:15:59 +0100}	commit: test: allow bounded taxi ring soak
930128c81cee7cf17d9c342a45c13942fc6fe091	HEAD@{2026-09-24 01:15:59 +0100}	commit: test: allow bounded taxi ring soak
ed0cfb6f891fcb99b2d1beec86f5b28a6ac42884	origin/main@{2026-09-24 01:15:10 +0100}	update by push
ed0cfb6f891fcb99b2d1beec86f5b28a6ac42884	main@{2026-09-24 01:15:07 +0100}	commit: test: pin post-build deployed assets
ed0cfb6f891fcb99b2d1beec86f5b28a6ac42884	HEAD@{2026-09-24 01:15:07 +0100}	commit: test: pin post-build deployed assets
4b0f4633cada0fc0823b72681b9ef24d78a8c4e8	origin/main@{2026-09-24 01:09:16 +0100}	update by push
4b0f4633cada0fc0823b72681b9ef24d78a8c4e8	main@{2026-09-24 01:09:01 +0100}	commit: fix: keep taxi recovery bounded
4b0f4633cada0fc0823b72681b9ef24d78a8c4e8	HEAD@{2026-09-24 01:09:01 +0100}	commit: fix: keep taxi recovery bounded
0be3b8a28c1f2ba903b8824363cb29f9e2b09129	main@{2026-09-24 01:04:55 +0100}	commit: fix: keep street life moving on every route
0be3b8a28c1f2ba903b8824363cb29f9e2b09129	HEAD@{2026-09-24 01:04:55 +0100}	commit: fix: keep street life moving on every route
4349db8077c50d0409c7308d5570748b8957006b	main@{2026-09-24 01:03:43 +0100}	commit: docs: reconcile current audit evidence
4349db8077c50d0409c7308d5570748b8957006b	HEAD@{2026-09-24 01:03:43 +0100}	commit: docs: reconcile current audit evidence
a591fabc2c4b8cbd7d38f61f8527c2b552fe2b90	gitlab/main@{2026-09-24 00:59:39 +0100}	update by push
a591fabc2c4b8cbd7d38f61f8527c2b552fe2b90	origin/main@{2026-09-24 00:59:37 +0100}	update by push
a591fabc2c4b8cbd7d38f61f8527c2b552fe2b90	main@{2026-09-24 00:59:34 +0100}	commit: 2 file(s) in src,tests [tests/browser/q6-smoke.ts, src/routes/play/+page.svelte] DELTA:+4/-3 | EXT:svelte,ts
a591fabc2c4b8cbd7d38f61f8527c2b552fe2b90	HEAD@{2026-09-24 00:59:34 +0100}	commit: 2 file(s) in src,tests [tests/browser/q6-smoke.ts, src/routes/play/+page.svelte] DELTA:+4/-3 | EXT:svelte,ts
d7cf221301c0e6e4b559f79f6934f21cb0fc97b8	gitlab/main@{2026-09-24 00:59:00 +0100}	update by push
d7cf221301c0e6e4b559f79f6934f21cb0fc97b8	origin/main@{2026-09-24 00:58:58 +0100}	update by push
d7cf221301c0e6e4b559f79f6934f21cb0fc97b8	main@{2026-09-24 00:58:54 +0100}	commit: 1 file(s) in tests/browser/q6-smoke.ts DELTA:+10/-3 | EXT:ts
d7cf221301c0e6e4b559f79f6934f21cb0fc97b8	HEAD@{2026-09-24 00:58:54 +0100}	commit: 1 file(s) in tests/browser/q6-smoke.ts DELTA:+10/-3 | EXT:ts
fc8b552583b84673857e983b5c1122a67e6591ea	gitlab/main@{2026-09-24 00:57:36 +0100}	update by push
fc8b552583b84673857e983b5c1122a67e6591ea	origin/main@{2026-09-24 00:57:34 +0100}	update by push
fc8b552583b84673857e983b5c1122a67e6591ea	main@{2026-09-24 00:57:25 +0100}	commit: 1 file(s) in tests/browser/q6-smoke.ts DELTA:+7/-5 | EXT:ts
fc8b552583b84673857e983b5c1122a67e6591ea	HEAD@{2026-09-24 00:57:25 +0100}	commit: 1 file(s) in tests/browser/q6-smoke.ts DELTA:+7/-5 | EXT:ts
fde8e712d95de508ebec747f4cc8af52adb64a66	gitlab/main@{2026-09-24 00:56:41 +0100}	update by push
fde8e712d95de508ebec747f4cc8af52adb64a66	origin/main@{2026-09-24 00:56:39 +0100}	update by push
fde8e712d95de508ebec747f4cc8af52adb64a66	main@{2026-09-24 00:56:35 +0100}	commit: 1 file(s) in tests/browser/q6-smoke.ts DELTA:+3/-2 | EXT:ts
fde8e712d95de508ebec747f4cc8af52adb64a66	HEAD@{2026-09-24 00:56:35 +0100}	commit: 1 file(s) in tests/browser/q6-smoke.ts DELTA:+3/-2 | EXT:ts
9089104052a01c869d06430c75b7d541c4ae4bb3	gitlab/main@{2026-09-24 00:55:48 +0100}	update by push
9089104052a01c869d06430c75b7d541c4ae4bb3	origin/main@{2026-09-24 00:55:46 +0100}	update by push
9089104052a01c869d06430c75b7d541c4ae4bb3	main@{2026-09-24 00:55:42 +0100}	commit: 1 file(s) in tests/browser/q6-smoke.ts DELTA:+1/-1 | EXT:ts
9089104052a01c869d06430c75b7d541c4ae4bb3	HEAD@{2026-09-24 00:55:42 +0100}	commit: 1 file(s) in tests/browser/q6-smoke.ts DELTA:+1/-1 | EXT:ts
9507a81945354d5cc85f55431f3b2631b5ca812f	gitlab/main@{2026-09-24 00:55:18 +0100}	update by push
9507a81945354d5cc85f55431f3b2631b5ca812f	origin/main@{2026-09-24 00:55:15 +0100}	update by push
9507a81945354d5cc85f55431f3b2631b5ca812f	main@{2026-09-24 00:55:10 +0100}	commit: 8 file(s) in src,tests [src/routes/play/+page.svelte, tests/unit/free-roam.test.ts, src/client/economy.ts] DELTA:+258/-58 | EXT:ts,html,svelte TEST:86
9507a81945354d5cc85f55431f3b2631b5ca812f	HEAD@{2026-09-24 00:55:10 +0100}	commit: 8 file(s) in src,tests [src/routes/play/+page.svelte, tests/unit/free-roam.test.ts, src/client/economy.ts] DELTA:+258/-58 | EXT:ts,html,svelte TEST:86
590ec3463a3d98246fbe4481d471e6b34c5bdc21	main@{2026-09-24 00:42:01 +0100}	commit: fix: reject explicit invalid vehicle overrides
590ec3463a3d98246fbe4481d471e6b34c5bdc21	HEAD@{2026-09-24 00:42:01 +0100}	commit: fix: reject explicit invalid vehicle overrides
1d4917d22d044ecddf1d5315b92906997510a12e	main@{2026-09-24 00:41:23 +0100}	commit: fix: harden simulation trust boundaries
1d4917d22d044ecddf1d5315b92906997510a12e	HEAD@{2026-09-24 00:41:23 +0100}	commit: fix: harden simulation trust boundaries
928453fd4f8ecf00c7e46834c19aa8f558a64a47	main@{2026-09-24 00:34:57 +0100}	commit: fix: make asset and verification gates trustworthy
928453fd4f8ecf00c7e46834c19aa8f558a64a47	HEAD@{2026-09-24 00:34:57 +0100}	commit: fix: make asset and verification gates trustworthy
436ec9b461a20b009c1d21f2b639a04e2d9ece7f	gitlab/main@{2026-09-23 19:16:00 +0100}	update by push
436ec9b461a20b009c1d21f2b639a04e2d9ece7f	origin/main@{2026-09-23 19:15:54 +0100}	update by push
436ec9b461a20b009c1d21f2b639a04e2d9ece7f	main@{2026-09-23 19:15:47 +0100}	commit: CLOSED: Favicon, Car sprites generated, Tileable textures generated, All six recorded, Menu rebuilt as, Menu nav restyled, Teal selector bar, Menu cascade (intro/rows/hint/panels,, Attract reel, F16 +8more | 33 file(s) in design,scripts,src DELTA:+1244/-102 | BIN:17
436ec9b461a20b009c1d21f2b639a04e2d9ece7f	HEAD@{2026-09-23 19:15:47 +0100}	commit: CLOSED: Favicon, Car sprites generated, Tileable textures generated, All six recorded, Menu rebuilt as, Menu nav restyled, Teal selector bar, Menu cascade (intro/rows/hint/panels,, Attract reel, F16 +8more | 33 file(s) in design,scripts,src DELTA:+1244/-102 | BIN:17
56c35b84ec042fc7463d697a8bbd932142a1348b	gitlab/main@{2026-09-21 23:01:42 +0100}	update by push
56c35b84ec042fc7463d697a8bbd932142a1348b	origin/main@{2026-09-21 23:01:40 +0100}	update by push
56c35b84ec042fc7463d697a8bbd932142a1348b	main@{2026-09-21 23:01:37 +0100}	commit: CLOSED: Main menu rebuilt, Play page rebuilt, Real pause menu, Removed multiplayer leftovers, GTA2-style camera, Renderer world-scaling pass, Arrow glyphs (↑←→↓), Minimap moved out, Smoke hardening | 1 file(s) in design/phase-1/ITERATIONS.md DELTA:+13/-0 | DOCSONLY:phase-1/ITERATIONS.md
56c35b84ec042fc7463d697a8bbd932142a1348b	HEAD@{2026-09-21 23:01:37 +0100}	commit: CLOSED: Main menu rebuilt, Play page rebuilt, Real pause menu, Removed multiplayer leftovers, GTA2-style camera, Renderer world-scaling pass, Arrow glyphs (↑←→↓), Minimap moved out, Smoke hardening | 1 file(s) in design/phase-1/ITERATIONS.md DELTA:+13/-0 | DOCSONLY:phase-1/ITERATIONS.md
57260f3780cf7a63ddd4004ea311a3b01077c9b2	gitlab/main@{2026-09-21 23:00:03 +0100}	update by push
57260f3780cf7a63ddd4004ea311a3b01077c9b2	origin/main@{2026-09-21 23:00:00 +0100}	update by push
57260f3780cf7a63ddd4004ea311a3b01077c9b2	main@{2026-09-21 22:59:57 +0100}	commit: 2 file(s) in src/routes [src/routes/play/+page.svelte, src/routes/+page.svelte] DELTA:+4/-4 | EXT:svelte
57260f3780cf7a63ddd4004ea311a3b01077c9b2	HEAD@{2026-09-21 22:59:57 +0100}	commit: 2 file(s) in src/routes [src/routes/play/+page.svelte, src/routes/+page.svelte] DELTA:+4/-4 | EXT:svelte
994f61219ebb7b346493919c1fd5db453aa90807	gitlab/main@{2026-09-21 22:45:13 +0100}	update by push
994f61219ebb7b346493919c1fd5db453aa90807	origin/main@{2026-09-21 22:45:11 +0100}	update by push
994f61219ebb7b346493919c1fd5db453aa90807	main@{2026-09-21 22:45:07 +0100}	commit: 1 file(s) in src/client/play-renderer.ts DELTA:+24/-24 | EXT:ts
994f61219ebb7b346493919c1fd5db453aa90807	HEAD@{2026-09-21 22:45:07 +0100}	commit: 1 file(s) in src/client/play-renderer.ts DELTA:+24/-24 | EXT:ts
2ab742db46954712ee0d6ef34f4bbe9ff9d3dcf9	gitlab/main@{2026-09-21 22:43:35 +0100}	update by push
2ab742db46954712ee0d6ef34f4bbe9ff9d3dcf9	origin/main@{2026-09-21 22:43:33 +0100}	update by push
2ab742db46954712ee0d6ef34f4bbe9ff9d3dcf9	main@{2026-09-21 22:43:30 +0100}	commit: 1 file(s) in src/client/play-renderer.ts DELTA:+5/-5 | EXT:ts
2ab742db46954712ee0d6ef34f4bbe9ff9d3dcf9	HEAD@{2026-09-21 22:43:30 +0100}	commit: 1 file(s) in src/client/play-renderer.ts DELTA:+5/-5 | EXT:ts
689780cece771c36e114e4aec72ea2f76ffb55de	gitlab/main@{2026-09-21 22:40:50 +0100}	update by push
689780cece771c36e114e4aec72ea2f76ffb55de	origin/main@{2026-09-21 22:40:47 +0100}	update by push
689780cece771c36e114e4aec72ea2f76ffb55de	main@{2026-09-21 22:40:44 +0100}	commit: 1 file(s) in src/client/play-renderer.ts DELTA:+5/-2 | EXT:ts
689780cece771c36e114e4aec72ea2f76ffb55de	HEAD@{2026-09-21 22:40:44 +0100}	commit: 1 file(s) in src/client/play-renderer.ts DELTA:+5/-2 | EXT:ts
9de121347a1aff031278df20f9c8b693f5ba38a4	gitlab/main@{2026-09-21 22:37:51 +0100}	update by push
9de121347a1aff031278df20f9c8b693f5ba38a4	origin/main@{2026-09-21 22:37:49 +0100}	update by push
9de121347a1aff031278df20f9c8b693f5ba38a4	main@{2026-09-21 22:37:46 +0100}	commit: 1 file(s) in tests/browser/q6-smoke.ts DELTA:+1/-0 | EXT:ts
9de121347a1aff031278df20f9c8b693f5ba38a4	HEAD@{2026-09-21 22:37:46 +0100}	commit: 1 file(s) in tests/browser/q6-smoke.ts DELTA:+1/-0 | EXT:ts
1998a70810ed7573fc577c46b0dd1f8c92056709	gitlab/main@{2026-09-21 22:35:16 +0100}	update by push
1998a70810ed7573fc577c46b0dd1f8c92056709	origin/main@{2026-09-21 22:35:14 +0100}	update by push
1998a70810ed7573fc577c46b0dd1f8c92056709	main@{2026-09-21 22:35:11 +0100}	commit: 1 file(s) in tests/browser/q6-smoke.ts DELTA:+5/-1 | EXT:ts
1998a70810ed7573fc577c46b0dd1f8c92056709	HEAD@{2026-09-21 22:35:11 +0100}	commit: 1 file(s) in tests/browser/q6-smoke.ts DELTA:+5/-1 | EXT:ts
7943c3f64c0349ccdfc5e853cf146f55d402936e	gitlab/main@{2026-09-21 22:34:48 +0100}	update by push
7943c3f64c0349ccdfc5e853cf146f55d402936e	origin/main@{2026-09-21 22:34:46 +0100}	update by push
7943c3f64c0349ccdfc5e853cf146f55d402936e	main@{2026-09-21 22:34:43 +0100}	commit: 1 file(s) in src/routes/play/+page.svelte DELTA:+3/-2 | EXT:svelte
7943c3f64c0349ccdfc5e853cf146f55d402936e	HEAD@{2026-09-21 22:34:43 +0100}	commit: 1 file(s) in src/routes/play/+page.svelte DELTA:+3/-2 | EXT:svelte
2ff64a554856192f9cbc25c42a81f1bcf72d0bf6	gitlab/main@{2026-09-21 22:34:05 +0100}	update by push
2ff64a554856192f9cbc25c42a81f1bcf72d0bf6	origin/main@{2026-09-21 22:34:03 +0100}	update by push
2ff64a554856192f9cbc25c42a81f1bcf72d0bf6	main@{2026-09-21 22:34:00 +0100}	commit: 1 file(s) in tests/browser/q6-smoke.ts DELTA:+3/-1 | EXT:ts
2ff64a554856192f9cbc25c42a81f1bcf72d0bf6	HEAD@{2026-09-21 22:34:00 +0100}	commit: 1 file(s) in tests/browser/q6-smoke.ts DELTA:+3/-1 | EXT:ts
435c9fb13178e7346b1bb9852d82c53d4b953866	gitlab/main@{2026-09-21 22:28:57 +0100}	update by push
435c9fb13178e7346b1bb9852d82c53d4b953866	origin/main@{2026-09-21 22:28:55 +0100}	update by push
435c9fb13178e7346b1bb9852d82c53d4b953866	main@{2026-09-21 22:28:52 +0100}	commit: 1 file(s) [package.json] DELTA:+1/-1 | EXT:json DEPS:+description,-description
435c9fb13178e7346b1bb9852d82c53d4b953866	HEAD@{2026-09-21 22:28:52 +0100}	commit: 1 file(s) [package.json] DELTA:+1/-1 | EXT:json DEPS:+description,-description
ed39320d9adca4dbc33d2e975f9dac2c96130c0f	gitlab/main@{2026-09-21 22:28:24 +0100}	update by push
ed39320d9adca4dbc33d2e975f9dac2c96130c0f	origin/main@{2026-09-21 22:28:22 +0100}	update by push
ed39320d9adca4dbc33d2e975f9dac2c96130c0f	main@{2026-09-21 22:28:19 +0100}	commit: 2 file(s) in src,tests [src/routes/play/+page.svelte, tests/browser/q6-smoke.ts] DELTA:+110/-58 | EXT:svelte,ts
ed39320d9adca4dbc33d2e975f9dac2c96130c0f	HEAD@{2026-09-21 22:28:19 +0100}	commit: 2 file(s) in src,tests [src/routes/play/+page.svelte, tests/browser/q6-smoke.ts] DELTA:+110/-58 | EXT:svelte,ts
154f97b765b135856bef46c9da6436253c270750	gitlab/main@{2026-09-21 22:25:37 +0100}	update by push
154f97b765b135856bef46c9da6436253c270750	origin/main@{2026-09-21 22:25:32 +0100}	update by push
154f97b765b135856bef46c9da6436253c270750	main@{2026-09-21 22:25:28 +0100}	commit: 1 file(s) in src/routes/+page.svelte DELTA:+48/-16 | EXT:svelte
154f97b765b135856bef46c9da6436253c270750	HEAD@{2026-09-21 22:25:28 +0100}	commit: 1 file(s) in src/routes/+page.svelte DELTA:+48/-16 | EXT:svelte
e505e2eb5c3372fb9d8465fda7a7746ea237be9e	gitlab/main@{2026-09-21 21:41:10 +0100}	update by push
e505e2eb5c3372fb9d8465fda7a7746ea237be9e	origin/main@{2026-09-21 21:41:08 +0100}	update by push
e505e2eb5c3372fb9d8465fda7a7746ea237be9e	main@{2026-09-21 21:41:05 +0100}	commit: CLOSED: Neon signs, Walker speed variety | 1 file(s) in design/phase-1/ITERATIONS.md DELTA:+5/-0 | EXT:md DOCSONLY:phase-1/ITERATIONS.md
e505e2eb5c3372fb9d8465fda7a7746ea237be9e	HEAD@{2026-09-21 21:41:05 +0100}	commit: CLOSED: Neon signs, Walker speed variety | 1 file(s) in design/phase-1/ITERATIONS.md DELTA:+5/-0 | EXT:md DOCSONLY:phase-1/ITERATIONS.md
b034d186d9ce51bbbf93d4a81802a441051b03c9	gitlab/main@{2026-09-21 21:35:24 +0100}	update by push
b034d186d9ce51bbbf93d4a81802a441051b03c9	origin/main@{2026-09-21 21:35:22 +0100}	update by push
b034d186d9ce51bbbf93d4a81802a441051b03c9	main@{2026-09-21 21:35:19 +0100}	commit: 2 file(s) in src/client [src/client/play-renderer.ts, src/client/free-roam.ts] DELTA:+13/-3 | EXT:ts
b034d186d9ce51bbbf93d4a81802a441051b03c9	HEAD@{2026-09-21 21:35:19 +0100}	commit: 2 file(s) in src/client [src/client/play-renderer.ts, src/client/free-roam.ts] DELTA:+13/-3 | EXT:ts
db1bed73a2c9df9c9a1f2ad6578cbdb881e759ef	gitlab/main@{2026-09-21 21:24:12 +0100}	update by push
db1bed73a2c9df9c9a1f2ad6578cbdb881e759ef	origin/main@{2026-09-21 21:24:10 +0100}	update by push
db1bed73a2c9df9c9a1f2ad6578cbdb881e759ef	main@{2026-09-21 21:24:06 +0100}	commit: CLOSED: Building shadow depth, Walkers, Minimap | 1 file(s) in design/phase-1/ITERATIONS.md DELTA:+6/-0 | EXT:md DOCSONLY:phase-1/ITERATIONS.md
db1bed73a2c9df9c9a1f2ad6578cbdb881e759ef	HEAD@{2026-09-21 21:24:06 +0100}	commit: CLOSED: Building shadow depth, Walkers, Minimap | 1 file(s) in design/phase-1/ITERATIONS.md DELTA:+6/-0 | EXT:md DOCSONLY:phase-1/ITERATIONS.md
dc0762664b85e83d6af375d660e239cf2fffc967	gitlab/main@{2026-09-21 21:17:37 +0100}	update by push
dc0762664b85e83d6af375d660e239cf2fffc967	origin/main@{2026-09-21 21:17:35 +0100}	update by push
dc0762664b85e83d6af375d660e239cf2fffc967	main@{2026-09-21 21:17:32 +0100}	commit: 2 file(s) in src [src/client/play-renderer.ts, src/routes/play/+page.svelte] DELTA:+28/-16 | EXT:svelte,ts
dc0762664b85e83d6af375d660e239cf2fffc967	HEAD@{2026-09-21 21:17:32 +0100}	commit: 2 file(s) in src [src/client/play-renderer.ts, src/routes/play/+page.svelte] DELTA:+28/-16 | EXT:svelte,ts
516a23dbb2187c63e6997d613d2de95bd11924cd	gitlab/main@{2026-09-21 20:07:01 +0100}	update by push
516a23dbb2187c63e6997d613d2de95bd11924cd	origin/main@{2026-09-21 20:06:58 +0100}	update by push
516a23dbb2187c63e6997d613d2de95bd11924cd	main@{2026-09-21 20:06:55 +0100}	commit: CLOSED: Engine hum, Screen shake, Delivery popup, Building neon, Walker dodge | 1 file(s) in design/phase-1/ITERATIONS.md DELTA:+8/-0 | EXT:md DOCSONLY:phase-1/ITERATIONS.md
516a23dbb2187c63e6997d613d2de95bd11924cd	HEAD@{2026-09-21 20:06:55 +0100}	commit: CLOSED: Engine hum, Screen shake, Delivery popup, Building neon, Walker dodge | 1 file(s) in design/phase-1/ITERATIONS.md DELTA:+8/-0 | EXT:md DOCSONLY:phase-1/ITERATIONS.md
05f35d7908c551b7487a85396f44fe8ee6202ead	gitlab/main@{2026-09-21 19:46:42 +0100}	update by push
05f35d7908c551b7487a85396f44fe8ee6202ead	origin/main@{2026-09-21 19:46:39 +0100}	update by push
05f35d7908c551b7487a85396f44fe8ee6202ead	main@{2026-09-21 19:46:36 +0100}	commit: 1 file(s) in src/client/free-roam.ts DELTA:+2/-1 | EXT:ts
05f35d7908c551b7487a85396f44fe8ee6202ead	HEAD@{2026-09-21 19:46:36 +0100}	commit: 1 file(s) in src/client/free-roam.ts DELTA:+2/-1 | EXT:ts
b72e7a7e7d3af916efb329bf1274632033552210	gitlab/main@{2026-09-21 19:43:42 +0100}	update by push
b72e7a7e7d3af916efb329bf1274632033552210	origin/main@{2026-09-21 19:43:40 +0100}	update by push
b72e7a7e7d3af916efb329bf1274632033552210	main@{2026-09-21 19:43:36 +0100}	commit: 1 file(s) in src/routes/play/+page.svelte DELTA:+38/-0 | EXT:svelte
b72e7a7e7d3af916efb329bf1274632033552210	HEAD@{2026-09-21 19:43:36 +0100}	commit: 1 file(s) in src/routes/play/+page.svelte DELTA:+38/-0 | EXT:svelte
6e6f611026756e14b67f53120be38952357befa3	gitlab/main@{2026-09-21 19:42:27 +0100}	update by push
6e6f611026756e14b67f53120be38952357befa3	origin/main@{2026-09-21 19:42:25 +0100}	update by push
6e6f611026756e14b67f53120be38952357befa3	main@{2026-09-21 19:42:22 +0100}	commit: 1 file(s) in src/client/play-renderer.ts DELTA:+4/-2 | EXT:ts
6e6f611026756e14b67f53120be38952357befa3	HEAD@{2026-09-21 19:42:22 +0100}	commit: 1 file(s) in src/client/play-renderer.ts DELTA:+4/-2 | EXT:ts
7bd0ddbb712500781f94b46bdba4a3d492d8e9ad	gitlab/main@{2026-09-21 19:33:46 +0100}	update by push
7bd0ddbb712500781f94b46bdba4a3d492d8e9ad	origin/main@{2026-09-21 19:33:44 +0100}	update by push
7bd0ddbb712500781f94b46bdba4a3d492d8e9ad	main@{2026-09-21 19:33:41 +0100}	commit: CLOSED: Reverse gear, Minimap objective marker | 1 file(s) in design/phase-1/ITERATIONS.md DELTA:+5/-0 | EXT:md DOCSONLY:phase-1/ITERATIONS.md
7bd0ddbb712500781f94b46bdba4a3d492d8e9ad	HEAD@{2026-09-21 19:33:41 +0100}	commit: CLOSED: Reverse gear, Minimap objective marker | 1 file(s) in design/phase-1/ITERATIONS.md DELTA:+5/-0 | EXT:md DOCSONLY:phase-1/ITERATIONS.md
a01aa020bf09aea7d5e4db40981c307d5a7d64e2	gitlab/main@{2026-09-21 19:31:28 +0100}	update by push
a01aa020bf09aea7d5e4db40981c307d5a7d64e2	origin/main@{2026-09-21 19:31:26 +0100}	update by push
a01aa020bf09aea7d5e4db40981c307d5a7d64e2	main@{2026-09-21 19:31:22 +0100}	commit: 1 file(s) in src/client/free-roam.ts DELTA:+24/-10 | EXT:ts
a01aa020bf09aea7d5e4db40981c307d5a7d64e2	HEAD@{2026-09-21 19:31:22 +0100}	commit: 1 file(s) in src/client/free-roam.ts DELTA:+24/-10 | EXT:ts
f01d6973a859f1a7fb3ca8d4bed675637375f40c	gitlab/main@{2026-09-21 19:29:22 +0100}	update by push
f01d6973a859f1a7fb3ca8d4bed675637375f40c	origin/main@{2026-09-21 19:29:20 +0100}	update by push
f01d6973a859f1a7fb3ca8d4bed675637375f40c	main@{2026-09-21 19:29:17 +0100}	commit: 1 file(s) in src/sim/vehicle.ts DELTA:+2/-4 | EXT:ts
f01d6973a859f1a7fb3ca8d4bed675637375f40c	HEAD@{2026-09-21 19:29:17 +0100}	commit: 1 file(s) in src/sim/vehicle.ts DELTA:+2/-4 | EXT:ts
762794316c75824fed27c4b1754c5cd425f342ae	gitlab/main@{2026-09-21 19:28:25 +0100}	update by push
762794316c75824fed27c4b1754c5cd425f342ae	origin/main@{2026-09-21 19:28:22 +0100}	update by push
762794316c75824fed27c4b1754c5cd425f342ae	main@{2026-09-21 19:28:19 +0100}	commit: 1 file(s) in src/sim/vehicle.ts DELTA:+6/-2 | EXT:ts
762794316c75824fed27c4b1754c5cd425f342ae	HEAD@{2026-09-21 19:28:19 +0100}	commit: 1 file(s) in src/sim/vehicle.ts DELTA:+6/-2 | EXT:ts
9ff3b37a86ad64bb60b8314150e93869cfa62007	gitlab/main@{2026-09-21 02:22:48 +0100}	update by push
9ff3b37a86ad64bb60b8314150e93869cfa62007	origin/main@{2026-09-21 02:22:46 +0100}	update by push
9ff3b37a86ad64bb60b8314150e93869cfa62007	main@{2026-09-21 02:22:43 +0100}	commit: 1 file(s) in src/client/play-renderer.ts DELTA:+8/-0 | EXT:ts
9ff3b37a86ad64bb60b8314150e93869cfa62007	HEAD@{2026-09-21 02:22:43 +0100}	commit: 1 file(s) in src/client/play-renderer.ts DELTA:+8/-0 | EXT:ts
0af64a1f4e3de558d607c53784df12cb43ed0596	gitlab/main@{2026-09-21 02:18:43 +0100}	update by push
0af64a1f4e3de558d607c53784df12cb43ed0596	origin/main@{2026-09-21 02:18:41 +0100}	update by push
0af64a1f4e3de558d607c53784df12cb43ed0596	main@{2026-09-21 02:18:38 +0100}	commit: 1 file(s) in static/assets/sprites/sidewalk-texture.png DELTA:+0/-0 | BIN:1 NEW:sprites/sidewalk-texture.png
0af64a1f4e3de558d607c53784df12cb43ed0596	HEAD@{2026-09-21 02:18:38 +0100}	commit: 1 file(s) in static/assets/sprites/sidewalk-texture.png DELTA:+0/-0 | BIN:1 NEW:sprites/sidewalk-texture.png
fc28b5a71b2a30d87f1eac995da9bce618733e7f	gitlab/main@{2026-09-21 02:17:37 +0100}	update by push
fc28b5a71b2a30d87f1eac995da9bce618733e7f	origin/main@{2026-09-21 02:17:35 +0100}	update by push
fc28b5a71b2a30d87f1eac995da9bce618733e7f	main@{2026-09-21 02:17:32 +0100}	commit: 1 file(s) in static/assets/sprites/rooftop-texture.png DELTA:+0/-0 | BIN:1 NEW:sprites/rooftop-texture.png
fc28b5a71b2a30d87f1eac995da9bce618733e7f	HEAD@{2026-09-21 02:17:32 +0100}	commit: 1 file(s) in static/assets/sprites/rooftop-texture.png DELTA:+0/-0 | BIN:1 NEW:sprites/rooftop-texture.png
0cec1ed1ae6688d0c085223dfc2c10c6547edd1c	gitlab/main@{2026-09-21 02:16:57 +0100}	update by push
0cec1ed1ae6688d0c085223dfc2c10c6547edd1c	origin/main@{2026-09-21 02:16:55 +0100}	update by push
0cec1ed1ae6688d0c085223dfc2c10c6547edd1c	main@{2026-09-21 02:16:51 +0100}	commit: 1 file(s) in static/assets/sprites/road-texture.png DELTA:+0/-0 | BIN:1 NEW:sprites/road-texture.png
0cec1ed1ae6688d0c085223dfc2c10c6547edd1c	HEAD@{2026-09-21 02:16:51 +0100}	commit: 1 file(s) in static/assets/sprites/road-texture.png DELTA:+0/-0 | BIN:1 NEW:sprites/road-texture.png
b5dceefc6ba9a4f3ac6624ef5a1220a4b242402b	gitlab/main@{2026-09-21 02:16:02 +0100}	update by push
b5dceefc6ba9a4f3ac6624ef5a1220a4b242402b	origin/main@{2026-09-21 02:16:00 +0100}	update by push
b5dceefc6ba9a4f3ac6624ef5a1220a4b242402b	main@{2026-09-21 02:15:56 +0100}	commit: 1 file(s) in static/assets/sprites/car-sedan.png DELTA:+0/-0 | BIN:1 NEW:sprites/car-sedan.png
b5dceefc6ba9a4f3ac6624ef5a1220a4b242402b	HEAD@{2026-09-21 02:15:56 +0100}	commit: 1 file(s) in static/assets/sprites/car-sedan.png DELTA:+0/-0 | BIN:1 NEW:sprites/car-sedan.png
7c32a2b717990561732e9ee0b1601ea25582648f	gitlab/main@{2026-09-21 02:10:28 +0100}	update by push
7c32a2b717990561732e9ee0b1601ea25582648f	origin/main@{2026-09-21 02:10:26 +0100}	update by push
7c32a2b717990561732e9ee0b1601ea25582648f	main@{2026-09-21 02:10:22 +0100}	commit: CLOSED: W7.6 Snapshot DTOs, W7.7 Snapshot unit, W7.8 Reconnect UX, W7.9 Version handshake | 1 file(s) in design/phase-1/ITERATIONS.md DELTA:+15/-0 | EXT:md DOCSONLY:phase-1/ITERATIONS.md
7c32a2b717990561732e9ee0b1601ea25582648f	HEAD@{2026-09-21 02:10:22 +0100}	commit: CLOSED: W7.6 Snapshot DTOs, W7.7 Snapshot unit, W7.8 Reconnect UX, W7.9 Version handshake | 1 file(s) in design/phase-1/ITERATIONS.md DELTA:+15/-0 | EXT:md DOCSONLY:phase-1/ITERATIONS.md
a52fe18122e075bd7848e1b60979927a113c9eae	gitlab/main@{2026-09-21 01:48:43 +0100}	update by push
a52fe18122e075bd7848e1b60979927a113c9eae	origin/main@{2026-09-21 01:48:41 +0100}	update by push
a52fe18122e075bd7848e1b60979927a113c9eae	main@{2026-09-21 01:48:38 +0100}	commit: 1 file(s) in tests/browser/q6-smoke.ts DELTA:+4/-3 | EXT:ts
a52fe18122e075bd7848e1b60979927a113c9eae	HEAD@{2026-09-21 01:48:38 +0100}	commit: 1 file(s) in tests/browser/q6-smoke.ts DELTA:+4/-3 | EXT:ts
5f0655bba65b3bbe49194d3482a2dbf9bcfe6eec	gitlab/main@{2026-09-21 01:13:26 +0100}	update by push
5f0655bba65b3bbe49194d3482a2dbf9bcfe6eec	origin/main@{2026-09-21 01:13:21 +0100}	update by push
5f0655bba65b3bbe49194d3482a2dbf9bcfe6eec	main@{2026-09-21 01:13:18 +0100}	commit: 1 file(s) in tests/browser/q6-smoke.ts DELTA:+1/-1 | EXT:ts
5f0655bba65b3bbe49194d3482a2dbf9bcfe6eec	HEAD@{2026-09-21 01:13:18 +0100}	commit: 1 file(s) in tests/browser/q6-smoke.ts DELTA:+1/-1 | EXT:ts
d5fd80670adb648b38084a0b1d4acd3377c3f851	gitlab/main@{2026-09-21 01:00:42 +0100}	update by push
d5fd80670adb648b38084a0b1d4acd3377c3f851	origin/main@{2026-09-21 01:00:40 +0100}	update by push
d5fd80670adb648b38084a0b1d4acd3377c3f851	main@{2026-09-21 01:00:36 +0100}	commit: CLOSED: Renderer, Manholes, oil stains,, Yellow centre lines,, Buildings, Props, Cars, Camera | 1 file(s) in design/phase-1/ITERATIONS.md DELTA:+10/-0 | EXT:md DOCSONLY:phase-1/ITERATIONS.md
d5fd80670adb648b38084a0b1d4acd3377c3f851	HEAD@{2026-09-21 01:00:36 +0100}	commit: CLOSED: Renderer, Manholes, oil stains,, Yellow centre lines,, Buildings, Props, Cars, Camera | 1 file(s) in design/phase-1/ITERATIONS.md DELTA:+10/-0 | EXT:md DOCSONLY:phase-1/ITERATIONS.md
7bc57a13dee4b729040e580a3f41a24cbb590f1c	gitlab/main@{2026-09-21 00:53:40 +0100}	update by push
7bc57a13dee4b729040e580a3f41a24cbb590f1c	origin/main@{2026-09-21 00:53:38 +0100}	update by push
7bc57a13dee4b729040e580a3f41a24cbb590f1c	main@{2026-09-21 00:53:35 +0100}	commit: 1 file(s) in src/client/play-renderer.ts DELTA:+3/-3 | EXT:ts
7bc57a13dee4b729040e580a3f41a24cbb590f1c	HEAD@{2026-09-21 00:53:35 +0100}	commit: 1 file(s) in src/client/play-renderer.ts DELTA:+3/-3 | EXT:ts
4c95b4176e8f1691a323a9fc350fcb84c423b45b	gitlab/main@{2026-09-21 00:51:47 +0100}	update by push
4c95b4176e8f1691a323a9fc350fcb84c423b45b	origin/main@{2026-09-21 00:50:39 +0100}	update by push
4c95b4176e8f1691a323a9fc350fcb84c423b45b	main@{2026-09-21 00:50:35 +0100}	commit: 1 file(s) in src/client/play-renderer.ts DELTA:+6/-6 | EXT:ts
4c95b4176e8f1691a323a9fc350fcb84c423b45b	HEAD@{2026-09-21 00:50:35 +0100}	commit: 1 file(s) in src/client/play-renderer.ts DELTA:+6/-6 | EXT:ts
368007cfc26458be5ec85a5303ebf462a7b69fed	gitlab/main@{2026-09-21 00:49:20 +0100}	update by push
368007cfc26458be5ec85a5303ebf462a7b69fed	origin/main@{2026-09-21 00:49:18 +0100}	update by push
368007cfc26458be5ec85a5303ebf462a7b69fed	main@{2026-09-21 00:49:15 +0100}	commit: 1 file(s) in src/client/play-renderer.ts DELTA:+0/-1 | EXT:ts
368007cfc26458be5ec85a5303ebf462a7b69fed	HEAD@{2026-09-21 00:49:15 +0100}	commit: 1 file(s) in src/client/play-renderer.ts DELTA:+0/-1 | EXT:ts
9b22e6c1c3655c539b97cdc5bcacb559af2e3bed	gitlab/main@{2026-09-21 00:48:40 +0100}	update by push
9b22e6c1c3655c539b97cdc5bcacb559af2e3bed	origin/main@{2026-09-21 00:47:43 +0100}	update by push
9b22e6c1c3655c539b97cdc5bcacb559af2e3bed	main@{2026-09-21 00:47:39 +0100}	commit: 1 file(s) in src/client/play-renderer.ts DELTA:+0/-1 | EXT:ts
9b22e6c1c3655c539b97cdc5bcacb559af2e3bed	HEAD@{2026-09-21 00:47:39 +0100}	commit: 1 file(s) in src/client/play-renderer.ts DELTA:+0/-1 | EXT:ts
5bc325340c9d91b448119c520fd9233824b1a731	gitlab/main@{2026-09-21 00:45:57 +0100}	update by push
5bc325340c9d91b448119c520fd9233824b1a731	origin/main@{2026-09-21 00:45:55 +0100}	update by push
5bc325340c9d91b448119c520fd9233824b1a731	main@{2026-09-21 00:45:52 +0100}	commit: 1 file(s) in src/client/play-renderer.ts DELTA:+3/-0 | EXT:ts
5bc325340c9d91b448119c520fd9233824b1a731	HEAD@{2026-09-21 00:45:52 +0100}	commit: 1 file(s) in src/client/play-renderer.ts DELTA:+3/-0 | EXT:ts
ee94f34a65f32c0b74de9b16dd5ad0be6b10bafa	gitlab/main@{2026-09-21 00:38:51 +0100}	update by push
ee94f34a65f32c0b74de9b16dd5ad0be6b10bafa	origin/main@{2026-09-21 00:38:49 +0100}	update by push
ee94f34a65f32c0b74de9b16dd5ad0be6b10bafa	main@{2026-09-21 00:38:45 +0100}	commit: 1 file(s) in src/client/play-renderer.ts DELTA:+320/-298 | EXT:ts
ee94f34a65f32c0b74de9b16dd5ad0be6b10bafa	HEAD@{2026-09-21 00:38:45 +0100}	commit: 1 file(s) in src/client/play-renderer.ts DELTA:+320/-298 | EXT:ts
fe69d22ca22a8a08ec182392d509a9eec80f23be	gitlab/main@{2026-09-20 22:30:12 +0100}	update by push
fe69d22ca22a8a08ec182392d509a9eec80f23be	origin/main@{2026-09-20 22:30:10 +0100}	update by push
fe69d22ca22a8a08ec182392d509a9eec80f23be	main@{2026-09-20 22:30:06 +0100}	commit: 1 file(s) in tests/browser/q6-smoke.ts DELTA:+8/-2 | EXT:ts
fe69d22ca22a8a08ec182392d509a9eec80f23be	HEAD@{2026-09-20 22:30:06 +0100}	commit: 1 file(s) in tests/browser/q6-smoke.ts DELTA:+8/-2 | EXT:ts
7aa7628169d563820c3c2aed683d0a697da849f8	gitlab/main@{2026-09-20 22:20:44 +0100}	update by push
7aa7628169d563820c3c2aed683d0a697da849f8	origin/main@{2026-09-20 22:20:42 +0100}	update by push
7aa7628169d563820c3c2aed683d0a697da849f8	main@{2026-09-20 22:20:39 +0100}	commit: CLOSED: W7.1 Snapshot DTOs, W7.2 Snapshot unit, W7.3 Version handshake, W7.4 Reconnect UX, W7.5 Malformed-input rejection | 1 file(s) in design/phase-1/ITERATIONS.md DELTA:+8/-0 | EXT:md DOCSONLY:phase-1/ITERATIONS.md
7aa7628169d563820c3c2aed683d0a697da849f8	HEAD@{2026-09-20 22:20:39 +0100}	commit: CLOSED: W7.1 Snapshot DTOs, W7.2 Snapshot unit, W7.3 Version handshake, W7.4 Reconnect UX, W7.5 Malformed-input rejection | 1 file(s) in design/phase-1/ITERATIONS.md DELTA:+8/-0 | EXT:md DOCSONLY:phase-1/ITERATIONS.md
3649c8047559c36fabdfdc683b45e9b03ada70c6	gitlab/main@{2026-09-20 22:17:39 +0100}	update by push
3649c8047559c36fabdfdc683b45e9b03ada70c6	origin/main@{2026-09-20 22:17:37 +0100}	update by push
3649c8047559c36fabdfdc683b45e9b03ada70c6	main@{2026-09-20 22:17:34 +0100}	commit: 2 file(s) in src [src/routes/play/+page.svelte, src/shared/protocol/snapshots.ts] DELTA:+6/-1 | EXT:svelte,ts
3649c8047559c36fabdfdc683b45e9b03ada70c6	HEAD@{2026-09-20 22:17:34 +0100}	commit: 2 file(s) in src [src/routes/play/+page.svelte, src/shared/protocol/snapshots.ts] DELTA:+6/-1 | EXT:svelte,ts
430bf26498d21d7126533978dc53b37ce012faa9	gitlab/main@{2026-09-20 22:16:25 +0100}	update by push
430bf26498d21d7126533978dc53b37ce012faa9	origin/main@{2026-09-20 22:16:23 +0100}	update by push
430bf26498d21d7126533978dc53b37ce012faa9	main@{2026-09-20 22:16:20 +0100}	commit: 1 file(s) in src/shared/protocol/snapshots.ts DELTA:+2/-1 | EXT:ts
430bf26498d21d7126533978dc53b37ce012faa9	HEAD@{2026-09-20 22:16:20 +0100}	commit: 1 file(s) in src/shared/protocol/snapshots.ts DELTA:+2/-1 | EXT:ts
3465dedfc370685aa6b2f87cc32089adb6d1dff0	gitlab/main@{2026-09-20 22:15:21 +0100}	update by push
3465dedfc370685aa6b2f87cc32089adb6d1dff0	origin/main@{2026-09-20 22:15:19 +0100}	update by push
3465dedfc370685aa6b2f87cc32089adb6d1dff0	main@{2026-09-20 22:15:16 +0100}	commit: 1 file(s) in tests/unit/snapshots.test.ts DELTA:+0/-1 | EXT:ts TEST:1 TESTONLY:unit/snapshots.test.ts
3465dedfc370685aa6b2f87cc32089adb6d1dff0	HEAD@{2026-09-20 22:15:16 +0100}	commit: 1 file(s) in tests/unit/snapshots.test.ts DELTA:+0/-1 | EXT:ts TEST:1 TESTONLY:unit/snapshots.test.ts
b01e94625f5e15338784a385328dcc728211f2cb	gitlab/main@{2026-09-20 22:15:02 +0100}	update by push
b01e94625f5e15338784a385328dcc728211f2cb	origin/main@{2026-09-20 22:15:00 +0100}	update by push
b01e94625f5e15338784a385328dcc728211f2cb	main@{2026-09-20 22:14:57 +0100}	commit: 1 file(s) in tests/unit/snapshots.test.ts DELTA:+44/-0 | EXT:ts TEST:44 NEW:unit/snapshots.test.ts TESTONLY:unit/snapshots.test.ts
b01e94625f5e15338784a385328dcc728211f2cb	HEAD@{2026-09-20 22:14:57 +0100}	commit: 1 file(s) in tests/unit/snapshots.test.ts DELTA:+44/-0 | EXT:ts TEST:44 NEW:unit/snapshots.test.ts TESTONLY:unit/snapshots.test.ts
e62305ab2bc40bacc571a9082884df63ee7262ec	gitlab/main@{2026-09-20 22:14:32 +0100}	update by push
e62305ab2bc40bacc571a9082884df63ee7262ec	origin/main@{2026-09-20 22:14:30 +0100}	update by push
e62305ab2bc40bacc571a9082884df63ee7262ec	main@{2026-09-20 22:14:26 +0100}	commit: 1 file(s) in src/shared/protocol/snapshots.ts DELTA:+8/-31 | EXT:ts
e62305ab2bc40bacc571a9082884df63ee7262ec	HEAD@{2026-09-20 22:14:26 +0100}	commit: 1 file(s) in src/shared/protocol/snapshots.ts DELTA:+8/-31 | EXT:ts
cb5a75693baf4651b53dbcc08953f297f37aeec0	gitlab/main@{2026-09-20 22:14:05 +0100}	update by push
cb5a75693baf4651b53dbcc08953f297f37aeec0	origin/main@{2026-09-20 22:14:04 +0100}	update by push
cb5a75693baf4651b53dbcc08953f297f37aeec0	main@{2026-09-20 22:14:00 +0100}	commit: 1 file(s) in src/shared/protocol/snapshots.ts DELTA:+87/-0 | EXT:ts NEW:protocol/snapshots.ts
cb5a75693baf4651b53dbcc08953f297f37aeec0	HEAD@{2026-09-20 22:14:00 +0100}	commit: 1 file(s) in src/shared/protocol/snapshots.ts DELTA:+87/-0 | EXT:ts NEW:protocol/snapshots.ts
b153bcb73e1ec77f957386592bece7b9103287c8	gitlab/main@{2026-09-20 19:50:06 +0100}	update by push
b153bcb73e1ec77f957386592bece7b9103287c8	origin/main@{2026-09-20 19:50:04 +0100}	update by push
b153bcb73e1ec77f957386592bece7b9103287c8	main@{2026-09-20 19:50:01 +0100}	commit: 1 file(s) in tests/browser/q6-smoke.ts DELTA:+1/-1 | EXT:ts
b153bcb73e1ec77f957386592bece7b9103287c8	HEAD@{2026-09-20 19:50:01 +0100}	commit: 1 file(s) in tests/browser/q6-smoke.ts DELTA:+1/-1 | EXT:ts
309f7719ffc79463299c95dbcc3c0ef54a2c9328	gitlab/main@{2026-09-20 19:43:23 +0100}	update by push
309f7719ffc79463299c95dbcc3c0ef54a2c9328	origin/main@{2026-09-20 19:43:21 +0100}	update by push
309f7719ffc79463299c95dbcc3c0ef54a2c9328	main@{2026-09-20 19:43:17 +0100}	commit: CLOSED: Fix | 1 file(s) in design/phase-1/ITERATIONS.md DELTA:+4/-0 | EXT:md DOCSONLY:phase-1/ITERATIONS.md
309f7719ffc79463299c95dbcc3c0ef54a2c9328	HEAD@{2026-09-20 19:43:17 +0100}	commit: CLOSED: Fix | 1 file(s) in design/phase-1/ITERATIONS.md DELTA:+4/-0 | EXT:md DOCSONLY:phase-1/ITERATIONS.md
6ff966b8aa7c92f11523bd01543963b15d475909	gitlab/main@{2026-09-20 19:33:15 +0100}	update by push
6ff966b8aa7c92f11523bd01543963b15d475909	origin/main@{2026-09-20 19:33:14 +0100}	update by push
6ff966b8aa7c92f11523bd01543963b15d475909	main@{2026-09-20 19:33:10 +0100}	commit: 1 file(s) in tests/browser/q6-smoke.ts DELTA:+1/-1 | EXT:ts
6ff966b8aa7c92f11523bd01543963b15d475909	HEAD@{2026-09-20 19:33:10 +0100}	commit: 1 file(s) in tests/browser/q6-smoke.ts DELTA:+1/-1 | EXT:ts
9362679c555c50dab3c8daf27ff30ac0212b8e50	gitlab/main@{2026-09-20 19:29:03 +0100}	update by push
9362679c555c50dab3c8daf27ff30ac0212b8e50	origin/main@{2026-09-20 19:29:01 +0100}	update by push
9362679c555c50dab3c8daf27ff30ac0212b8e50	main@{2026-09-20 19:28:58 +0100}	commit: 1 file(s) in tests/browser/q6-smoke.ts DELTA:+4/-1 | EXT:ts
9362679c555c50dab3c8daf27ff30ac0212b8e50	HEAD@{2026-09-20 19:28:58 +0100}	commit: 1 file(s) in tests/browser/q6-smoke.ts DELTA:+4/-1 | EXT:ts
1fac52edea6d64f6e4345f708f29612d683eea79	gitlab/main@{2026-09-20 19:13:29 +0100}	update by push
1fac52edea6d64f6e4345f708f29612d683eea79	origin/main@{2026-09-20 19:13:26 +0100}	update by push
1fac52edea6d64f6e4345f708f29612d683eea79	main@{2026-09-20 19:13:23 +0100}	commit: 1 file(s) in tests/browser/q6-smoke.ts DELTA:+0/-1 | EXT:ts
1fac52edea6d64f6e4345f708f29612d683eea79	HEAD@{2026-09-20 19:13:23 +0100}	commit: 1 file(s) in tests/browser/q6-smoke.ts DELTA:+0/-1 | EXT:ts
679b0abafb2891d0be90180614525c59efff964e	gitlab/main@{2026-09-20 19:11:51 +0100}	update by push
679b0abafb2891d0be90180614525c59efff964e	origin/main@{2026-09-20 19:11:49 +0100}	update by push
679b0abafb2891d0be90180614525c59efff964e	main@{2026-09-20 19:11:46 +0100}	commit: 1 file(s) in tests/browser/q6-smoke.ts DELTA:+0/-3 | EXT:ts
679b0abafb2891d0be90180614525c59efff964e	HEAD@{2026-09-20 19:11:46 +0100}	commit: 1 file(s) in tests/browser/q6-smoke.ts DELTA:+0/-3 | EXT:ts
b229a0f19dba7dfac91f888e4da6510d4c10b130	gitlab/main@{2026-09-20 19:07:45 +0100}	update by push
b229a0f19dba7dfac91f888e4da6510d4c10b130	origin/main@{2026-09-20 19:07:43 +0100}	update by push
b229a0f19dba7dfac91f888e4da6510d4c10b130	main@{2026-09-20 19:07:40 +0100}	commit: 1 file(s) in tests/browser/q6-smoke.ts DELTA:+1/-3 | EXT:ts
b229a0f19dba7dfac91f888e4da6510d4c10b130	HEAD@{2026-09-20 19:07:40 +0100}	commit: 1 file(s) in tests/browser/q6-smoke.ts DELTA:+1/-3 | EXT:ts
5332f9df0ae4ef89a565e631c9de4f0491528c98	gitlab/main@{2026-09-20 19:05:36 +0100}	update by push
5332f9df0ae4ef89a565e631c9de4f0491528c98	origin/main@{2026-09-20 19:05:34 +0100}	update by push
5332f9df0ae4ef89a565e631c9de4f0491528c98	main@{2026-09-20 19:05:30 +0100}	commit: 1 file(s) in tests/browser/q6-smoke.ts DELTA:+1/-7 | EXT:ts
5332f9df0ae4ef89a565e631c9de4f0491528c98	HEAD@{2026-09-20 19:05:30 +0100}	commit: 1 file(s) in tests/browser/q6-smoke.ts DELTA:+1/-7 | EXT:ts
69449af26fa89798293737e091f7446653248f46	gitlab/main@{2026-09-20 18:34:14 +0100}	update by push
69449af26fa89798293737e091f7446653248f46	origin/main@{2026-09-20 18:34:11 +0100}	update by push
69449af26fa89798293737e091f7446653248f46	main@{2026-09-20 18:34:08 +0100}	commit: 1 file(s) in tests/browser/q6-smoke.ts DELTA:+2/-2 | EXT:ts
69449af26fa89798293737e091f7446653248f46	HEAD@{2026-09-20 18:34:08 +0100}	commit: 1 file(s) in tests/browser/q6-smoke.ts DELTA:+2/-2 | EXT:ts
ad10fb15beebc67afbb341b5f19a1fe7b0e4ce48	gitlab/main@{2026-09-20 18:30:27 +0100}	update by push
ad10fb15beebc67afbb341b5f19a1fe7b0e4ce48	origin/main@{2026-09-20 18:30:25 +0100}	update by push
ad10fb15beebc67afbb341b5f19a1fe7b0e4ce48	main@{2026-09-20 18:30:21 +0100}	commit: 1 file(s) in tests/browser/q6-smoke.ts DELTA:+2/-2 | EXT:ts
ad10fb15beebc67afbb341b5f19a1fe7b0e4ce48	HEAD@{2026-09-20 18:30:21 +0100}	commit: 1 file(s) in tests/browser/q6-smoke.ts DELTA:+2/-2 | EXT:ts
1b467eea20975d27f3be35bb48666d7de433ea10	gitlab/main@{2026-09-20 17:38:29 +0100}	update by push
1b467eea20975d27f3be35bb48666d7de433ea10	origin/main@{2026-09-20 17:38:27 +0100}	update by push
1b467eea20975d27f3be35bb48666d7de433ea10	main@{2026-09-20 17:38:24 +0100}	commit: 1 file(s) in src/routes/play/+page.svelte DELTA:+2/-0 | EXT:svelte
1b467eea20975d27f3be35bb48666d7de433ea10	HEAD@{2026-09-20 17:38:24 +0100}	commit: 1 file(s) in src/routes/play/+page.svelte DELTA:+2/-0 | EXT:svelte
50a1d1c5508a29e5481ac1066f72ae8db78dbb92	gitlab/main@{2026-09-20 17:22:58 +0100}	update by push
50a1d1c5508a29e5481ac1066f72ae8db78dbb92	origin/main@{2026-09-20 17:22:56 +0100}	update by push
50a1d1c5508a29e5481ac1066f72ae8db78dbb92	main@{2026-09-20 17:22:53 +0100}	commit: 1 file(s) in tests/browser/q6-smoke.ts DELTA:+0/-1 | EXT:ts
50a1d1c5508a29e5481ac1066f72ae8db78dbb92	HEAD@{2026-09-20 17:22:53 +0100}	commit: 1 file(s) in tests/browser/q6-smoke.ts DELTA:+0/-1 | EXT:ts
d9df699db3384b0ebb126f7471cecc1c620992b9	gitlab/main@{2026-09-20 16:58:59 +0100}	update by push
d9df699db3384b0ebb126f7471cecc1c620992b9	origin/main@{2026-09-20 16:58:57 +0100}	update by push
d9df699db3384b0ebb126f7471cecc1c620992b9	main@{2026-09-20 16:58:54 +0100}	commit: 1 file(s) in tests/browser/q6-smoke.ts DELTA:+1/-1 | EXT:ts
d9df699db3384b0ebb126f7471cecc1c620992b9	HEAD@{2026-09-20 16:58:54 +0100}	commit: 1 file(s) in tests/browser/q6-smoke.ts DELTA:+1/-1 | EXT:ts
b96d9fdae8e8d89bae0fe761ef1ff25d3ab4897b	gitlab/main@{2026-09-20 16:57:07 +0100}	update by push
b96d9fdae8e8d89bae0fe761ef1ff25d3ab4897b	origin/main@{2026-09-20 16:57:05 +0100}	update by push
b96d9fdae8e8d89bae0fe761ef1ff25d3ab4897b	main@{2026-09-20 16:57:02 +0100}	commit: 1 file(s) in tests/browser/q6-smoke.ts DELTA:+1/-1 | EXT:ts
b96d9fdae8e8d89bae0fe761ef1ff25d3ab4897b	HEAD@{2026-09-20 16:57:02 +0100}	commit: 1 file(s) in tests/browser/q6-smoke.ts DELTA:+1/-1 | EXT:ts
90040ca9f8b8aa2dc6eeb7edf091365931fe0368	gitlab/main@{2026-09-20 16:55:22 +0100}	update by push
90040ca9f8b8aa2dc6eeb7edf091365931fe0368	origin/main@{2026-09-20 16:55:20 +0100}	update by push
90040ca9f8b8aa2dc6eeb7edf091365931fe0368	main@{2026-09-20 16:55:16 +0100}	commit: 1 file(s) in tests/browser/q6-smoke.ts DELTA:+69/-22 | EXT:ts
90040ca9f8b8aa2dc6eeb7edf091365931fe0368	HEAD@{2026-09-20 16:55:16 +0100}	commit: 1 file(s) in tests/browser/q6-smoke.ts DELTA:+69/-22 | EXT:ts
295599b8bbbdefe946f009c4f2b66bb2e9c9fd49	gitlab/main@{2026-09-20 16:53:43 +0100}	update by push
295599b8bbbdefe946f009c4f2b66bb2e9c9fd49	origin/main@{2026-09-20 16:53:41 +0100}	update by push
295599b8bbbdefe946f009c4f2b66bb2e9c9fd49	main@{2026-09-20 16:53:36 +0100}	commit: 1 file(s) in tests/browser/q6-smoke.ts DELTA:+1/-0 | EXT:ts
295599b8bbbdefe946f009c4f2b66bb2e9c9fd49	HEAD@{2026-09-20 16:53:36 +0100}	commit: 1 file(s) in tests/browser/q6-smoke.ts DELTA:+1/-0 | EXT:ts
c210089f05aa59b6526aceff679b400c1cc5d58f	gitlab/main@{2026-09-20 16:51:49 +0100}	update by push
c210089f05aa59b6526aceff679b400c1cc5d58f	origin/main@{2026-09-20 16:51:47 +0100}	update by push
c210089f05aa59b6526aceff679b400c1cc5d58f	main@{2026-09-20 16:51:44 +0100}	commit: 2 file(s) in src,tests [tests/browser/q6-smoke.ts, src/routes/play/+page.svelte] DELTA:+39/-36 | EXT:svelte,ts
c210089f05aa59b6526aceff679b400c1cc5d58f	HEAD@{2026-09-20 16:51:44 +0100}	commit: 2 file(s) in src,tests [tests/browser/q6-smoke.ts, src/routes/play/+page.svelte] DELTA:+39/-36 | EXT:svelte,ts
661cfae4d1baf1e14ac8fea5a364da86d600b3c2	gitlab/main@{2026-09-20 16:17:08 +0100}	update by push
661cfae4d1baf1e14ac8fea5a364da86d600b3c2	origin/main@{2026-09-20 16:17:05 +0100}	update by push
661cfae4d1baf1e14ac8fea5a364da86d600b3c2	main@{2026-09-20 16:17:01 +0100}	commit: 1 file(s) in src/client/play-renderer.ts DELTA:+131/-24 | EXT:ts
661cfae4d1baf1e14ac8fea5a364da86d600b3c2	HEAD@{2026-09-20 16:17:01 +0100}	commit: 1 file(s) in src/client/play-renderer.ts DELTA:+131/-24 | EXT:ts
f4f5e1b295af06051f120f0e8800ef450b81b729	gitlab/main@{2026-09-20 00:12:21 +0100}	update by push
f4f5e1b295af06051f120f0e8800ef450b81b729	origin/main@{2026-09-20 00:12:18 +0100}	update by push
f4f5e1b295af06051f120f0e8800ef450b81b729	main@{2026-09-20 00:12:15 +0100}	commit: CLOSED: Full bun run, Visual audit, Zero page errors,, Props | 1 file(s) in design/phase-1/ITERATIONS.md DELTA:+7/-0 | EXT:md DOCSONLY:phase-1/ITERATIONS.md
f4f5e1b295af06051f120f0e8800ef450b81b729	HEAD@{2026-09-20 00:12:15 +0100}	commit: CLOSED: Full bun run, Visual audit, Zero page errors,, Props | 1 file(s) in design/phase-1/ITERATIONS.md DELTA:+7/-0 | EXT:md DOCSONLY:phase-1/ITERATIONS.md
8ed5483b9f14c2cde146f911bca1a14932f661a1	gitlab/main@{2026-09-20 00:04:52 +0100}	update by push
8ed5483b9f14c2cde146f911bca1a14932f661a1	origin/main@{2026-09-20 00:04:47 +0100}	update by push
8ed5483b9f14c2cde146f911bca1a14932f661a1	main@{2026-09-20 00:04:44 +0100}	commit: 1 file(s) in src/client/play-renderer.ts DELTA:+24/-0 | EXT:ts
8ed5483b9f14c2cde146f911bca1a14932f661a1	HEAD@{2026-09-20 00:04:44 +0100}	commit: 1 file(s) in src/client/play-renderer.ts DELTA:+24/-0 | EXT:ts
8cc98422720982707a7c9a7efd849575ae278ff4	gitlab/main@{2026-09-19 23:56:20 +0100}	update by push
8cc98422720982707a7c9a7efd849575ae278ff4	origin/main@{2026-09-19 23:56:18 +0100}	update by push
8cc98422720982707a7c9a7efd849575ae278ff4	main@{2026-09-19 23:56:14 +0100}	commit: 1 file(s) in src/client/play-renderer.ts DELTA:+1/-1 | EXT:ts
8cc98422720982707a7c9a7efd849575ae278ff4	HEAD@{2026-09-19 23:56:14 +0100}	commit: 1 file(s) in src/client/play-renderer.ts DELTA:+1/-1 | EXT:ts
f052fc5041432e9d22aeb931f3f75327831e1005	gitlab/main@{2026-09-19 23:54:13 +0100}	update by push
f052fc5041432e9d22aeb931f3f75327831e1005	origin/main@{2026-09-19 23:54:11 +0100}	update by push
f052fc5041432e9d22aeb931f3f75327831e1005	main@{2026-09-19 23:54:07 +0100}	commit: 1 file(s) in src/client/play-renderer.ts DELTA:+11/-3 | EXT:ts
f052fc5041432e9d22aeb931f3f75327831e1005	HEAD@{2026-09-19 23:54:07 +0100}	commit: 1 file(s) in src/client/play-renderer.ts DELTA:+11/-3 | EXT:ts
6ae4e88c88afd59926a48edb193bb0e635d2e2f4	gitlab/main@{2026-09-19 23:49:52 +0100}	update by push
6ae4e88c88afd59926a48edb193bb0e635d2e2f4	origin/main@{2026-09-19 23:49:50 +0100}	update by push
6ae4e88c88afd59926a48edb193bb0e635d2e2f4	main@{2026-09-19 23:49:46 +0100}	commit: 1 file(s) in src/routes/play/+page.svelte DELTA:+1/-1 | EXT:svelte
6ae4e88c88afd59926a48edb193bb0e635d2e2f4	HEAD@{2026-09-19 23:49:46 +0100}	commit: 1 file(s) in src/routes/play/+page.svelte DELTA:+1/-1 | EXT:svelte
e91ac8c307d4f40b97ca0d6d8deccc7b0b9f7808	gitlab/main@{2026-09-19 22:16:03 +0100}	update by push
e91ac8c307d4f40b97ca0d6d8deccc7b0b9f7808	origin/main@{2026-09-19 22:16:01 +0100}	update by push
e91ac8c307d4f40b97ca0d6d8deccc7b0b9f7808	main@{2026-09-19 22:15:57 +0100}	commit: CLOSED: V1. Car rendering, V2. Road markings, V3. Camera centering, V4. North district, V5. Garage marker, V6. Beacon, V7. Parking bays, V8. Per-car stats, V9. Fleet | 1 file(s) in design/phase-1/ITERATIONS.md DELTA:+12/-0 | DOCSONLY:phase-1/ITERATIONS.md
e91ac8c307d4f40b97ca0d6d8deccc7b0b9f7808	HEAD@{2026-09-19 22:15:57 +0100}	commit: CLOSED: V1. Car rendering, V2. Road markings, V3. Camera centering, V4. North district, V5. Garage marker, V6. Beacon, V7. Parking bays, V8. Per-car stats, V9. Fleet | 1 file(s) in design/phase-1/ITERATIONS.md DELTA:+12/-0 | DOCSONLY:phase-1/ITERATIONS.md
f49b96dfaba2257d1e0602d2153d790042fbc482	gitlab/main@{2026-09-19 22:09:06 +0100}	update by push
f49b96dfaba2257d1e0602d2153d790042fbc482	origin/main@{2026-09-19 22:09:04 +0100}	update by push
f49b96dfaba2257d1e0602d2153d790042fbc482	main@{2026-09-19 22:09:00 +0100}	commit: 1 file(s) in src/client/play-renderer.ts DELTA:+6/-2 | EXT:ts
f49b96dfaba2257d1e0602d2153d790042fbc482	HEAD@{2026-09-19 22:09:00 +0100}	commit: 1 file(s) in src/client/play-renderer.ts DELTA:+6/-2 | EXT:ts
4685a7eee8646480e7880120911da0536381c619	gitlab/main@{2026-09-19 21:59:40 +0100}	update by push
4685a7eee8646480e7880120911da0536381c619	origin/main@{2026-09-19 21:59:38 +0100}	update by push
4685a7eee8646480e7880120911da0536381c619	main@{2026-09-19 21:59:35 +0100}	commit: 1 file(s) in src/client/play-renderer.ts DELTA:+62/-23 | EXT:ts
4685a7eee8646480e7880120911da0536381c619	HEAD@{2026-09-19 21:59:35 +0100}	commit: 1 file(s) in src/client/play-renderer.ts DELTA:+62/-23 | EXT:ts
2a47613b592d051063554769d84c96f3ea02a0fe	gitlab/main@{2026-09-19 21:23:12 +0100}	update by push
2a47613b592d051063554769d84c96f3ea02a0fe	origin/main@{2026-09-19 21:23:10 +0100}	update by push
2a47613b592d051063554769d84c96f3ea02a0fe	main@{2026-09-19 21:23:07 +0100}	commit: 1 file(s) in design/GAME-PLAN.md DELTA:+1/-1 | EXT:md DOCSONLY:design/GAME-PLAN.md
2a47613b592d051063554769d84c96f3ea02a0fe	HEAD@{2026-09-19 21:23:07 +0100}	commit: 1 file(s) in design/GAME-PLAN.md DELTA:+1/-1 | EXT:md DOCSONLY:design/GAME-PLAN.md
9f9bca7988f566f790885aa985da99e2706e5e89	gitlab/main@{2026-09-19 21:23:00 +0100}	update by push
9f9bca7988f566f790885aa985da99e2706e5e89	origin/main@{2026-09-19 21:22:58 +0100}	update by push
9f9bca7988f566f790885aa985da99e2706e5e89	main@{2026-09-19 21:22:54 +0100}	commit: CLOSED: W6.1 Minimap, W6.2 Pause, W6.3 Help/control legend | 1 file(s) in design/phase-1/ITERATIONS.md DELTA:+6/-0 | EXT:md DOCSONLY:phase-1/ITERATIONS.md
9f9bca7988f566f790885aa985da99e2706e5e89	HEAD@{2026-09-19 21:22:54 +0100}	commit: CLOSED: W6.1 Minimap, W6.2 Pause, W6.3 Help/control legend | 1 file(s) in design/phase-1/ITERATIONS.md DELTA:+6/-0 | EXT:md DOCSONLY:phase-1/ITERATIONS.md
e7b19a34ae644c50f4e3a11b8b2f7ce319f1e8e8	gitlab/main@{2026-09-19 21:17:43 +0100}	update by push
e7b19a34ae644c50f4e3a11b8b2f7ce319f1e8e8	origin/main@{2026-09-19 21:17:41 +0100}	update by push
e7b19a34ae644c50f4e3a11b8b2f7ce319f1e8e8	main@{2026-09-19 21:17:38 +0100}	commit: 1 file(s) in src/routes/play/+page.svelte DELTA:+37/-1 | EXT:svelte
e7b19a34ae644c50f4e3a11b8b2f7ce319f1e8e8	HEAD@{2026-09-19 21:17:38 +0100}	commit: 1 file(s) in src/routes/play/+page.svelte DELTA:+37/-1 | EXT:svelte
8a7b82f2ae73f34d185861827b5a716c655a32a8	gitlab/main@{2026-09-19 21:08:33 +0100}	update by push
8a7b82f2ae73f34d185861827b5a716c655a32a8	origin/main@{2026-09-19 21:08:31 +0100}	update by push
8a7b82f2ae73f34d185861827b5a716c655a32a8	main@{2026-09-19 21:08:28 +0100}	commit: 1 file(s) in src/client/economy.ts DELTA:+1/-1 | EXT:ts
8a7b82f2ae73f34d185861827b5a716c655a32a8	HEAD@{2026-09-19 21:08:28 +0100}	commit: 1 file(s) in src/client/economy.ts DELTA:+1/-1 | EXT:ts
add5593b2039e410129b3d0b70e4ebd3f4e33740	gitlab/main@{2026-09-19 20:37:18 +0100}	update by push
add5593b2039e410129b3d0b70e4ebd3f4e33740	origin/main@{2026-09-19 20:37:16 +0100}	update by push
add5593b2039e410129b3d0b70e4ebd3f4e33740	main@{2026-09-19 20:37:13 +0100}	commit: 1 file(s) in tests/unit/free-roam.test.ts DELTA:+2/-1 | EXT:ts TEST:3 TESTONLY:unit/free-roam.test.ts
add5593b2039e410129b3d0b70e4ebd3f4e33740	HEAD@{2026-09-19 20:37:13 +0100}	commit: 1 file(s) in tests/unit/free-roam.test.ts DELTA:+2/-1 | EXT:ts TEST:3 TESTONLY:unit/free-roam.test.ts
617524e2bfc3cf9608b300ddbcae6100874a594b	gitlab/main@{2026-09-19 20:36:56 +0100}	update by push
617524e2bfc3cf9608b300ddbcae6100874a594b	origin/main@{2026-09-19 20:36:54 +0100}	update by push
617524e2bfc3cf9608b300ddbcae6100874a594b	main@{2026-09-19 20:36:51 +0100}	commit: 1 file(s) in tests/unit/free-roam.test.ts DELTA:+43/-0 | EXT:ts TEST:43 TESTONLY:unit/free-roam.test.ts
617524e2bfc3cf9608b300ddbcae6100874a594b	HEAD@{2026-09-19 20:36:51 +0100}	commit: 1 file(s) in tests/unit/free-roam.test.ts DELTA:+43/-0 | EXT:ts TEST:43 TESTONLY:unit/free-roam.test.ts
e1f48c052126f54b05e864f2750adb94a9017278	gitlab/main@{2026-09-19 20:36:31 +0100}	update by push
e1f48c052126f54b05e864f2750adb94a9017278	origin/main@{2026-09-19 20:36:29 +0100}	update by push
e1f48c052126f54b05e864f2750adb94a9017278	main@{2026-09-19 20:36:25 +0100}	commit: 1 file(s) in src/client/economy.ts DELTA:+1/-0 | EXT:ts
e1f48c052126f54b05e864f2750adb94a9017278	HEAD@{2026-09-19 20:36:25 +0100}	commit: 1 file(s) in src/client/economy.ts DELTA:+1/-0 | EXT:ts
5abda23ea169f3d02c95fac149f633f120ce6896	gitlab/main@{2026-09-19 20:33:50 +0100}	update by push
5abda23ea169f3d02c95fac149f633f120ce6896	origin/main@{2026-09-19 20:33:48 +0100}	update by push
5abda23ea169f3d02c95fac149f633f120ce6896	main@{2026-09-19 20:33:45 +0100}	commit: 1 file(s) in src/client/economy.ts DELTA:+56/-3 | EXT:ts
5abda23ea169f3d02c95fac149f633f120ce6896	HEAD@{2026-09-19 20:33:45 +0100}	commit: 1 file(s) in src/client/economy.ts DELTA:+56/-3 | EXT:ts
5a0ce26f13b5457905c5ea8d5aa04a3f0abe7f0f	gitlab/main@{2026-09-19 20:31:34 +0100}	update by push
5a0ce26f13b5457905c5ea8d5aa04a3f0abe7f0f	origin/main@{2026-09-19 20:31:32 +0100}	update by push
5a0ce26f13b5457905c5ea8d5aa04a3f0abe7f0f	main@{2026-09-19 20:31:29 +0100}	commit: CLOSED: W4.1 Heat lite, W4.2 Bankruptcy detection, W4.3 Clinic comeback, W4.4 Clinic marker, W4.5 Fence marker, W4.6 Heat chip, W4.7 Unit tests | 1 file(s) in design/phase-1/ITERATIONS.md DELTA:+10/-0 | EXT:md DOCSONLY:phase-1/ITERATIONS.md
5a0ce26f13b5457905c5ea8d5aa04a3f0abe7f0f	HEAD@{2026-09-19 20:31:29 +0100}	commit: CLOSED: W4.1 Heat lite, W4.2 Bankruptcy detection, W4.3 Clinic comeback, W4.4 Clinic marker, W4.5 Fence marker, W4.6 Heat chip, W4.7 Unit tests | 1 file(s) in design/phase-1/ITERATIONS.md DELTA:+10/-0 | EXT:md DOCSONLY:phase-1/ITERATIONS.md
b958faa3982d9ccdcc037d636928cef3db970f1d	gitlab/main@{2026-09-19 20:25:46 +0100}	update by push
b958faa3982d9ccdcc037d636928cef3db970f1d	origin/main@{2026-09-19 20:25:44 +0100}	update by push
b958faa3982d9ccdcc037d636928cef3db970f1d	main@{2026-09-19 20:25:40 +0100}	commit: 1 file(s) in src/routes/play/+page.svelte DELTA:+10/-0 | EXT:svelte
b958faa3982d9ccdcc037d636928cef3db970f1d	HEAD@{2026-09-19 20:25:40 +0100}	commit: 1 file(s) in src/routes/play/+page.svelte DELTA:+10/-0 | EXT:svelte
9ac5890ad8d98ea2e25818b1c7892f8589a52e83	gitlab/main@{2026-09-19 20:23:05 +0100}	update by push
9ac5890ad8d98ea2e25818b1c7892f8589a52e83	origin/main@{2026-09-19 20:23:03 +0100}	update by push
9ac5890ad8d98ea2e25818b1c7892f8589a52e83	main@{2026-09-19 20:23:00 +0100}	commit: 1 file(s) in src/client/play-renderer.ts DELTA:+13/-0 | EXT:ts
9ac5890ad8d98ea2e25818b1c7892f8589a52e83	HEAD@{2026-09-19 20:23:00 +0100}	commit: 1 file(s) in src/client/play-renderer.ts DELTA:+13/-0 | EXT:ts
a9dd5827c3254727d0608e437b0d9a87c2579b72	gitlab/main@{2026-09-19 20:22:32 +0100}	update by push
a9dd5827c3254727d0608e437b0d9a87c2579b72	origin/main@{2026-09-19 20:22:30 +0100}	update by push
a9dd5827c3254727d0608e437b0d9a87c2579b72	main@{2026-09-19 20:22:27 +0100}	commit: 2 file(s) in src,tests [tests/unit/free-roam.test.ts, src/client/economy.ts] DELTA:+56/-0 | EXT:ts TEST:32
a9dd5827c3254727d0608e437b0d9a87c2579b72	HEAD@{2026-09-19 20:22:27 +0100}	commit: 2 file(s) in src,tests [tests/unit/free-roam.test.ts, src/client/economy.ts] DELTA:+56/-0 | EXT:ts TEST:32
4c9693c3eb857b462c0fc76aeb6ce0809e9b082d	gitlab/main@{2026-09-19 20:20:06 +0100}	update by push
4c9693c3eb857b462c0fc76aeb6ce0809e9b082d	origin/main@{2026-09-19 20:20:04 +0100}	update by push
4c9693c3eb857b462c0fc76aeb6ce0809e9b082d	main@{2026-09-19 20:20:00 +0100}	commit: CLOSED: W3.7 Fleet expansion, W3.8 Per-car performance, W3.9 Vehicle interface, W3.10 Garage marker, W3.11 Day/night cycle, W3.12 Zone names, W3.13 Two new, W3.14 Unit tests | 2 file(s) in design DELTA:+29/-4 | DOCSONLY:phase-1/ITERATIONS.md,design/GAME-PLAN.md
4c9693c3eb857b462c0fc76aeb6ce0809e9b082d	HEAD@{2026-09-19 20:20:00 +0100}	commit: CLOSED: W3.7 Fleet expansion, W3.8 Per-car performance, W3.9 Vehicle interface, W3.10 Garage marker, W3.11 Day/night cycle, W3.12 Zone names, W3.13 Two new, W3.14 Unit tests | 2 file(s) in design DELTA:+29/-4 | DOCSONLY:phase-1/ITERATIONS.md,design/GAME-PLAN.md
fc51a57807927a16a996513d01cafa88af2c3084	gitlab/main@{2026-09-19 20:13:49 +0100}	update by push
fc51a57807927a16a996513d01cafa88af2c3084	origin/main@{2026-09-19 20:13:47 +0100}	update by push
fc51a57807927a16a996513d01cafa88af2c3084	main@{2026-09-19 20:13:44 +0100}	commit: 2 file(s) in src,tests [src/client/free-roam.ts, tests/unit/free-roam.test.ts] DELTA:+4/-4 | EXT:ts TEST:2
fc51a57807927a16a996513d01cafa88af2c3084	HEAD@{2026-09-19 20:13:44 +0100}	commit: 2 file(s) in src,tests [src/client/free-roam.ts, tests/unit/free-roam.test.ts] DELTA:+4/-4 | EXT:ts TEST:2
2cfb5887a5e93cb2a8e3ecd791f9a0a70fd42ced	gitlab/main@{2026-09-19 20:12:15 +0100}	update by push
2cfb5887a5e93cb2a8e3ecd791f9a0a70fd42ced	origin/main@{2026-09-19 20:12:13 +0100}	update by push
2cfb5887a5e93cb2a8e3ecd791f9a0a70fd42ced	main@{2026-09-19 20:12:09 +0100}	commit: 1 file(s) in tests/unit/free-roam.test.ts DELTA:+1/-1 | EXT:ts TEST:2 TESTONLY:unit/free-roam.test.ts
2cfb5887a5e93cb2a8e3ecd791f9a0a70fd42ced	HEAD@{2026-09-19 20:12:09 +0100}	commit: 1 file(s) in tests/unit/free-roam.test.ts DELTA:+1/-1 | EXT:ts TEST:2 TESTONLY:unit/free-roam.test.ts
5e011d0f44d2f20b95c853fbce30fd584962eb2a	gitlab/main@{2026-09-19 20:11:12 +0100}	update by push
5e011d0f44d2f20b95c853fbce30fd584962eb2a	origin/main@{2026-09-19 20:11:10 +0100}	update by push
5e011d0f44d2f20b95c853fbce30fd584962eb2a	main@{2026-09-19 20:11:06 +0100}	commit: 1 file(s) in src/sim/vehicle.ts DELTA:+6/-2 | EXT:ts
5e011d0f44d2f20b95c853fbce30fd584962eb2a	HEAD@{2026-09-19 20:11:06 +0100}	commit: 1 file(s) in src/sim/vehicle.ts DELTA:+6/-2 | EXT:ts
a885d5323a943a94da123ac87f4470e4281525b8	gitlab/main@{2026-09-19 20:10:18 +0100}	update by push
a885d5323a943a94da123ac87f4470e4281525b8	origin/main@{2026-09-19 20:10:16 +0100}	update by push
a885d5323a943a94da123ac87f4470e4281525b8	main@{2026-09-19 20:10:13 +0100}	commit: 1 file(s) in src/client/free-roam.ts DELTA:+3/-0 | EXT:ts
a885d5323a943a94da123ac87f4470e4281525b8	HEAD@{2026-09-19 20:10:13 +0100}	commit: 1 file(s) in src/client/free-roam.ts DELTA:+3/-0 | EXT:ts
1a5847743df6f4120be55374cc21fa39736c33c2	gitlab/main@{2026-09-19 20:09:54 +0100}	update by push
1a5847743df6f4120be55374cc21fa39736c33c2	origin/main@{2026-09-19 20:09:52 +0100}	update by push
1a5847743df6f4120be55374cc21fa39736c33c2	main@{2026-09-19 20:09:49 +0100}	commit: 1 file(s) in src/sim/vehicle.ts DELTA:+4/-2 | EXT:ts
1a5847743df6f4120be55374cc21fa39736c33c2	HEAD@{2026-09-19 20:09:49 +0100}	commit: 1 file(s) in src/sim/vehicle.ts DELTA:+4/-2 | EXT:ts
86981f35bc93530cf63085e633cda3d7105416a1	gitlab/main@{2026-09-19 20:09:33 +0100}	update by push
86981f35bc93530cf63085e633cda3d7105416a1	origin/main@{2026-09-19 20:09:31 +0100}	update by push
86981f35bc93530cf63085e633cda3d7105416a1	main@{2026-09-19 20:09:27 +0100}	commit: 1 file(s) in src/sim/vehicle.ts DELTA:+32/-7 | EXT:ts
86981f35bc93530cf63085e633cda3d7105416a1	HEAD@{2026-09-19 20:09:27 +0100}	commit: 1 file(s) in src/sim/vehicle.ts DELTA:+32/-7 | EXT:ts
de44fa33a6371cbab752e39a82689315aa29c325	gitlab/main@{2026-09-19 18:44:14 +0100}	update by push
de44fa33a6371cbab752e39a82689315aa29c325	origin/main@{2026-09-19 18:43:29 +0100}	update by push
de44fa33a6371cbab752e39a82689315aa29c325	main@{2026-09-19 18:43:25 +0100}	commit: CLOSED: W3.1 District expansion, W3.2 Zone names, W3.3 Garage property, W3.4 Two north, W3.5 Day/night cycle, W3.6 North unit | 1 file(s) in design/phase-1/ITERATIONS.md DELTA:+9/-0 | EXT:md DOCSONLY:phase-1/ITERATIONS.md
de44fa33a6371cbab752e39a82689315aa29c325	HEAD@{2026-09-19 18:43:25 +0100}	commit: CLOSED: W3.1 District expansion, W3.2 Zone names, W3.3 Garage property, W3.4 Two north, W3.5 Day/night cycle, W3.6 North unit | 1 file(s) in design/phase-1/ITERATIONS.md DELTA:+9/-0 | EXT:md DOCSONLY:phase-1/ITERATIONS.md
883c0c693c9a9c96617340ce668c02b9b2f0b545	gitlab/main@{2026-09-19 18:34:56 +0100}	update by push
883c0c693c9a9c96617340ce668c02b9b2f0b545	origin/main@{2026-09-19 18:34:54 +0100}	update by push
883c0c693c9a9c96617340ce668c02b9b2f0b545	main@{2026-09-19 18:34:50 +0100}	commit: 1 file(s) in tests/unit/free-roam.test.ts DELTA:+2/-3 | EXT:ts TEST:5 TESTONLY:unit/free-roam.test.ts
883c0c693c9a9c96617340ce668c02b9b2f0b545	HEAD@{2026-09-19 18:34:50 +0100}	commit: 1 file(s) in tests/unit/free-roam.test.ts DELTA:+2/-3 | EXT:ts TEST:5 TESTONLY:unit/free-roam.test.ts
bb91bad952964bc80581d330f01dd33fb2f75b17	gitlab/main@{2026-09-19 18:34:33 +0100}	update by push
bb91bad952964bc80581d330f01dd33fb2f75b17	origin/main@{2026-09-19 18:34:29 +0100}	update by push
bb91bad952964bc80581d330f01dd33fb2f75b17	main@{2026-09-19 18:34:26 +0100}	commit: 3 file(s) in src,tests [src/client/play-renderer.ts, src/routes/play/+page.svelte, tests/unit/free-roam.test.ts] DELTA:+33/-3 | EXT:ts,svelte TEST:4
bb91bad952964bc80581d330f01dd33fb2f75b17	HEAD@{2026-09-19 18:34:26 +0100}	commit: 3 file(s) in src,tests [src/client/play-renderer.ts, src/routes/play/+page.svelte, tests/unit/free-roam.test.ts] DELTA:+33/-3 | EXT:ts,svelte TEST:4
b869f67da0d4be4c99dd21a867bad87431513390	gitlab/main@{2026-09-19 18:33:24 +0100}	update by push
b869f67da0d4be4c99dd21a867bad87431513390	origin/main@{2026-09-19 18:33:22 +0100}	update by push
b869f67da0d4be4c99dd21a867bad87431513390	main@{2026-09-19 18:33:19 +0100}	commit: 3 file(s) in src,tests [tests/unit/free-roam.test.ts, src/client/economy.ts, src/client/free-roam.ts] DELTA:+72/-0 | EXT:ts TEST:45
b869f67da0d4be4c99dd21a867bad87431513390	HEAD@{2026-09-19 18:33:19 +0100}	commit: 3 file(s) in src,tests [tests/unit/free-roam.test.ts, src/client/economy.ts, src/client/free-roam.ts] DELTA:+72/-0 | EXT:ts TEST:45
52c4708e3187b8209b88d981f948ce3971f2c697	gitlab/main@{2026-09-19 18:30:41 +0100}	update by push
52c4708e3187b8209b88d981f948ce3971f2c697	origin/main@{2026-09-19 18:30:38 +0100}	update by push
52c4708e3187b8209b88d981f948ce3971f2c697	main@{2026-09-19 18:30:35 +0100}	commit: 1 file(s) in src/client/economy.ts DELTA:+16/-1 | EXT:ts
52c4708e3187b8209b88d981f948ce3971f2c697	HEAD@{2026-09-19 18:30:35 +0100}	commit: 1 file(s) in src/client/economy.ts DELTA:+16/-1 | EXT:ts
309eddbee57fd1844f6b665e05fdac110fa587a5	gitlab/main@{2026-09-19 18:29:12 +0100}	update by push
309eddbee57fd1844f6b665e05fdac110fa587a5	origin/main@{2026-09-19 18:29:10 +0100}	update by push
309eddbee57fd1844f6b665e05fdac110fa587a5	main@{2026-09-19 18:29:06 +0100}	commit: 1 file(s) in src/client/free-roam.ts DELTA:+14/-4 | EXT:ts
309eddbee57fd1844f6b665e05fdac110fa587a5	HEAD@{2026-09-19 18:29:06 +0100}	commit: 1 file(s) in src/client/free-roam.ts DELTA:+14/-4 | EXT:ts
8254e0c1fa7f11d2a83820ead7420b8e61524d37	gitlab/main@{2026-09-19 18:11:20 +0100}	update by push
8254e0c1fa7f11d2a83820ead7420b8e61524d37	origin/main@{2026-09-19 18:11:18 +0100}	update by push
8254e0c1fa7f11d2a83820ead7420b8e61524d37	main@{2026-09-19 18:11:14 +0100}	commit: CLOSED: W2.1 Wallet, W2.2 Contract system, W2.3 Contract lifecycle, W2.4 FreeRoamGame wrapper, W2.5 HUD economy, W2.6 Renderer, W2.7 Smoke | 1 file(s) in design/phase-1/ITERATIONS.md DELTA:+10/-0 | EXT:md DOCSONLY:phase-1/ITERATIONS.md
8254e0c1fa7f11d2a83820ead7420b8e61524d37	HEAD@{2026-09-19 18:11:14 +0100}	commit: CLOSED: W2.1 Wallet, W2.2 Contract system, W2.3 Contract lifecycle, W2.4 FreeRoamGame wrapper, W2.5 HUD economy, W2.6 Renderer, W2.7 Smoke | 1 file(s) in design/phase-1/ITERATIONS.md DELTA:+10/-0 | EXT:md DOCSONLY:phase-1/ITERATIONS.md
56f50b4dfd632e24e7522ebceb7877354df27436	gitlab/main@{2026-09-19 17:59:58 +0100}	update by push
56f50b4dfd632e24e7522ebceb7877354df27436	origin/main@{2026-09-19 17:59:56 +0100}	update by push
56f50b4dfd632e24e7522ebceb7877354df27436	main@{2026-09-19 17:59:52 +0100}	commit: 1 file(s) in tests/browser/q6-smoke.ts DELTA:+2/-2 | EXT:ts
56f50b4dfd632e24e7522ebceb7877354df27436	HEAD@{2026-09-19 17:59:52 +0100}	commit: 1 file(s) in tests/browser/q6-smoke.ts DELTA:+2/-2 | EXT:ts
9f983b08702bd3aa3fbf875782141f402fdc5dae	gitlab/main@{2026-09-19 17:47:32 +0100}	update by push
9f983b08702bd3aa3fbf875782141f402fdc5dae	origin/main@{2026-09-19 17:47:30 +0100}	update by push
9f983b08702bd3aa3fbf875782141f402fdc5dae	main@{2026-09-19 17:47:26 +0100}	commit: 1 file(s) in tests/browser/q6-smoke.ts DELTA:+5/-0 | EXT:ts
9f983b08702bd3aa3fbf875782141f402fdc5dae	HEAD@{2026-09-19 17:47:26 +0100}	commit: 1 file(s) in tests/browser/q6-smoke.ts DELTA:+5/-0 | EXT:ts
e5e7e75b7a9170439369f9266ec8ac70cb7dd9ac	gitlab/main@{2026-09-19 17:11:22 +0100}	update by push
e5e7e75b7a9170439369f9266ec8ac70cb7dd9ac	origin/main@{2026-09-19 17:11:20 +0100}	update by push
e5e7e75b7a9170439369f9266ec8ac70cb7dd9ac	main@{2026-09-19 17:11:16 +0100}	commit: 2 file(s) in src,tests [tests/browser/q6-smoke.ts, src/routes/play/+page.svelte] DELTA:+4/-1 | EXT:svelte,ts
e5e7e75b7a9170439369f9266ec8ac70cb7dd9ac	HEAD@{2026-09-19 17:11:16 +0100}	commit: 2 file(s) in src,tests [tests/browser/q6-smoke.ts, src/routes/play/+page.svelte] DELTA:+4/-1 | EXT:svelte,ts
81c5b74c2d785cbcb86fe47495d2263b6dead36e	gitlab/main@{2026-09-19 16:51:52 +0100}	update by push
81c5b74c2d785cbcb86fe47495d2263b6dead36e	origin/main@{2026-09-19 16:51:50 +0100}	update by push
81c5b74c2d785cbcb86fe47495d2263b6dead36e	main@{2026-09-19 16:51:46 +0100}	commit: 1 file(s) in tests/browser/q6-smoke.ts DELTA:+8/-5 | EXT:ts
81c5b74c2d785cbcb86fe47495d2263b6dead36e	HEAD@{2026-09-19 16:51:46 +0100}	commit: 1 file(s) in tests/browser/q6-smoke.ts DELTA:+8/-5 | EXT:ts
2339dd29220aba089900b9e0ae5ae2f731aaa5e3	gitlab/main@{2026-09-19 16:11:40 +0100}	update by push
2339dd29220aba089900b9e0ae5ae2f731aaa5e3	origin/main@{2026-09-19 16:11:38 +0100}	update by push
2339dd29220aba089900b9e0ae5ae2f731aaa5e3	main@{2026-09-19 16:11:34 +0100}	commit: 1 file(s) in src/client/free-roam.ts DELTA:+3/-3 | EXT:ts
2339dd29220aba089900b9e0ae5ae2f731aaa5e3	HEAD@{2026-09-19 16:11:34 +0100}	commit: 1 file(s) in src/client/free-roam.ts DELTA:+3/-3 | EXT:ts
b2a7a8249bdd8d43355f57c09b7c521d01f55e9d	gitlab/main@{2026-09-19 02:08:59 +0100}	update by push
b2a7a8249bdd8d43355f57c09b7c521d01f55e9d	origin/main@{2026-09-19 02:08:57 +0100}	update by push
b2a7a8249bdd8d43355f57c09b7c521d01f55e9d	main@{2026-09-19 02:08:53 +0100}	commit: 1 file(s) in src/client/free-roam.ts DELTA:+14/-7 | EXT:ts
b2a7a8249bdd8d43355f57c09b7c521d01f55e9d	HEAD@{2026-09-19 02:08:53 +0100}	commit: 1 file(s) in src/client/free-roam.ts DELTA:+14/-7 | EXT:ts
0c71a595541bc21b1641a3891590e55b7014e193	gitlab/main@{2026-09-19 01:57:58 +0100}	update by push
0c71a595541bc21b1641a3891590e55b7014e193	origin/main@{2026-09-19 01:57:56 +0100}	update by push
0c71a595541bc21b1641a3891590e55b7014e193	main@{2026-09-19 01:57:53 +0100}	commit: 1 file(s) in tests/browser/q6-smoke.ts DELTA:+2/-2 | EXT:ts
0c71a595541bc21b1641a3891590e55b7014e193	HEAD@{2026-09-19 01:57:53 +0100}	commit: 1 file(s) in tests/browser/q6-smoke.ts DELTA:+2/-2 | EXT:ts
2946221697e2014839dc9416e7f426f90870ea79	gitlab/main@{2026-09-19 01:54:52 +0100}	update by push
2946221697e2014839dc9416e7f426f90870ea79	origin/main@{2026-09-19 01:54:50 +0100}	update by push
2946221697e2014839dc9416e7f426f90870ea79	main@{2026-09-19 01:54:47 +0100}	commit: 1 file(s) in tests/browser/q6-smoke.ts DELTA:+1/-0 | EXT:ts
2946221697e2014839dc9416e7f426f90870ea79	HEAD@{2026-09-19 01:54:47 +0100}	commit: 1 file(s) in tests/browser/q6-smoke.ts DELTA:+1/-0 | EXT:ts
03cb81c0b9cdfc9d69a68930e0df94103509326a	gitlab/main@{2026-09-19 01:53:09 +0100}	update by push
03cb81c0b9cdfc9d69a68930e0df94103509326a	origin/main@{2026-09-19 01:53:05 +0100}	update by push
03cb81c0b9cdfc9d69a68930e0df94103509326a	main@{2026-09-19 01:53:02 +0100}	commit: 1 file(s) in tests/browser/q6-smoke.ts DELTA:+0/-1 | EXT:ts
03cb81c0b9cdfc9d69a68930e0df94103509326a	HEAD@{2026-09-19 01:53:02 +0100}	commit: 1 file(s) in tests/browser/q6-smoke.ts DELTA:+0/-1 | EXT:ts
058f1a399b2457fa1ac668b860ec879362eb43f6	gitlab/main@{2026-09-19 01:51:53 +0100}	update by push
058f1a399b2457fa1ac668b860ec879362eb43f6	origin/main@{2026-09-19 01:51:51 +0100}	update by push
058f1a399b2457fa1ac668b860ec879362eb43f6	main@{2026-09-19 01:51:48 +0100}	commit: 1 file(s) in tests/browser/q6-smoke.ts DELTA:+0/-1 | EXT:ts
058f1a399b2457fa1ac668b860ec879362eb43f6	HEAD@{2026-09-19 01:51:48 +0100}	commit: 1 file(s) in tests/browser/q6-smoke.ts DELTA:+0/-1 | EXT:ts
db150cffea0599b5f5a52666d4f0b1995b226d80	gitlab/main@{2026-09-19 01:50:44 +0100}	update by push
db150cffea0599b5f5a52666d4f0b1995b226d80	origin/main@{2026-09-19 01:50:41 +0100}	update by push
db150cffea0599b5f5a52666d4f0b1995b226d80	main@{2026-09-19 01:50:38 +0100}	commit: 1 file(s) in tests/browser/q6-smoke.ts DELTA:+0/-3 | EXT:ts
db150cffea0599b5f5a52666d4f0b1995b226d80	HEAD@{2026-09-19 01:50:38 +0100}	commit: 1 file(s) in tests/browser/q6-smoke.ts DELTA:+0/-3 | EXT:ts
637fde5f4f0702b29363f8b9c68f585b89ed6062	gitlab/main@{2026-09-19 01:49:16 +0100}	update by push
637fde5f4f0702b29363f8b9c68f585b89ed6062	origin/main@{2026-09-19 01:49:13 +0100}	update by push
637fde5f4f0702b29363f8b9c68f585b89ed6062	main@{2026-09-19 01:49:10 +0100}	commit: 1 file(s) in tests/browser/q6-smoke.ts DELTA:+26/-31 | EXT:ts
637fde5f4f0702b29363f8b9c68f585b89ed6062	HEAD@{2026-09-19 01:49:10 +0100}	commit: 1 file(s) in tests/browser/q6-smoke.ts DELTA:+26/-31 | EXT:ts
76dc27c19319108bd254ff9c73b758459216ec1f	gitlab/main@{2026-09-19 01:47:44 +0100}	update by push
76dc27c19319108bd254ff9c73b758459216ec1f	origin/main@{2026-09-19 01:47:40 +0100}	update by push
76dc27c19319108bd254ff9c73b758459216ec1f	main@{2026-09-19 01:47:37 +0100}	commit: 3 file(s) in src,tests [tests/browser/q6-smoke.ts, src/client/economy.ts, src/client/free-roam.ts] DELTA:+14/-17 | EXT:ts
76dc27c19319108bd254ff9c73b758459216ec1f	HEAD@{2026-09-19 01:47:37 +0100}	commit: 3 file(s) in src,tests [tests/browser/q6-smoke.ts, src/client/economy.ts, src/client/free-roam.ts] DELTA:+14/-17 | EXT:ts
09b8606d8cd5c8f695df4d2b9fae7e16676b5218	gitlab/main@{2026-09-19 01:42:35 +0100}	update by push
09b8606d8cd5c8f695df4d2b9fae7e16676b5218	origin/main@{2026-09-19 01:41:40 +0100}	update by push
09b8606d8cd5c8f695df4d2b9fae7e16676b5218	main@{2026-09-19 01:41:36 +0100}	commit: 1 file(s) in tests/browser/q6-smoke.ts DELTA:+3/-0 | EXT:ts
09b8606d8cd5c8f695df4d2b9fae7e16676b5218	HEAD@{2026-09-19 01:41:36 +0100}	commit: 1 file(s) in tests/browser/q6-smoke.ts DELTA:+3/-0 | EXT:ts
a487b050a0e2152ad265c9c96f2360165c8fb756	gitlab/main@{2026-09-19 01:28:46 +0100}	update by push
a487b050a0e2152ad265c9c96f2360165c8fb756	origin/main@{2026-09-19 01:28:43 +0100}	update by push
a487b050a0e2152ad265c9c96f2360165c8fb756	main@{2026-09-19 01:28:40 +0100}	commit: 1 file(s) in tests/browser/q6-smoke.ts DELTA:+4/-3 | EXT:ts
a487b050a0e2152ad265c9c96f2360165c8fb756	HEAD@{2026-09-19 01:28:40 +0100}	commit: 1 file(s) in tests/browser/q6-smoke.ts DELTA:+4/-3 | EXT:ts
fde43f2079ba13b4867ecacc2cd731849093fe3d	gitlab/main@{2026-09-19 01:25:34 +0100}	update by push
fde43f2079ba13b4867ecacc2cd731849093fe3d	origin/main@{2026-09-19 01:25:32 +0100}	update by push
fde43f2079ba13b4867ecacc2cd731849093fe3d	main@{2026-09-19 01:25:28 +0100}	commit: 2 file(s) in src,tests [src/routes/play/+page.svelte, tests/browser/q6-smoke.ts] DELTA:+8/-1 | EXT:svelte,ts
fde43f2079ba13b4867ecacc2cd731849093fe3d	HEAD@{2026-09-19 01:25:28 +0100}	commit: 2 file(s) in src,tests [src/routes/play/+page.svelte, tests/browser/q6-smoke.ts] DELTA:+8/-1 | EXT:svelte,ts
5454d3f89f87194939125a05c5ade339994b3ba7	gitlab/main@{2026-09-19 01:13:35 +0100}	update by push
5454d3f89f87194939125a05c5ade339994b3ba7	origin/main@{2026-09-19 01:13:33 +0100}	update by push
5454d3f89f87194939125a05c5ade339994b3ba7	main@{2026-09-19 01:13:30 +0100}	commit: 1 file(s) in tests/browser/q6-smoke.ts DELTA:+3/-3 | EXT:ts
5454d3f89f87194939125a05c5ade339994b3ba7	HEAD@{2026-09-19 01:13:30 +0100}	commit: 1 file(s) in tests/browser/q6-smoke.ts DELTA:+3/-3 | EXT:ts
f17575f90b3932037013c363e0f7dcea2777fcb0	gitlab/main@{2026-09-19 01:11:51 +0100}	update by push
f17575f90b3932037013c363e0f7dcea2777fcb0	origin/main@{2026-09-19 01:11:49 +0100}	update by push
f17575f90b3932037013c363e0f7dcea2777fcb0	main@{2026-09-19 01:11:46 +0100}	commit: 1 file(s) in tests/browser/q6-smoke.ts DELTA:+1/-1 | EXT:ts
f17575f90b3932037013c363e0f7dcea2777fcb0	HEAD@{2026-09-19 01:11:46 +0100}	commit: 1 file(s) in tests/browser/q6-smoke.ts DELTA:+1/-1 | EXT:ts
bb413b8638352abf514b3e72916eb266db69bd65	gitlab/main@{2026-09-19 01:10:14 +0100}	update by push
bb413b8638352abf514b3e72916eb266db69bd65	origin/main@{2026-09-19 01:10:12 +0100}	update by push
bb413b8638352abf514b3e72916eb266db69bd65	main@{2026-09-19 01:10:08 +0100}	commit: 1 file(s) in tests/browser/q6-smoke.ts DELTA:+10/-17 | EXT:ts
bb413b8638352abf514b3e72916eb266db69bd65	HEAD@{2026-09-19 01:10:08 +0100}	commit: 1 file(s) in tests/browser/q6-smoke.ts DELTA:+10/-17 | EXT:ts
312dd47bf5e10580eba5bddf0bb9218b13fd5303	gitlab/main@{2026-09-19 01:06:46 +0100}	update by push
312dd47bf5e10580eba5bddf0bb9218b13fd5303	origin/main@{2026-09-19 01:06:44 +0100}	update by push
312dd47bf5e10580eba5bddf0bb9218b13fd5303	main@{2026-09-19 01:06:41 +0100}	commit: 1 file(s) in tests/unit/free-roam.test.ts DELTA:+1/-0 | EXT:ts TEST:1 TESTONLY:unit/free-roam.test.ts
312dd47bf5e10580eba5bddf0bb9218b13fd5303	HEAD@{2026-09-19 01:06:41 +0100}	commit: 1 file(s) in tests/unit/free-roam.test.ts DELTA:+1/-0 | EXT:ts TEST:1 TESTONLY:unit/free-roam.test.ts
3520af7ffa7627500198c601a6a96876f1343293	gitlab/main@{2026-09-19 01:03:52 +0100}	update by push
3520af7ffa7627500198c601a6a96876f1343293	origin/main@{2026-09-19 01:03:50 +0100}	update by push
3520af7ffa7627500198c601a6a96876f1343293	main@{2026-09-19 01:03:47 +0100}	commit: 1 file(s) in tests/unit/free-roam.test.ts DELTA:+18/-13 | EXT:ts TEST:31 TESTONLY:unit/free-roam.test.ts
3520af7ffa7627500198c601a6a96876f1343293	HEAD@{2026-09-19 01:03:47 +0100}	commit: 1 file(s) in tests/unit/free-roam.test.ts DELTA:+18/-13 | EXT:ts TEST:31 TESTONLY:unit/free-roam.test.ts
91f259973553cde145a08ac14811b1fedf228a7e	gitlab/main@{2026-09-19 00:58:48 +0100}	update by push
91f259973553cde145a08ac14811b1fedf228a7e	origin/main@{2026-09-19 00:58:46 +0100}	update by push
91f259973553cde145a08ac14811b1fedf228a7e	main@{2026-09-19 00:58:43 +0100}	commit: 2 file(s) in src/client [src/client/economy.ts, src/client/free-roam.ts] DELTA:+5/-5 | EXT:ts
91f259973553cde145a08ac14811b1fedf228a7e	HEAD@{2026-09-19 00:58:43 +0100}	commit: 2 file(s) in src/client [src/client/economy.ts, src/client/free-roam.ts] DELTA:+5/-5 | EXT:ts
d46fac36a23dfed997406cb13725f4abeb046970	gitlab/main@{2026-09-19 00:57:50 +0100}	update by push
d46fac36a23dfed997406cb13725f4abeb046970	origin/main@{2026-09-19 00:57:48 +0100}	update by push
d46fac36a23dfed997406cb13725f4abeb046970	main@{2026-09-19 00:57:45 +0100}	commit: 1 file(s) in tests/unit/free-roam.test.ts DELTA:+8/-7 | EXT:ts TEST:15 TESTONLY:unit/free-roam.test.ts
d46fac36a23dfed997406cb13725f4abeb046970	HEAD@{2026-09-19 00:57:45 +0100}	commit: 1 file(s) in tests/unit/free-roam.test.ts DELTA:+8/-7 | EXT:ts TEST:15 TESTONLY:unit/free-roam.test.ts
4acfbff871892a3822790b97d1bdb79b112c8f6b	gitlab/main@{2026-09-19 00:54:07 +0100}	update by push
4acfbff871892a3822790b97d1bdb79b112c8f6b	origin/main@{2026-09-19 00:54:05 +0100}	update by push
4acfbff871892a3822790b97d1bdb79b112c8f6b	main@{2026-09-19 00:54:01 +0100}	commit: 1 file(s) in tests/browser/q6-smoke.ts DELTA:+1/-0 | EXT:ts
4acfbff871892a3822790b97d1bdb79b112c8f6b	HEAD@{2026-09-19 00:54:01 +0100}	commit: 1 file(s) in tests/browser/q6-smoke.ts DELTA:+1/-0 | EXT:ts
e595f2cb5eca9d429477f9793ac81156fda261cf	gitlab/main@{2026-09-19 00:51:16 +0100}	update by push
e595f2cb5eca9d429477f9793ac81156fda261cf	origin/main@{2026-09-19 00:51:14 +0100}	update by push
e595f2cb5eca9d429477f9793ac81156fda261cf	main@{2026-09-19 00:51:07 +0100}	commit: 1 file(s) in tests/browser/q6-smoke.ts DELTA:+1/-1 | EXT:ts
e595f2cb5eca9d429477f9793ac81156fda261cf	HEAD@{2026-09-19 00:51:07 +0100}	commit: 1 file(s) in tests/browser/q6-smoke.ts DELTA:+1/-1 | EXT:ts
373b71e08d400a115aa507aee2cefcbd30344e69	gitlab/main@{2026-09-19 00:50:59 +0100}	update by push
373b71e08d400a115aa507aee2cefcbd30344e69	origin/main@{2026-09-19 00:50:05 +0100}	update by push
373b71e08d400a115aa507aee2cefcbd30344e69	main@{2026-09-19 00:50:02 +0100}	commit: 1 file(s) in tests/browser/q6-smoke.ts DELTA:+35/-25 | EXT:ts
373b71e08d400a115aa507aee2cefcbd30344e69	HEAD@{2026-09-19 00:50:02 +0100}	commit: 1 file(s) in tests/browser/q6-smoke.ts DELTA:+35/-25 | EXT:ts
cc424262fc9fd7470387270254e207352c7a1ffd	gitlab/main@{2026-09-19 00:46:31 +0100}	update by push
cc424262fc9fd7470387270254e207352c7a1ffd	origin/main@{2026-09-19 00:46:24 +0100}	update by push
cc424262fc9fd7470387270254e207352c7a1ffd	main@{2026-09-19 00:46:20 +0100}	commit: 1 file(s) in src/routes/play/+page.svelte DELTA:+1/-1 | EXT:svelte
cc424262fc9fd7470387270254e207352c7a1ffd	HEAD@{2026-09-19 00:46:20 +0100}	commit: 1 file(s) in src/routes/play/+page.svelte DELTA:+1/-1 | EXT:svelte
1efc20a5b8777e280a72bf1234bace368f34e63a	gitlab/main@{2026-09-19 00:45:21 +0100}	update by push
1efc20a5b8777e280a72bf1234bace368f34e63a	origin/main@{2026-09-19 00:45:19 +0100}	update by push
1efc20a5b8777e280a72bf1234bace368f34e63a	main@{2026-09-19 00:45:16 +0100}	commit: 2 file(s) in src [src/routes/play/+page.svelte, src/client/play-renderer.ts] DELTA:+2/-1 | EXT:svelte,ts
1efc20a5b8777e280a72bf1234bace368f34e63a	HEAD@{2026-09-19 00:45:16 +0100}	commit: 2 file(s) in src [src/routes/play/+page.svelte, src/client/play-renderer.ts] DELTA:+2/-1 | EXT:svelte,ts
1f248dcf660275e5f24b7acadeb25ce07e5f8ebd	gitlab/main@{2026-09-19 00:44:20 +0100}	update by push
1f248dcf660275e5f24b7acadeb25ce07e5f8ebd	origin/main@{2026-09-19 00:44:18 +0100}	update by push
1f248dcf660275e5f24b7acadeb25ce07e5f8ebd	main@{2026-09-19 00:44:14 +0100}	commit: 1 file(s) in src/routes/play/+page.svelte DELTA:+2/-9 | EXT:svelte
1f248dcf660275e5f24b7acadeb25ce07e5f8ebd	HEAD@{2026-09-19 00:44:14 +0100}	commit: 1 file(s) in src/routes/play/+page.svelte DELTA:+2/-9 | EXT:svelte
9a2c98361f960182ee7b27670c44c5fe8f62a761	gitlab/main@{2026-09-19 00:42:01 +0100}	update by push
9a2c98361f960182ee7b27670c44c5fe8f62a761	origin/main@{2026-09-19 00:41:59 +0100}	update by push
9a2c98361f960182ee7b27670c44c5fe8f62a761	main@{2026-09-19 00:41:56 +0100}	commit: 1 file(s) in src/client/economy.ts DELTA:+0/-1 | EXT:ts
9a2c98361f960182ee7b27670c44c5fe8f62a761	HEAD@{2026-09-19 00:41:56 +0100}	commit: 1 file(s) in src/client/economy.ts DELTA:+0/-1 | EXT:ts
b3c4c4a6eb6e4fda8cc23a35f88e6a7595a22246	gitlab/main@{2026-09-19 00:37:45 +0100}	update by push
b3c4c4a6eb6e4fda8cc23a35f88e6a7595a22246	origin/main@{2026-09-19 00:37:43 +0100}	update by push
b3c4c4a6eb6e4fda8cc23a35f88e6a7595a22246	main@{2026-09-19 00:37:40 +0100}	commit: 1 file(s) in src/client/economy.ts DELTA:+6/-5 | EXT:ts
b3c4c4a6eb6e4fda8cc23a35f88e6a7595a22246	HEAD@{2026-09-19 00:37:40 +0100}	commit: 1 file(s) in src/client/economy.ts DELTA:+6/-5 | EXT:ts
a87b1e07bb31d04390f32af6d042fa32750089a3	gitlab/main@{2026-09-19 00:36:36 +0100}	update by push
a87b1e07bb31d04390f32af6d042fa32750089a3	origin/main@{2026-09-19 00:36:35 +0100}	update by push
a87b1e07bb31d04390f32af6d042fa32750089a3	main@{2026-09-19 00:36:31 +0100}	commit: 1 file(s) in src/routes/play/+page.svelte DELTA:+252/-0 | EXT:svelte NEW:play/+page.svelte
a87b1e07bb31d04390f32af6d042fa32750089a3	HEAD@{2026-09-19 00:36:31 +0100}	commit: 1 file(s) in src/routes/play/+page.svelte DELTA:+252/-0 | EXT:svelte NEW:play/+page.svelte
572d2f3efb2b30c6d882da3950884b69a7e6b942	gitlab/main@{2026-09-19 00:35:58 +0100}	update by push
572d2f3efb2b30c6d882da3950884b69a7e6b942	origin/main@{2026-09-19 00:35:55 +0100}	update by push
572d2f3efb2b30c6d882da3950884b69a7e6b942	main@{2026-09-19 00:35:52 +0100}	commit: 1 file(s) in src/routes/play/+page.svelte DELTA:+0/-265 | EXT:svelte DEL:play/+page.svelte
572d2f3efb2b30c6d882da3950884b69a7e6b942	HEAD@{2026-09-19 00:35:52 +0100}	commit: 1 file(s) in src/routes/play/+page.svelte DELTA:+0/-265 | EXT:svelte DEL:play/+page.svelte
201bba9b718c15a251f19f15a7a3e388d3b6059f	gitlab/main@{2026-09-19 00:34:11 +0100}	update by push
201bba9b718c15a251f19f15a7a3e388d3b6059f	origin/main@{2026-09-19 00:34:07 +0100}	update by push
201bba9b718c15a251f19f15a7a3e388d3b6059f	main@{2026-09-19 00:34:04 +0100}	commit: 1 file(s) in src/client/economy.ts DELTA:+2/-1 | EXT:ts
201bba9b718c15a251f19f15a7a3e388d3b6059f	HEAD@{2026-09-19 00:34:04 +0100}	commit: 1 file(s) in src/client/economy.ts DELTA:+2/-1 | EXT:ts
899c8614fb1a8565115fff93c738f79f6df3905b	gitlab/main@{2026-09-19 00:33:01 +0100}	update by push
899c8614fb1a8565115fff93c738f79f6df3905b	origin/main@{2026-09-19 00:32:58 +0100}	update by push
899c8614fb1a8565115fff93c738f79f6df3905b	main@{2026-09-19 00:32:54 +0100}	commit: 2 file(s) in src,tests [src/client/play-renderer.ts, tests/unit/free-roam.test.ts] DELTA:+24/-8 | EXT:ts TEST:7
899c8614fb1a8565115fff93c738f79f6df3905b	HEAD@{2026-09-19 00:32:54 +0100}	commit: 2 file(s) in src,tests [src/client/play-renderer.ts, tests/unit/free-roam.test.ts] DELTA:+24/-8 | EXT:ts TEST:7
a057ee4c7cff16cce3842557b01b2185c34e6580	gitlab/main@{2026-09-19 00:31:52 +0100}	update by push
a057ee4c7cff16cce3842557b01b2185c34e6580	origin/main@{2026-09-19 00:31:49 +0100}	update by push
a057ee4c7cff16cce3842557b01b2185c34e6580	main@{2026-09-19 00:31:46 +0100}	commit: 1 file(s) in tests/unit/free-roam.test.ts DELTA:+2/-2 | EXT:ts TEST:4 TESTONLY:unit/free-roam.test.ts
a057ee4c7cff16cce3842557b01b2185c34e6580	HEAD@{2026-09-19 00:31:46 +0100}	commit: 1 file(s) in tests/unit/free-roam.test.ts DELTA:+2/-2 | EXT:ts TEST:4 TESTONLY:unit/free-roam.test.ts
41a13248acae3e68a0dadebff0150afd16041a26	gitlab/main@{2026-09-19 00:30:06 +0100}	update by push
41a13248acae3e68a0dadebff0150afd16041a26	origin/main@{2026-09-19 00:30:04 +0100}	update by push
41a13248acae3e68a0dadebff0150afd16041a26	main@{2026-09-19 00:30:00 +0100}	commit: 2 file(s) in src,tests [tests/unit/free-roam.test.ts, src/client/economy.ts] DELTA:+22/-15 | EXT:ts TEST:29
41a13248acae3e68a0dadebff0150afd16041a26	HEAD@{2026-09-19 00:30:00 +0100}	commit: 2 file(s) in src,tests [tests/unit/free-roam.test.ts, src/client/economy.ts] DELTA:+22/-15 | EXT:ts TEST:29
6112bd5fdcbd08e7830decb9983da4be38da5c71	gitlab/main@{2026-09-19 00:28:43 +0100}	update by push
6112bd5fdcbd08e7830decb9983da4be38da5c71	origin/main@{2026-09-19 00:28:41 +0100}	update by push
6112bd5fdcbd08e7830decb9983da4be38da5c71	main@{2026-09-19 00:28:38 +0100}	commit: 1 file(s) in tests/unit/free-roam.test.ts DELTA:+1/-0 | EXT:ts TEST:1 TESTONLY:unit/free-roam.test.ts
6112bd5fdcbd08e7830decb9983da4be38da5c71	HEAD@{2026-09-19 00:28:38 +0100}	commit: 1 file(s) in tests/unit/free-roam.test.ts DELTA:+1/-0 | EXT:ts TEST:1 TESTONLY:unit/free-roam.test.ts
bcf4ddfd203a4c87f993e803e64696d768cff451	gitlab/main@{2026-09-19 00:27:50 +0100}	update by push
bcf4ddfd203a4c87f993e803e64696d768cff451	origin/main@{2026-09-19 00:27:47 +0100}	update by push
bcf4ddfd203a4c87f993e803e64696d768cff451	main@{2026-09-19 00:27:43 +0100}	commit: 1 file(s) in tests/unit/free-roam.test.ts DELTA:+0/-11 | EXT:ts TEST:11 TESTONLY:unit/free-roam.test.ts
bcf4ddfd203a4c87f993e803e64696d768cff451	HEAD@{2026-09-19 00:27:43 +0100}	commit: 1 file(s) in tests/unit/free-roam.test.ts DELTA:+0/-11 | EXT:ts TEST:11 TESTONLY:unit/free-roam.test.ts
c5059ae2702dd3a89ab447de97f86347d99d5376	gitlab/main@{2026-09-19 00:26:46 +0100}	update by push
c5059ae2702dd3a89ab447de97f86347d99d5376	origin/main@{2026-09-19 00:26:44 +0100}	update by push
c5059ae2702dd3a89ab447de97f86347d99d5376	main@{2026-09-19 00:26:41 +0100}	commit: 1 file(s) in tests/unit/free-roam.test.ts DELTA:+20/-6 | EXT:ts TEST:26 TESTONLY:unit/free-roam.test.ts
c5059ae2702dd3a89ab447de97f86347d99d5376	HEAD@{2026-09-19 00:26:41 +0100}	commit: 1 file(s) in tests/unit/free-roam.test.ts DELTA:+20/-6 | EXT:ts TEST:26 TESTONLY:unit/free-roam.test.ts
c317ae584dcbcb5d7a2be005d76b772125992e1f	gitlab/main@{2026-09-19 00:25:32 +0100}	update by push
c317ae584dcbcb5d7a2be005d76b772125992e1f	origin/main@{2026-09-19 00:25:30 +0100}	update by push
c317ae584dcbcb5d7a2be005d76b772125992e1f	main@{2026-09-19 00:25:27 +0100}	commit: 1 file(s) in tests/unit/free-roam.test.ts DELTA:+63/-25 | EXT:ts TEST:88 TESTONLY:unit/free-roam.test.ts
c317ae584dcbcb5d7a2be005d76b772125992e1f	HEAD@{2026-09-19 00:25:27 +0100}	commit: 1 file(s) in tests/unit/free-roam.test.ts DELTA:+63/-25 | EXT:ts TEST:88 TESTONLY:unit/free-roam.test.ts
e00ea470dd54a78f43a8b5d8980f12d8c3e5f32b	gitlab/main@{2026-09-19 00:24:53 +0100}	update by push
e00ea470dd54a78f43a8b5d8980f12d8c3e5f32b	origin/main@{2026-09-19 00:24:51 +0100}	update by push
e00ea470dd54a78f43a8b5d8980f12d8c3e5f32b	main@{2026-09-19 00:24:48 +0100}	commit: 1 file(s) in src/client/free-roam.ts DELTA:+4/-39 | EXT:ts
e00ea470dd54a78f43a8b5d8980f12d8c3e5f32b	HEAD@{2026-09-19 00:24:48 +0100}	commit: 1 file(s) in src/client/free-roam.ts DELTA:+4/-39 | EXT:ts
b40e1182ef022a1c62400af8498296db1e9bf91e	gitlab/main@{2026-09-19 00:24:23 +0100}	update by push
b40e1182ef022a1c62400af8498296db1e9bf91e	origin/main@{2026-09-19 00:24:19 +0100}	update by push
b40e1182ef022a1c62400af8498296db1e9bf91e	main@{2026-09-19 00:24:16 +0100}	commit: 1 file(s) in src/client/economy.ts DELTA:+166/-0 | EXT:ts NEW:client/economy.ts
b40e1182ef022a1c62400af8498296db1e9bf91e	HEAD@{2026-09-19 00:24:16 +0100}	commit: 1 file(s) in src/client/economy.ts DELTA:+166/-0 | EXT:ts NEW:client/economy.ts
66f1042624a4e50fe2ca26bad67785a2ef9f471d	gitlab/main@{2026-09-18 23:15:00 +0100}	update by push
66f1042624a4e50fe2ca26bad67785a2ef9f471d	origin/main@{2026-09-18 23:14:58 +0100}	update by push
66f1042624a4e50fe2ca26bad67785a2ef9f471d	main@{2026-09-18 23:14:54 +0100}	commit: 1 file(s) in src/routes/play/+page.svelte DELTA:+3/-0 | EXT:svelte
66f1042624a4e50fe2ca26bad67785a2ef9f471d	HEAD@{2026-09-18 23:14:54 +0100}	commit: 1 file(s) in src/routes/play/+page.svelte DELTA:+3/-0 | EXT:svelte
3afddf007a51a9cda79aa2a580a14f3f7a3a2ce6	gitlab/main@{2026-09-18 23:13:36 +0100}	update by push
3afddf007a51a9cda79aa2a580a14f3f7a3a2ce6	origin/main@{2026-09-18 23:13:34 +0100}	update by push
3afddf007a51a9cda79aa2a580a14f3f7a3a2ce6	main@{2026-09-18 23:13:31 +0100}	commit: 1 file(s) in src/client/play-renderer.ts DELTA:+12/-0 | EXT:ts
3afddf007a51a9cda79aa2a580a14f3f7a3a2ce6	HEAD@{2026-09-18 23:13:31 +0100}	commit: 1 file(s) in src/client/play-renderer.ts DELTA:+12/-0 | EXT:ts
429ea5fe48a01973552522423304d4f038d23a3a	gitlab/main@{2026-09-18 23:10:35 +0100}	update by push
429ea5fe48a01973552522423304d4f038d23a3a	origin/main@{2026-09-18 23:10:33 +0100}	update by push
429ea5fe48a01973552522423304d4f038d23a3a	main@{2026-09-18 23:10:30 +0100}	commit: CLOSED: W1.1 Traffic driver, W1.2 Ring over, W1.3 Five pedestrian, W1.4 Walker yield, W1.5 NPC intents, W1.6 Continuous seat, W1.7 Wall lookahead, W1.8 Smoke | 1 file(s) in design/phase-1/ITERATIONS.md DELTA:+11/-0 | DOCSONLY:phase-1/ITERATIONS.md
429ea5fe48a01973552522423304d4f038d23a3a	HEAD@{2026-09-18 23:10:30 +0100}	commit: CLOSED: W1.1 Traffic driver, W1.2 Ring over, W1.3 Five pedestrian, W1.4 Walker yield, W1.5 NPC intents, W1.6 Continuous seat, W1.7 Wall lookahead, W1.8 Smoke | 1 file(s) in design/phase-1/ITERATIONS.md DELTA:+11/-0 | DOCSONLY:phase-1/ITERATIONS.md
4e5d05fcc394264ba986d6c9c6cbdc3968d43c1c	gitlab/main@{2026-09-18 23:02:56 +0100}	update by push
4e5d05fcc394264ba986d6c9c6cbdc3968d43c1c	origin/main@{2026-09-18 23:02:54 +0100}	update by push
4e5d05fcc394264ba986d6c9c6cbdc3968d43c1c	main@{2026-09-18 23:02:51 +0100}	commit: 1 file(s) in tests/browser/q6-smoke.ts DELTA:+1/-1 | EXT:ts
4e5d05fcc394264ba986d6c9c6cbdc3968d43c1c	HEAD@{2026-09-18 23:02:51 +0100}	commit: 1 file(s) in tests/browser/q6-smoke.ts DELTA:+1/-1 | EXT:ts
2a349a1593f7b4379cacc4f0487a6f1d45d48aeb	gitlab/main@{2026-09-18 23:02:37 +0100}	update by push
2a349a1593f7b4379cacc4f0487a6f1d45d48aeb	origin/main@{2026-09-18 23:02:35 +0100}	update by push
2a349a1593f7b4379cacc4f0487a6f1d45d48aeb	main@{2026-09-18 23:02:31 +0100}	commit: 1 file(s) in tests/browser/q6-smoke.ts DELTA:+0/-4 | EXT:ts
2a349a1593f7b4379cacc4f0487a6f1d45d48aeb	HEAD@{2026-09-18 23:02:31 +0100}	commit: 1 file(s) in tests/browser/q6-smoke.ts DELTA:+0/-4 | EXT:ts
ea481ea148b9df9504e89c986452958a4f34cecb	gitlab/main@{2026-09-18 23:01:49 +0100}	update by push
ea481ea148b9df9504e89c986452958a4f34cecb	origin/main@{2026-09-18 23:01:47 +0100}	update by push
ea481ea148b9df9504e89c986452958a4f34cecb	main@{2026-09-18 23:01:43 +0100}	commit: 1 file(s) in tests/browser/q6-smoke.ts DELTA:+27/-43 | EXT:ts
ea481ea148b9df9504e89c986452958a4f34cecb	HEAD@{2026-09-18 23:01:43 +0100}	commit: 1 file(s) in tests/browser/q6-smoke.ts DELTA:+27/-43 | EXT:ts
31a724f9506172ec187325c397b34427dccb057a	gitlab/main@{2026-09-18 22:59:34 +0100}	update by push
31a724f9506172ec187325c397b34427dccb057a	origin/main@{2026-09-18 22:59:32 +0100}	update by push
31a724f9506172ec187325c397b34427dccb057a	main@{2026-09-18 22:59:28 +0100}	commit: 3 file(s) in src,tests [tests/browser/q6-smoke.ts, src/client/free-roam.ts, tests/unit/free-roam.test.ts] DELTA:+14/-9 | EXT:ts TEST:2
31a724f9506172ec187325c397b34427dccb057a	HEAD@{2026-09-18 22:59:28 +0100}	commit: 3 file(s) in src,tests [tests/browser/q6-smoke.ts, src/client/free-roam.ts, tests/unit/free-roam.test.ts] DELTA:+14/-9 | EXT:ts TEST:2
c741164f01c0deae361635d27e0d9bf4aff8e2cf	gitlab/main@{2026-09-18 22:53:58 +0100}	update by push
c741164f01c0deae361635d27e0d9bf4aff8e2cf	origin/main@{2026-09-18 22:53:56 +0100}	update by push
c741164f01c0deae361635d27e0d9bf4aff8e2cf	main@{2026-09-18 22:53:52 +0100}	commit: 1 file(s) in src/client/free-roam.ts DELTA:+8/-9 | EXT:ts
c741164f01c0deae361635d27e0d9bf4aff8e2cf	HEAD@{2026-09-18 22:53:52 +0100}	commit: 1 file(s) in src/client/free-roam.ts DELTA:+8/-9 | EXT:ts
b31ddbd43a409dc9e564d00de73ecf4ca2c7bbd3	gitlab/main@{2026-09-18 22:51:30 +0100}	update by push
b31ddbd43a409dc9e564d00de73ecf4ca2c7bbd3	origin/main@{2026-09-18 22:51:28 +0100}	update by push
b31ddbd43a409dc9e564d00de73ecf4ca2c7bbd3	main@{2026-09-18 22:51:25 +0100}	commit: 1 file(s) in src/client/free-roam.ts DELTA:+0/-1 | EXT:ts
b31ddbd43a409dc9e564d00de73ecf4ca2c7bbd3	HEAD@{2026-09-18 22:51:25 +0100}	commit: 1 file(s) in src/client/free-roam.ts DELTA:+0/-1 | EXT:ts
92243a8d2beca42834f5283540eb2d3aeaa4fa60	gitlab/main@{2026-09-18 22:49:37 +0100}	update by push
92243a8d2beca42834f5283540eb2d3aeaa4fa60	origin/main@{2026-09-18 22:49:35 +0100}	update by push
92243a8d2beca42834f5283540eb2d3aeaa4fa60	main@{2026-09-18 22:49:32 +0100}	commit: 1 file(s) in src/client/free-roam.ts DELTA:+12/-3 | EXT:ts
92243a8d2beca42834f5283540eb2d3aeaa4fa60	HEAD@{2026-09-18 22:49:32 +0100}	commit: 1 file(s) in src/client/free-roam.ts DELTA:+12/-3 | EXT:ts
cb5eabda2733186aaa91cd086033c032bf89cf90	gitlab/main@{2026-09-18 22:46:08 +0100}	update by push
cb5eabda2733186aaa91cd086033c032bf89cf90	origin/main@{2026-09-18 22:46:06 +0100}	update by push
cb5eabda2733186aaa91cd086033c032bf89cf90	main@{2026-09-18 22:46:03 +0100}	commit: 1 file(s) in src/client/free-roam.ts DELTA:+1/-1 | EXT:ts
cb5eabda2733186aaa91cd086033c032bf89cf90	HEAD@{2026-09-18 22:46:03 +0100}	commit: 1 file(s) in src/client/free-roam.ts DELTA:+1/-1 | EXT:ts
1ec38496f5f1628743513b17beb8edafe56062b2	gitlab/main@{2026-09-18 22:44:08 +0100}	update by push
1ec38496f5f1628743513b17beb8edafe56062b2	origin/main@{2026-09-18 22:44:05 +0100}	update by push
1ec38496f5f1628743513b17beb8edafe56062b2	main@{2026-09-18 22:44:02 +0100}	commit: 1 file(s) in src/client/free-roam.ts DELTA:+2/-2 | EXT:ts
1ec38496f5f1628743513b17beb8edafe56062b2	HEAD@{2026-09-18 22:44:02 +0100}	commit: 1 file(s) in src/client/free-roam.ts DELTA:+2/-2 | EXT:ts
997c44669aeec693910c5019b8fe979ab680d4b2	gitlab/main@{2026-09-18 22:41:06 +0100}	update by push
997c44669aeec693910c5019b8fe979ab680d4b2	origin/main@{2026-09-18 22:41:04 +0100}	update by push
997c44669aeec693910c5019b8fe979ab680d4b2	main@{2026-09-18 22:41:00 +0100}	commit: 1 file(s) in src/client/free-roam.ts DELTA:+1/-1 | EXT:ts
997c44669aeec693910c5019b8fe979ab680d4b2	HEAD@{2026-09-18 22:41:00 +0100}	commit: 1 file(s) in src/client/free-roam.ts DELTA:+1/-1 | EXT:ts
c795f20820a2eaaf840074159041c5748d34ab41	gitlab/main@{2026-09-18 22:39:55 +0100}	update by push
c795f20820a2eaaf840074159041c5748d34ab41	origin/main@{2026-09-18 22:39:53 +0100}	update by push
c795f20820a2eaaf840074159041c5748d34ab41	main@{2026-09-18 22:39:50 +0100}	commit: 1 file(s) in src/client/free-roam.ts DELTA:+1/-1 | EXT:ts
c795f20820a2eaaf840074159041c5748d34ab41	HEAD@{2026-09-18 22:39:50 +0100}	commit: 1 file(s) in src/client/free-roam.ts DELTA:+1/-1 | EXT:ts
b28e4e04d356086d97259cb73f040b594d565436	gitlab/main@{2026-09-18 22:39:26 +0100}	update by push
b28e4e04d356086d97259cb73f040b594d565436	origin/main@{2026-09-18 22:39:23 +0100}	update by push
b28e4e04d356086d97259cb73f040b594d565436	main@{2026-09-18 22:39:20 +0100}	commit: 1 file(s) in src/client/free-roam.ts DELTA:+13/-1 | EXT:ts
b28e4e04d356086d97259cb73f040b594d565436	HEAD@{2026-09-18 22:39:20 +0100}	commit: 1 file(s) in src/client/free-roam.ts DELTA:+13/-1 | EXT:ts
de01a432943de99115d59fb73da855f6eb101418	gitlab/main@{2026-09-18 22:37:01 +0100}	update by push
de01a432943de99115d59fb73da855f6eb101418	origin/main@{2026-09-18 22:36:57 +0100}	update by push
de01a432943de99115d59fb73da855f6eb101418	main@{2026-09-18 22:36:54 +0100}	commit: 1 file(s) in src/client/free-roam.ts DELTA:+8/-3 | EXT:ts
de01a432943de99115d59fb73da855f6eb101418	HEAD@{2026-09-18 22:36:54 +0100}	commit: 1 file(s) in src/client/free-roam.ts DELTA:+8/-3 | EXT:ts
a2dafcee97e601285a626952cb1be6b1343afb12	gitlab/main@{2026-09-18 22:35:23 +0100}	update by push
a2dafcee97e601285a626952cb1be6b1343afb12	origin/main@{2026-09-18 22:35:20 +0100}	update by push
a2dafcee97e601285a626952cb1be6b1343afb12	main@{2026-09-18 22:35:17 +0100}	commit: 1 file(s) in src/client/free-roam.ts DELTA:+3/-3 | EXT:ts
a2dafcee97e601285a626952cb1be6b1343afb12	HEAD@{2026-09-18 22:35:17 +0100}	commit: 1 file(s) in src/client/free-roam.ts DELTA:+3/-3 | EXT:ts
131698e4451c9b7faf662392c98bb9019662f680	gitlab/main@{2026-09-18 22:32:46 +0100}	update by push
131698e4451c9b7faf662392c98bb9019662f680	origin/main@{2026-09-18 22:32:44 +0100}	update by push
131698e4451c9b7faf662392c98bb9019662f680	main@{2026-09-18 22:32:40 +0100}	commit: 1 file(s) in src/client/free-roam.ts DELTA:+1/-1 | EXT:ts
131698e4451c9b7faf662392c98bb9019662f680	HEAD@{2026-09-18 22:32:40 +0100}	commit: 1 file(s) in src/client/free-roam.ts DELTA:+1/-1 | EXT:ts
dfeeb3870f8c5e223c1fba5b13f2e88c7d431c83	gitlab/main@{2026-09-18 22:31:36 +0100}	update by push
dfeeb3870f8c5e223c1fba5b13f2e88c7d431c83	origin/main@{2026-09-18 22:31:33 +0100}	update by push
dfeeb3870f8c5e223c1fba5b13f2e88c7d431c83	main@{2026-09-18 22:31:30 +0100}	commit: 1 file(s) in src/client/free-roam.ts DELTA:+1/-1 | EXT:ts
dfeeb3870f8c5e223c1fba5b13f2e88c7d431c83	HEAD@{2026-09-18 22:31:30 +0100}	commit: 1 file(s) in src/client/free-roam.ts DELTA:+1/-1 | EXT:ts
d6fa3218780d664f105dffb031fa7e136065fdbc	gitlab/main@{2026-09-18 22:30:04 +0100}	update by push
d6fa3218780d664f105dffb031fa7e136065fdbc	origin/main@{2026-09-18 22:30:02 +0100}	update by push
d6fa3218780d664f105dffb031fa7e136065fdbc	main@{2026-09-18 22:29:58 +0100}	commit: 1 file(s) in src/client/free-roam.ts DELTA:+7/-2 | EXT:ts
d6fa3218780d664f105dffb031fa7e136065fdbc	HEAD@{2026-09-18 22:29:58 +0100}	commit: 1 file(s) in src/client/free-roam.ts DELTA:+7/-2 | EXT:ts
bc292756b4881d04ea33335ade279359bfcafc13	gitlab/main@{2026-09-18 22:26:32 +0100}	update by push
bc292756b4881d04ea33335ade279359bfcafc13	origin/main@{2026-09-18 22:26:28 +0100}	update by push
bc292756b4881d04ea33335ade279359bfcafc13	main@{2026-09-18 22:26:25 +0100}	commit: 1 file(s) in src/client/free-roam.ts DELTA:+3/-3 | EXT:ts
bc292756b4881d04ea33335ade279359bfcafc13	HEAD@{2026-09-18 22:26:25 +0100}	commit: 1 file(s) in src/client/free-roam.ts DELTA:+3/-3 | EXT:ts
253466ca2ce63fb77d31b58132a36d13fedabef6	gitlab/main@{2026-09-18 22:21:30 +0100}	update by push
253466ca2ce63fb77d31b58132a36d13fedabef6	origin/main@{2026-09-18 22:21:28 +0100}	update by push
253466ca2ce63fb77d31b58132a36d13fedabef6	main@{2026-09-18 22:21:24 +0100}	commit: 1 file(s) in src/client/free-roam.ts DELTA:+5/-5 | EXT:ts
253466ca2ce63fb77d31b58132a36d13fedabef6	HEAD@{2026-09-18 22:21:24 +0100}	commit: 1 file(s) in src/client/free-roam.ts DELTA:+5/-5 | EXT:ts
c811d66451df784c46027fb3276b8d9aa9ec62f4	gitlab/main@{2026-09-18 22:19:43 +0100}	update by push
c811d66451df784c46027fb3276b8d9aa9ec62f4	origin/main@{2026-09-18 22:19:41 +0100}	update by push
c811d66451df784c46027fb3276b8d9aa9ec62f4	main@{2026-09-18 22:19:38 +0100}	commit: 1 file(s) in src/client/free-roam.ts DELTA:+7/-3 | EXT:ts
c811d66451df784c46027fb3276b8d9aa9ec62f4	HEAD@{2026-09-18 22:19:38 +0100}	commit: 1 file(s) in src/client/free-roam.ts DELTA:+7/-3 | EXT:ts
21cbeff4f2129c6991678f42dc05ba36e0bef2c2	gitlab/main@{2026-09-18 22:18:17 +0100}	update by push
21cbeff4f2129c6991678f42dc05ba36e0bef2c2	origin/main@{2026-09-18 22:18:14 +0100}	update by push
21cbeff4f2129c6991678f42dc05ba36e0bef2c2	main@{2026-09-18 22:18:10 +0100}	commit: 1 file(s) in src/client/free-roam.ts DELTA:+5/-2 | EXT:ts
21cbeff4f2129c6991678f42dc05ba36e0bef2c2	HEAD@{2026-09-18 22:18:10 +0100}	commit: 1 file(s) in src/client/free-roam.ts DELTA:+5/-2 | EXT:ts
055d464bb18bc87954f1fb379ae3d22a60f6049d	gitlab/main@{2026-09-18 22:14:03 +0100}	update by push
055d464bb18bc87954f1fb379ae3d22a60f6049d	origin/main@{2026-09-18 22:14:01 +0100}	update by push
055d464bb18bc87954f1fb379ae3d22a60f6049d	main@{2026-09-18 22:13:57 +0100}	commit: 2 file(s) in tests [tests/browser/q6-smoke.ts, tests/unit/free-roam.test.ts] DELTA:+7/-1 | EXT:ts TEST:2
055d464bb18bc87954f1fb379ae3d22a60f6049d	HEAD@{2026-09-18 22:13:57 +0100}	commit: 2 file(s) in tests [tests/browser/q6-smoke.ts, tests/unit/free-roam.test.ts] DELTA:+7/-1 | EXT:ts TEST:2
088732c5d079ae49be75f734b00387e55a57ca37	gitlab/main@{2026-09-18 22:13:27 +0100}	update by push
088732c5d079ae49be75f734b00387e55a57ca37	origin/main@{2026-09-18 22:13:24 +0100}	update by push
088732c5d079ae49be75f734b00387e55a57ca37	main@{2026-09-18 22:13:21 +0100}	commit: 1 file(s) in tests/unit/free-roam.test.ts DELTA:+30/-1 | EXT:ts TEST:31 TESTONLY:unit/free-roam.test.ts
088732c5d079ae49be75f734b00387e55a57ca37	HEAD@{2026-09-18 22:13:21 +0100}	commit: 1 file(s) in tests/unit/free-roam.test.ts DELTA:+30/-1 | EXT:ts TEST:31 TESTONLY:unit/free-roam.test.ts
a78490f664d0c7f6d7d20180bd64150822b68d30	gitlab/main@{2026-09-18 22:12:02 +0100}	update by push
a78490f664d0c7f6d7d20180bd64150822b68d30	origin/main@{2026-09-18 22:11:59 +0100}	update by push
a78490f664d0c7f6d7d20180bd64150822b68d30	main@{2026-09-18 22:11:56 +0100}	commit: 1 file(s) in src/routes/play/+page.svelte DELTA:+3/-3 | EXT:svelte
a78490f664d0c7f6d7d20180bd64150822b68d30	HEAD@{2026-09-18 22:11:56 +0100}	commit: 1 file(s) in src/routes/play/+page.svelte DELTA:+3/-3 | EXT:svelte
935eca687aca4607cdd9d22fceee74e6c170f730	gitlab/main@{2026-09-18 22:09:45 +0100}	update by push
935eca687aca4607cdd9d22fceee74e6c170f730	origin/main@{2026-09-18 22:09:43 +0100}	update by push
935eca687aca4607cdd9d22fceee74e6c170f730	main@{2026-09-18 22:09:39 +0100}	commit: 1 file(s) in src/client/free-roam.ts DELTA:+0/-1 | EXT:ts
935eca687aca4607cdd9d22fceee74e6c170f730	HEAD@{2026-09-18 22:09:39 +0100}	commit: 1 file(s) in src/client/free-roam.ts DELTA:+0/-1 | EXT:ts
28a54edc4c4bd38f78af5f206cf07dce4bf79e89	gitlab/main@{2026-09-18 22:07:51 +0100}	update by push
28a54edc4c4bd38f78af5f206cf07dce4bf79e89	origin/main@{2026-09-18 22:07:49 +0100}	update by push
28a54edc4c4bd38f78af5f206cf07dce4bf79e89	main@{2026-09-18 22:07:45 +0100}	commit: 2 file(s) in src [src/routes/play/+page.svelte, src/client/free-roam.ts] DELTA:+20/-3 | EXT:svelte,ts
28a54edc4c4bd38f78af5f206cf07dce4bf79e89	HEAD@{2026-09-18 22:07:45 +0100}	commit: 2 file(s) in src [src/routes/play/+page.svelte, src/client/free-roam.ts] DELTA:+20/-3 | EXT:svelte,ts
03d31bf6e9c0e5e8b039754e474556d3eceaf08a	gitlab/main@{2026-09-18 22:07:16 +0100}	update by push
03d31bf6e9c0e5e8b039754e474556d3eceaf08a	origin/main@{2026-09-18 22:07:14 +0100}	update by push
03d31bf6e9c0e5e8b039754e474556d3eceaf08a	main@{2026-09-18 22:07:10 +0100}	commit: 1 file(s) in tests/unit/free-roam.test.ts DELTA:+2/-1 | EXT:ts TEST:3 TESTONLY:unit/free-roam.test.ts
03d31bf6e9c0e5e8b039754e474556d3eceaf08a	HEAD@{2026-09-18 22:07:10 +0100}	commit: 1 file(s) in tests/unit/free-roam.test.ts DELTA:+2/-1 | EXT:ts TEST:3 TESTONLY:unit/free-roam.test.ts
2c79a51699497efdc4df80d14555e407934a06ea	gitlab/main@{2026-09-18 22:06:42 +0100}	update by push
2c79a51699497efdc4df80d14555e407934a06ea	origin/main@{2026-09-18 22:06:40 +0100}	update by push
2c79a51699497efdc4df80d14555e407934a06ea	main@{2026-09-18 22:06:37 +0100}	commit: 1 file(s) in src/client/free-roam.ts DELTA:+109/-0 | EXT:ts
2c79a51699497efdc4df80d14555e407934a06ea	HEAD@{2026-09-18 22:06:37 +0100}	commit: 1 file(s) in src/client/free-roam.ts DELTA:+109/-0 | EXT:ts
a37ad7d933a9dbb8e522e798df7448e969c61333	gitlab/main@{2026-09-18 22:05:57 +0100}	update by push
a37ad7d933a9dbb8e522e798df7448e969c61333	origin/main@{2026-09-18 22:05:55 +0100}	update by push
a37ad7d933a9dbb8e522e798df7448e969c61333	main@{2026-09-18 22:05:51 +0100}	commit: 1 file(s) in src/client/free-roam.ts DELTA:+3/-1 | EXT:ts
a37ad7d933a9dbb8e522e798df7448e969c61333	HEAD@{2026-09-18 22:05:51 +0100}	commit: 1 file(s) in src/client/free-roam.ts DELTA:+3/-1 | EXT:ts
8e15f2ed4140360c2a173b78f7e1b7495da953c8	gitlab/main@{2026-09-18 22:05:28 +0100}	update by push
8e15f2ed4140360c2a173b78f7e1b7495da953c8	origin/main@{2026-09-18 22:05:26 +0100}	update by push
8e15f2ed4140360c2a173b78f7e1b7495da953c8	main@{2026-09-18 22:05:21 +0100}	commit: 1 file(s) in src/sim/vehicle.ts DELTA:+1/-1 | EXT:ts
8e15f2ed4140360c2a173b78f7e1b7495da953c8	HEAD@{2026-09-18 22:05:21 +0100}	commit: 1 file(s) in src/sim/vehicle.ts DELTA:+1/-1 | EXT:ts
298db20dfc7402f0a517e891d8a5a9f3f0cafc9f	gitlab/main@{2026-09-18 21:55:16 +0100}	update by push
298db20dfc7402f0a517e891d8a5a9f3f0cafc9f	origin/main@{2026-09-18 21:55:13 +0100}	update by push
298db20dfc7402f0a517e891d8a5a9f3f0cafc9f	main@{2026-09-18 21:55:09 +0100}	commit: 1 file(s) in tests/browser/q6-smoke.ts DELTA:+19/-9 | EXT:ts
298db20dfc7402f0a517e891d8a5a9f3f0cafc9f	HEAD@{2026-09-18 21:55:09 +0100}	commit: 1 file(s) in tests/browser/q6-smoke.ts DELTA:+19/-9 | EXT:ts
c8ea924cd563ab56b92a46e2bb0bbfb1141784f7	gitlab/main@{2026-09-18 21:50:03 +0100}	update by push
c8ea924cd563ab56b92a46e2bb0bbfb1141784f7	origin/main@{2026-09-18 21:50:01 +0100}	update by push
c8ea924cd563ab56b92a46e2bb0bbfb1141784f7	main@{2026-09-18 21:49:56 +0100}	commit: 2 file(s) in design/phase-1 [design/phase-1/ITERATIONS.md, design/phase-1/NEXT-TASKS.md] DELTA:+4/-0 | EXT:md DOCSONLY:phase-1/ITERATIONS.md,phase-1/NEXT-TASKS.md
c8ea924cd563ab56b92a46e2bb0bbfb1141784f7	HEAD@{2026-09-18 21:49:56 +0100}	commit: 2 file(s) in design/phase-1 [design/phase-1/ITERATIONS.md, design/phase-1/NEXT-TASKS.md] DELTA:+4/-0 | EXT:md DOCSONLY:phase-1/ITERATIONS.md,phase-1/NEXT-TASKS.md
91ea50896bbcd4435ad8b76bfb96c915f74ebe47	gitlab/main@{2026-09-18 21:49:37 +0100}	update by push
91ea50896bbcd4435ad8b76bfb96c915f74ebe47	origin/main@{2026-09-18 21:49:30 +0100}	update by push
91ea50896bbcd4435ad8b76bfb96c915f74ebe47	main@{2026-09-18 21:49:27 +0100}	commit: 1 file(s) in design/GAME-PLAN.md DELTA:+112/-0 | EXT:md NEW:design/GAME-PLAN.md DOCSONLY:design/GAME-PLAN.md
91ea50896bbcd4435ad8b76bfb96c915f74ebe47	HEAD@{2026-09-18 21:49:27 +0100}	commit: 1 file(s) in design/GAME-PLAN.md DELTA:+112/-0 | EXT:md NEW:design/GAME-PLAN.md DOCSONLY:design/GAME-PLAN.md
852be4847a9872fc3208c5b45a3919aaf9610b36	gitlab/main@{2026-09-18 21:46:18 +0100}	update by push
852be4847a9872fc3208c5b45a3919aaf9610b36	origin/main@{2026-09-18 21:46:16 +0100}	update by push
852be4847a9872fc3208c5b45a3919aaf9610b36	main@{2026-09-18 21:46:12 +0100}	commit: CLOSED: 27. Shadow silhouettes, 29. 4 m, 30. One-way chevrons, 32. Zone label, 37. Wallet, 38. Streak bonus, 44. On-foot crate, 45. RUN COMPLETE | 1 file(s) in design/phase-1/ITERATIONS.md DELTA:+8/-8 | EXT:md DOCSONLY:phase-1/ITERATIONS.md
852be4847a9872fc3208c5b45a3919aaf9610b36	HEAD@{2026-09-18 21:46:12 +0100}	commit: CLOSED: 27. Shadow silhouettes, 29. 4 m, 30. One-way chevrons, 32. Zone label, 37. Wallet, 38. Streak bonus, 44. On-foot crate, 45. RUN COMPLETE | 1 file(s) in design/phase-1/ITERATIONS.md DELTA:+8/-8 | EXT:md DOCSONLY:phase-1/ITERATIONS.md
1f46838df5e8a65e9b7666f57f866e7afb39f238	gitlab/main@{2026-09-18 21:43:07 +0100}	update by push
1f46838df5e8a65e9b7666f57f866e7afb39f238	origin/main@{2026-09-18 21:43:04 +0100}	update by push
1f46838df5e8a65e9b7666f57f866e7afb39f238	main@{2026-09-18 21:43:01 +0100}	commit: 1 file(s) in tests/unit/free-roam.test.ts DELTA:+1/-1 | EXT:ts TEST:2 TESTONLY:unit/free-roam.test.ts
1f46838df5e8a65e9b7666f57f866e7afb39f238	HEAD@{2026-09-18 21:43:01 +0100}	commit: 1 file(s) in tests/unit/free-roam.test.ts DELTA:+1/-1 | EXT:ts TEST:2 TESTONLY:unit/free-roam.test.ts
290218551f21ff8b3d6b19fbfa3dd9d3bf4a7c7d	gitlab/main@{2026-09-18 21:42:20 +0100}	update by push
290218551f21ff8b3d6b19fbfa3dd9d3bf4a7c7d	origin/main@{2026-09-18 21:42:18 +0100}	update by push
290218551f21ff8b3d6b19fbfa3dd9d3bf4a7c7d	main@{2026-09-18 21:42:14 +0100}	commit: 1 file(s) in tests/unit/free-roam.test.ts DELTA:+24/-1 | EXT:ts TEST:25 TESTONLY:unit/free-roam.test.ts
290218551f21ff8b3d6b19fbfa3dd9d3bf4a7c7d	HEAD@{2026-09-18 21:42:14 +0100}	commit: 1 file(s) in tests/unit/free-roam.test.ts DELTA:+24/-1 | EXT:ts TEST:25 TESTONLY:unit/free-roam.test.ts
8b411247a0ff02d64061c894011cc19f605f882a	gitlab/main@{2026-09-18 21:41:43 +0100}	update by push
8b411247a0ff02d64061c894011cc19f605f882a	origin/main@{2026-09-18 21:41:41 +0100}	update by push
8b411247a0ff02d64061c894011cc19f605f882a	main@{2026-09-18 21:41:37 +0100}	commit: 1 file(s) in src/routes/play/+page.svelte DELTA:+1/-1 | EXT:svelte
8b411247a0ff02d64061c894011cc19f605f882a	HEAD@{2026-09-18 21:41:37 +0100}	commit: 1 file(s) in src/routes/play/+page.svelte DELTA:+1/-1 | EXT:svelte
288f2e035c6a1d5fd9d13a89817d9684798ecc4e	gitlab/main@{2026-09-18 21:41:07 +0100}	update by push
288f2e035c6a1d5fd9d13a89817d9684798ecc4e	origin/main@{2026-09-18 21:41:05 +0100}	update by push
288f2e035c6a1d5fd9d13a89817d9684798ecc4e	main@{2026-09-18 21:41:01 +0100}	commit: 1 file(s) in src/routes/play/+page.svelte DELTA:+4/-0 | EXT:svelte
288f2e035c6a1d5fd9d13a89817d9684798ecc4e	HEAD@{2026-09-18 21:41:01 +0100}	commit: 1 file(s) in src/routes/play/+page.svelte DELTA:+4/-0 | EXT:svelte
0c0fc9285a13778279cd0f5ee899bb5d3a0be651	gitlab/main@{2026-09-18 21:40:12 +0100}	update by push
0c0fc9285a13778279cd0f5ee899bb5d3a0be651	origin/main@{2026-09-18 21:40:10 +0100}	update by push
0c0fc9285a13778279cd0f5ee899bb5d3a0be651	main@{2026-09-18 21:40:06 +0100}	commit: 1 file(s) in src/routes/play/+page.svelte DELTA:+23/-2 | EXT:svelte
0c0fc9285a13778279cd0f5ee899bb5d3a0be651	HEAD@{2026-09-18 21:40:06 +0100}	commit: 1 file(s) in src/routes/play/+page.svelte DELTA:+23/-2 | EXT:svelte
d52ea0c01d023a7de75a0f6e6677af8ca158ec44	gitlab/main@{2026-09-18 21:38:50 +0100}	update by push
d52ea0c01d023a7de75a0f6e6677af8ca158ec44	origin/main@{2026-09-18 21:38:48 +0100}	update by push
d52ea0c01d023a7de75a0f6e6677af8ca158ec44	main@{2026-09-18 21:38:45 +0100}	commit: 1 file(s) in src/client/play-renderer.ts DELTA:+10/-0 | EXT:ts
d52ea0c01d023a7de75a0f6e6677af8ca158ec44	HEAD@{2026-09-18 21:38:45 +0100}	commit: 1 file(s) in src/client/play-renderer.ts DELTA:+10/-0 | EXT:ts
638b73c4998736fcf4e2745d125b4249ce8bbdef	gitlab/main@{2026-09-18 21:38:32 +0100}	update by push
638b73c4998736fcf4e2745d125b4249ce8bbdef	origin/main@{2026-09-18 21:38:30 +0100}	update by push
638b73c4998736fcf4e2745d125b4249ce8bbdef	main@{2026-09-18 21:38:27 +0100}	commit: 1 file(s) in src/client/play-renderer.ts DELTA:+21/-6 | EXT:ts
638b73c4998736fcf4e2745d125b4249ce8bbdef	HEAD@{2026-09-18 21:38:27 +0100}	commit: 1 file(s) in src/client/play-renderer.ts DELTA:+21/-6 | EXT:ts
8ae82b188f4003d9be636cb81044ddcf7a058c2f	gitlab/main@{2026-09-18 21:38:16 +0100}	update by push
8ae82b188f4003d9be636cb81044ddcf7a058c2f	origin/main@{2026-09-18 21:38:15 +0100}	update by push
8ae82b188f4003d9be636cb81044ddcf7a058c2f	main@{2026-09-18 21:38:11 +0100}	commit: 1 file(s) in src/client/play-renderer.ts DELTA:+8/-15 | EXT:ts
8ae82b188f4003d9be636cb81044ddcf7a058c2f	HEAD@{2026-09-18 21:38:11 +0100}	commit: 1 file(s) in src/client/play-renderer.ts DELTA:+8/-15 | EXT:ts
6fe2e141e7da40dca98ca812deb7f466123ecf0b	gitlab/main@{2026-09-18 21:38:02 +0100}	update by push
6fe2e141e7da40dca98ca812deb7f466123ecf0b	origin/main@{2026-09-18 21:38:00 +0100}	update by push
6fe2e141e7da40dca98ca812deb7f466123ecf0b	main@{2026-09-18 21:37:57 +0100}	commit: 1 file(s) in src/client/free-roam.ts DELTA:+14/-4 | EXT:ts
6fe2e141e7da40dca98ca812deb7f466123ecf0b	HEAD@{2026-09-18 21:37:57 +0100}	commit: 1 file(s) in src/client/free-roam.ts DELTA:+14/-4 | EXT:ts
0c7c7ceda4e0bec4a3eee569033c3203da6ef0c5	gitlab/main@{2026-09-18 21:37:41 +0100}	update by push
0c7c7ceda4e0bec4a3eee569033c3203da6ef0c5	origin/main@{2026-09-18 21:37:39 +0100}	update by push
0c7c7ceda4e0bec4a3eee569033c3203da6ef0c5	main@{2026-09-18 21:37:36 +0100}	commit: 1 file(s) in src/client/free-roam.ts DELTA:+1/-0 | EXT:ts
0c7c7ceda4e0bec4a3eee569033c3203da6ef0c5	HEAD@{2026-09-18 21:37:36 +0100}	commit: 1 file(s) in src/client/free-roam.ts DELTA:+1/-0 | EXT:ts
dfe1409aeab369d912850008932bfc72b9d07f90	gitlab/main@{2026-09-18 21:37:27 +0100}	update by push
dfe1409aeab369d912850008932bfc72b9d07f90	origin/main@{2026-09-18 21:37:25 +0100}	update by push
dfe1409aeab369d912850008932bfc72b9d07f90	main@{2026-09-18 21:37:22 +0100}	commit: 1 file(s) in src/client/free-roam.ts DELTA:+4/-0 | EXT:ts
dfe1409aeab369d912850008932bfc72b9d07f90	HEAD@{2026-09-18 21:37:22 +0100}	commit: 1 file(s) in src/client/free-roam.ts DELTA:+4/-0 | EXT:ts
f212103f8a1b8d8c875d6df759d032d635b537ee	gitlab/main@{2026-09-18 21:37:10 +0100}	update by push
f212103f8a1b8d8c875d6df759d032d635b537ee	origin/main@{2026-09-18 21:37:07 +0100}	update by push
f212103f8a1b8d8c875d6df759d032d635b537ee	main@{2026-09-18 21:37:04 +0100}	commit: 1 file(s) in src/client/free-roam.ts DELTA:+8/-2 | EXT:ts
f212103f8a1b8d8c875d6df759d032d635b537ee	HEAD@{2026-09-18 21:37:04 +0100}	commit: 1 file(s) in src/client/free-roam.ts DELTA:+8/-2 | EXT:ts
5d3c3559d1d46459f4418c30a8dc2fa6473eef5c	gitlab/main@{2026-09-18 21:36:49 +0100}	update by push
5d3c3559d1d46459f4418c30a8dc2fa6473eef5c	origin/main@{2026-09-18 21:36:47 +0100}	update by push
5d3c3559d1d46459f4418c30a8dc2fa6473eef5c	main@{2026-09-18 21:36:44 +0100}	commit: 1 file(s) in src/client/free-roam.ts DELTA:+3/-2 | EXT:ts
5d3c3559d1d46459f4418c30a8dc2fa6473eef5c	HEAD@{2026-09-18 21:36:44 +0100}	commit: 1 file(s) in src/client/free-roam.ts DELTA:+3/-2 | EXT:ts
f859916dcd65f3b4aee5341dc560dcee913bfd2d	gitlab/main@{2026-09-18 21:32:29 +0100}	update by push
f859916dcd65f3b4aee5341dc560dcee913bfd2d	origin/main@{2026-09-18 21:32:27 +0100}	update by push
f859916dcd65f3b4aee5341dc560dcee913bfd2d	main@{2026-09-18 21:32:24 +0100}	commit: CLOSED: 17. RESOLVED BY, 18. Covered, 19. Tyre skid, 20. Walk bob, 21. Camera lookahead, 22. Exponential camera, 24. Speed lines, 25. Impact flash, 26. Instant reset, 28. Container stacks +2more | 1 file(s) in design/phase-1/ITERATIONS.md DELTA:+12/-12 | DOCSONLY:phase-1/ITERATIONS.md
f859916dcd65f3b4aee5341dc560dcee913bfd2d	HEAD@{2026-09-18 21:32:24 +0100}	commit: CLOSED: 17. RESOLVED BY, 18. Covered, 19. Tyre skid, 20. Walk bob, 21. Camera lookahead, 22. Exponential camera, 24. Speed lines, 25. Impact flash, 26. Instant reset, 28. Container stacks +2more | 1 file(s) in design/phase-1/ITERATIONS.md DELTA:+12/-12 | DOCSONLY:phase-1/ITERATIONS.md
150ae813e80e08bf7c4fb5125cce396d7aa3deb9	gitlab/main@{2026-09-18 21:30:08 +0100}	update by push
150ae813e80e08bf7c4fb5125cce396d7aa3deb9	origin/main@{2026-09-18 21:30:06 +0100}	update by push
150ae813e80e08bf7c4fb5125cce396d7aa3deb9	main@{2026-09-18 21:30:03 +0100}	commit: 1 file(s) in src/client/play-renderer.ts DELTA:+20/-0 | EXT:ts
150ae813e80e08bf7c4fb5125cce396d7aa3deb9	HEAD@{2026-09-18 21:30:03 +0100}	commit: 1 file(s) in src/client/play-renderer.ts DELTA:+20/-0 | EXT:ts
0310d8883107bb094e51cfca65dd157e1936f9b7	gitlab/main@{2026-09-18 21:29:54 +0100}	update by push
0310d8883107bb094e51cfca65dd157e1936f9b7	origin/main@{2026-09-18 21:29:52 +0100}	update by push
0310d8883107bb094e51cfca65dd157e1936f9b7	main@{2026-09-18 21:29:48 +0100}	commit: 2 file(s) in src [src/routes/play/+page.svelte, src/client/free-roam.ts] DELTA:+4/-1 | EXT:svelte,ts
0310d8883107bb094e51cfca65dd157e1936f9b7	HEAD@{2026-09-18 21:29:48 +0100}	commit: 2 file(s) in src [src/routes/play/+page.svelte, src/client/free-roam.ts] DELTA:+4/-1 | EXT:svelte,ts
eca108daa49824cff639d38dc8cb3ee8dd7f1ae4	gitlab/main@{2026-09-18 21:27:57 +0100}	update by push
eca108daa49824cff639d38dc8cb3ee8dd7f1ae4	origin/main@{2026-09-18 21:27:55 +0100}	update by push
eca108daa49824cff639d38dc8cb3ee8dd7f1ae4	main@{2026-09-18 21:27:51 +0100}	commit: 1 file(s) in src/routes/play/+page.svelte DELTA:+4/-1 | EXT:svelte
eca108daa49824cff639d38dc8cb3ee8dd7f1ae4	HEAD@{2026-09-18 21:27:51 +0100}	commit: 1 file(s) in src/routes/play/+page.svelte DELTA:+4/-1 | EXT:svelte
b2231fac26300d75d96ecd695b9272d5411abb31	gitlab/main@{2026-09-18 21:27:36 +0100}	update by push
b2231fac26300d75d96ecd695b9272d5411abb31	origin/main@{2026-09-18 21:27:32 +0100}	update by push
b2231fac26300d75d96ecd695b9272d5411abb31	main@{2026-09-18 21:27:28 +0100}	commit: 1 file(s) in src/routes/play/+page.svelte DELTA:+5/-0 | EXT:svelte
b2231fac26300d75d96ecd695b9272d5411abb31	HEAD@{2026-09-18 21:27:28 +0100}	commit: 1 file(s) in src/routes/play/+page.svelte DELTA:+5/-0 | EXT:svelte
10425dcdf2f318bb09687fe7fee96481ab3a074a	gitlab/main@{2026-09-18 21:27:14 +0100}	update by push
10425dcdf2f318bb09687fe7fee96481ab3a074a	origin/main@{2026-09-18 21:27:12 +0100}	update by push
10425dcdf2f318bb09687fe7fee96481ab3a074a	main@{2026-09-18 21:27:09 +0100}	commit: 1 file(s) in src/routes/play/+page.svelte DELTA:+22/-0 | EXT:svelte
10425dcdf2f318bb09687fe7fee96481ab3a074a	HEAD@{2026-09-18 21:27:09 +0100}	commit: 1 file(s) in src/routes/play/+page.svelte DELTA:+22/-0 | EXT:svelte
a3a26b73b0400b236e2685e0456fca95c7ef647d	gitlab/main@{2026-09-18 21:27:03 +0100}	update by push
a3a26b73b0400b236e2685e0456fca95c7ef647d	origin/main@{2026-09-18 21:27:00 +0100}	update by push
a3a26b73b0400b236e2685e0456fca95c7ef647d	main@{2026-09-18 21:26:57 +0100}	commit: 1 file(s) in src/routes/play/+page.svelte DELTA:+6/-2 | EXT:svelte
a3a26b73b0400b236e2685e0456fca95c7ef647d	HEAD@{2026-09-18 21:26:57 +0100}	commit: 1 file(s) in src/routes/play/+page.svelte DELTA:+6/-2 | EXT:svelte
88b111d6810c9f1b21ef0b2420a8071aa0ecaa14	gitlab/main@{2026-09-18 21:26:50 +0100}	update by push
88b111d6810c9f1b21ef0b2420a8071aa0ecaa14	origin/main@{2026-09-18 21:26:48 +0100}	update by push
88b111d6810c9f1b21ef0b2420a8071aa0ecaa14	main@{2026-09-18 21:26:44 +0100}	commit: 1 file(s) in src/routes/play/+page.svelte DELTA:+5/-0 | EXT:svelte
88b111d6810c9f1b21ef0b2420a8071aa0ecaa14	HEAD@{2026-09-18 21:26:44 +0100}	commit: 1 file(s) in src/routes/play/+page.svelte DELTA:+5/-0 | EXT:svelte
d040cb4f60e563a6117477574137578a0ee22253	gitlab/main@{2026-09-18 21:26:31 +0100}	update by push
d040cb4f60e563a6117477574137578a0ee22253	origin/main@{2026-09-18 21:26:29 +0100}	update by push
d040cb4f60e563a6117477574137578a0ee22253	main@{2026-09-18 21:26:26 +0100}	commit: 2 file(s) in src/client [src/client/play-renderer.ts, src/client/free-roam.ts] DELTA:+45/-3 | EXT:ts
d040cb4f60e563a6117477574137578a0ee22253	HEAD@{2026-09-18 21:26:26 +0100}	commit: 2 file(s) in src/client [src/client/play-renderer.ts, src/client/free-roam.ts] DELTA:+45/-3 | EXT:ts
9226b431f804840ddd9e84d253afbd65812e5380	gitlab/main@{2026-09-18 21:25:05 +0100}	update by push
9226b431f804840ddd9e84d253afbd65812e5380	origin/main@{2026-09-18 21:25:03 +0100}	update by push
9226b431f804840ddd9e84d253afbd65812e5380	main@{2026-09-18 21:24:59 +0100}	commit: 1 file(s) in src/client/free-roam.ts DELTA:+8/-1 | EXT:ts
9226b431f804840ddd9e84d253afbd65812e5380	HEAD@{2026-09-18 21:24:59 +0100}	commit: 1 file(s) in src/client/free-roam.ts DELTA:+8/-1 | EXT:ts
58ffc81b810710c6c1234df7bc07e96c80b05b71	gitlab/main@{2026-09-18 20:25:16 +0100}	update by push
58ffc81b810710c6c1234df7bc07e96c80b05b71	origin/main@{2026-09-18 20:25:14 +0100}	update by push
58ffc81b810710c6c1234df7bc07e96c80b05b71	main@{2026-09-18 20:25:11 +0100}	commit: CLOSED: 1. Menu hero, 2. Key-art crossfade, 3. Smoke asset, 4. /play/ free-roam, 5. MAX_VEHICLES 1, 6. FreeRoamControls, 7. Vehicle slide, 8. Walk direction, 9. rAF watchdog, 10. Crate delivery +6more | 4 file(s) in design,src DELTA:+165/-4
58ffc81b810710c6c1234df7bc07e96c80b05b71	HEAD@{2026-09-18 20:25:11 +0100}	commit: CLOSED: 1. Menu hero, 2. Key-art crossfade, 3. Smoke asset, 4. /play/ free-roam, 5. MAX_VEHICLES 1, 6. FreeRoamControls, 7. Vehicle slide, 8. Walk direction, 9. rAF watchdog, 10. Crate delivery +6more | 4 file(s) in design,src DELTA:+165/-4
13f10d2a6e7ee7ccdd83f03c1894db302191dc17	gitlab/main@{2026-09-18 20:15:37 +0100}	update by push
13f10d2a6e7ee7ccdd83f03c1894db302191dc17	origin/main@{2026-09-18 20:15:35 +0100}	update by push
13f10d2a6e7ee7ccdd83f03c1894db302191dc17	main@{2026-09-18 20:15:31 +0100}	commit: 1 file(s) in src/client/free-roam.ts DELTA:+1/-1 | EXT:ts
13f10d2a6e7ee7ccdd83f03c1894db302191dc17	HEAD@{2026-09-18 20:15:31 +0100}	commit: 1 file(s) in src/client/free-roam.ts DELTA:+1/-1 | EXT:ts
a004374539cfb2c45676121d79d7ebac53bf5ac7	gitlab/main@{2026-09-18 20:14:16 +0100}	update by push
a004374539cfb2c45676121d79d7ebac53bf5ac7	origin/main@{2026-09-18 20:14:14 +0100}	update by push
a004374539cfb2c45676121d79d7ebac53bf5ac7	main@{2026-09-18 20:14:11 +0100}	commit: 1 file(s) in tests/browser/q6-smoke.ts DELTA:+4/-2 | EXT:ts
a004374539cfb2c45676121d79d7ebac53bf5ac7	HEAD@{2026-09-18 20:14:11 +0100}	commit: 1 file(s) in tests/browser/q6-smoke.ts DELTA:+4/-2 | EXT:ts
052318086a75bf3a226b84140a89bf1a7509d6d3	gitlab/main@{2026-09-18 20:10:02 +0100}	update by push
052318086a75bf3a226b84140a89bf1a7509d6d3	origin/main@{2026-09-18 20:10:00 +0100}	update by push
052318086a75bf3a226b84140a89bf1a7509d6d3	main@{2026-09-18 20:09:57 +0100}	commit: 1 file(s) in src/client/free-roam.ts DELTA:+5/-1 | EXT:ts
052318086a75bf3a226b84140a89bf1a7509d6d3	HEAD@{2026-09-18 20:09:57 +0100}	commit: 1 file(s) in src/client/free-roam.ts DELTA:+5/-1 | EXT:ts
aa4b9c0b6c59ae49d71f5d9cbfe32ceeb35942cf	gitlab/main@{2026-09-18 20:09:32 +0100}	update by push
aa4b9c0b6c59ae49d71f5d9cbfe32ceeb35942cf	origin/main@{2026-09-18 20:09:30 +0100}	update by push
aa4b9c0b6c59ae49d71f5d9cbfe32ceeb35942cf	main@{2026-09-18 20:09:26 +0100}	commit: 2 file(s) in src,tests [tests/unit/free-roam.test.ts, src/client/free-roam.ts] DELTA:+2/-4 | EXT:ts TEST:5
aa4b9c0b6c59ae49d71f5d9cbfe32ceeb35942cf	HEAD@{2026-09-18 20:09:26 +0100}	commit: 2 file(s) in src,tests [tests/unit/free-roam.test.ts, src/client/free-roam.ts] DELTA:+2/-4 | EXT:ts TEST:5
11778af6be98f118523a9e0884dce16449191c06	gitlab/main@{2026-09-18 20:05:12 +0100}	update by push
11778af6be98f118523a9e0884dce16449191c06	origin/main@{2026-09-18 20:05:10 +0100}	update by push
11778af6be98f118523a9e0884dce16449191c06	main@{2026-09-18 20:05:07 +0100}	commit: 1 file(s) in tests/unit/free-roam.test.ts DELTA:+1/-1 | EXT:ts TEST:2 TESTONLY:unit/free-roam.test.ts
11778af6be98f118523a9e0884dce16449191c06	HEAD@{2026-09-18 20:05:07 +0100}	commit: 1 file(s) in tests/unit/free-roam.test.ts DELTA:+1/-1 | EXT:ts TEST:2 TESTONLY:unit/free-roam.test.ts
9e14072c0319cc84e9d7058610d1dcefe03a3193	gitlab/main@{2026-09-18 20:04:43 +0100}	update by push
9e14072c0319cc84e9d7058610d1dcefe03a3193	origin/main@{2026-09-18 20:04:41 +0100}	update by push
9e14072c0319cc84e9d7058610d1dcefe03a3193	main@{2026-09-18 20:04:38 +0100}	commit: 2 file(s) in tests [tests/browser/q6-smoke.ts, tests/unit/free-roam.test.ts] DELTA:+33/-12 | EXT:ts TEST:21
9e14072c0319cc84e9d7058610d1dcefe03a3193	HEAD@{2026-09-18 20:04:38 +0100}	commit: 2 file(s) in tests [tests/browser/q6-smoke.ts, tests/unit/free-roam.test.ts] DELTA:+33/-12 | EXT:ts TEST:21
c02c94a478dd740e46c618dbb7176f255afc3af3	gitlab/main@{2026-09-18 20:03:59 +0100}	update by push
c02c94a478dd740e46c618dbb7176f255afc3af3	origin/main@{2026-09-18 20:03:57 +0100}	update by push
c02c94a478dd740e46c618dbb7176f255afc3af3	main@{2026-09-18 20:03:54 +0100}	commit: 1 file(s) in src/routes/play/+page.svelte DELTA:+19/-19 | EXT:svelte
c02c94a478dd740e46c618dbb7176f255afc3af3	HEAD@{2026-09-18 20:03:54 +0100}	commit: 1 file(s) in src/routes/play/+page.svelte DELTA:+19/-19 | EXT:svelte
577401b82bf245c2d72f0d177ceaa8efa9092246	gitlab/main@{2026-09-18 20:03:19 +0100}	update by push
577401b82bf245c2d72f0d177ceaa8efa9092246	origin/main@{2026-09-18 20:03:17 +0100}	update by push
577401b82bf245c2d72f0d177ceaa8efa9092246	main@{2026-09-18 20:03:14 +0100}	commit: 1 file(s) in src/routes/play/+page.svelte DELTA:+4/-3 | EXT:svelte
577401b82bf245c2d72f0d177ceaa8efa9092246	HEAD@{2026-09-18 20:03:14 +0100}	commit: 1 file(s) in src/routes/play/+page.svelte DELTA:+4/-3 | EXT:svelte
72641b09c1f6a17bfcf6934b19a4cb8b5a64da05	gitlab/main@{2026-09-18 20:02:57 +0100}	update by push
72641b09c1f6a17bfcf6934b19a4cb8b5a64da05	origin/main@{2026-09-18 20:02:55 +0100}	update by push
72641b09c1f6a17bfcf6934b19a4cb8b5a64da05	main@{2026-09-18 20:02:52 +0100}	commit: 1 file(s) in src/routes/play/+page.svelte DELTA:+59/-27 | EXT:svelte
72641b09c1f6a17bfcf6934b19a4cb8b5a64da05	HEAD@{2026-09-18 20:02:52 +0100}	commit: 1 file(s) in src/routes/play/+page.svelte DELTA:+59/-27 | EXT:svelte
baa9083abc8e98a0e724c2b26df3498754297864	gitlab/main@{2026-09-18 20:02:07 +0100}	update by push
baa9083abc8e98a0e724c2b26df3498754297864	origin/main@{2026-09-18 20:02:04 +0100}	update by push
baa9083abc8e98a0e724c2b26df3498754297864	main@{2026-09-18 20:02:01 +0100}	commit: 1 file(s) in src/client/play-renderer.ts DELTA:+64/-12 | EXT:ts
baa9083abc8e98a0e724c2b26df3498754297864	HEAD@{2026-09-18 20:02:01 +0100}	commit: 1 file(s) in src/client/play-renderer.ts DELTA:+64/-12 | EXT:ts
a0294ad41822d00d8e595df60860463197b77b34	gitlab/main@{2026-09-18 20:01:30 +0100}	update by push
a0294ad41822d00d8e595df60860463197b77b34	origin/main@{2026-09-18 20:01:27 +0100}	update by push
a0294ad41822d00d8e595df60860463197b77b34	main@{2026-09-18 20:01:24 +0100}	commit: 1 file(s) in src/client/free-roam.ts DELTA:+2/-0 | EXT:ts
a0294ad41822d00d8e595df60860463197b77b34	HEAD@{2026-09-18 20:01:24 +0100}	commit: 1 file(s) in src/client/free-roam.ts DELTA:+2/-0 | EXT:ts
77998a8db13c97eb864e19c49f4ba63f8b8f428b	gitlab/main@{2026-09-18 20:01:18 +0100}	update by push
77998a8db13c97eb864e19c49f4ba63f8b8f428b	origin/main@{2026-09-18 20:01:16 +0100}	update by push
77998a8db13c97eb864e19c49f4ba63f8b8f428b	main@{2026-09-18 20:01:12 +0100}	commit: 1 file(s) in src/client/free-roam.ts DELTA:+9/-0 | EXT:ts
77998a8db13c97eb864e19c49f4ba63f8b8f428b	HEAD@{2026-09-18 20:01:12 +0100}	commit: 1 file(s) in src/client/free-roam.ts DELTA:+9/-0 | EXT:ts
71326399c6d681b428691628631693f06cc3251e	gitlab/main@{2026-09-18 20:01:09 +0100}	update by push
71326399c6d681b428691628631693f06cc3251e	origin/main@{2026-09-18 20:01:05 +0100}	update by push
71326399c6d681b428691628631693f06cc3251e	main@{2026-09-18 20:01:02 +0100}	commit: 1 file(s) in src/client/free-roam.ts DELTA:+18/-0 | EXT:ts
71326399c6d681b428691628631693f06cc3251e	HEAD@{2026-09-18 20:01:02 +0100}	commit: 1 file(s) in src/client/free-roam.ts DELTA:+18/-0 | EXT:ts
2c5e320e262046fc559787b6eedc3c12457ffa32	gitlab/main@{2026-09-18 19:59:56 +0100}	update by push
2c5e320e262046fc559787b6eedc3c12457ffa32	origin/main@{2026-09-18 19:59:54 +0100}	update by push
2c5e320e262046fc559787b6eedc3c12457ffa32	main@{2026-09-18 19:59:51 +0100}	commit: 1 file(s) in tests/unit/free-roam.test.ts DELTA:+1/-1 | EXT:ts TEST:2 TESTONLY:unit/free-roam.test.ts
2c5e320e262046fc559787b6eedc3c12457ffa32	HEAD@{2026-09-18 19:59:51 +0100}	commit: 1 file(s) in tests/unit/free-roam.test.ts DELTA:+1/-1 | EXT:ts TEST:2 TESTONLY:unit/free-roam.test.ts
583d51b1c95bc5fd1e27c7edbaaa6f19a3b1c5af	gitlab/main@{2026-09-18 19:59:04 +0100}	update by push
583d51b1c95bc5fd1e27c7edbaaa6f19a3b1c5af	origin/main@{2026-09-18 19:59:02 +0100}	update by push
583d51b1c95bc5fd1e27c7edbaaa6f19a3b1c5af	main@{2026-09-18 19:58:59 +0100}	commit: 1 file(s) in tests/unit/free-roam.test.ts DELTA:+11/-5 | EXT:ts TEST:16 TESTONLY:unit/free-roam.test.ts
583d51b1c95bc5fd1e27c7edbaaa6f19a3b1c5af	HEAD@{2026-09-18 19:58:59 +0100}	commit: 1 file(s) in tests/unit/free-roam.test.ts DELTA:+11/-5 | EXT:ts TEST:16 TESTONLY:unit/free-roam.test.ts
f1de83f50dfe2ff64b91cdaea10aac6a4532c21a	gitlab/main@{2026-09-18 19:55:54 +0100}	update by push
f1de83f50dfe2ff64b91cdaea10aac6a4532c21a	origin/main@{2026-09-18 19:55:52 +0100}	update by push
f1de83f50dfe2ff64b91cdaea10aac6a4532c21a	main@{2026-09-18 19:55:49 +0100}	commit: 1 file(s) in src/client/free-roam.ts DELTA:+8/-6 | EXT:ts
f1de83f50dfe2ff64b91cdaea10aac6a4532c21a	HEAD@{2026-09-18 19:55:49 +0100}	commit: 1 file(s) in src/client/free-roam.ts DELTA:+8/-6 | EXT:ts
47515e5e65ee19b01b9389db4ed9386b1ef39105	gitlab/main@{2026-09-18 19:54:25 +0100}	update by push
47515e5e65ee19b01b9389db4ed9386b1ef39105	origin/main@{2026-09-18 19:54:23 +0100}	update by push
47515e5e65ee19b01b9389db4ed9386b1ef39105	main@{2026-09-18 19:54:20 +0100}	commit: 1 file(s) in tests/unit/free-roam.test.ts DELTA:+5/-4 | EXT:ts TEST:9 TESTONLY:unit/free-roam.test.ts
47515e5e65ee19b01b9389db4ed9386b1ef39105	HEAD@{2026-09-18 19:54:20 +0100}	commit: 1 file(s) in tests/unit/free-roam.test.ts DELTA:+5/-4 | EXT:ts TEST:9 TESTONLY:unit/free-roam.test.ts
42e50b23a4520603e3cffb0fffca2b4f547d8bc3	gitlab/main@{2026-09-18 19:52:23 +0100}	update by push
42e50b23a4520603e3cffb0fffca2b4f547d8bc3	origin/main@{2026-09-18 19:52:21 +0100}	update by push
42e50b23a4520603e3cffb0fffca2b4f547d8bc3	main@{2026-09-18 19:52:18 +0100}	commit: 1 file(s) in tests/unit/free-roam.test.ts DELTA:+3/-1 | EXT:ts TEST:4 TESTONLY:unit/free-roam.test.ts
42e50b23a4520603e3cffb0fffca2b4f547d8bc3	HEAD@{2026-09-18 19:52:18 +0100}	commit: 1 file(s) in tests/unit/free-roam.test.ts DELTA:+3/-1 | EXT:ts TEST:4 TESTONLY:unit/free-roam.test.ts
82858c966931438534c2835e59e8cc05e035f54f	gitlab/main@{2026-09-18 19:51:52 +0100}	update by push
82858c966931438534c2835e59e8cc05e035f54f	origin/main@{2026-09-18 19:51:50 +0100}	update by push
82858c966931438534c2835e59e8cc05e035f54f	main@{2026-09-18 19:51:47 +0100}	commit: 1 file(s) in tests/unit/free-roam.test.ts DELTA:+19/-0 | EXT:ts TEST:19 TESTONLY:unit/free-roam.test.ts
82858c966931438534c2835e59e8cc05e035f54f	HEAD@{2026-09-18 19:51:47 +0100}	commit: 1 file(s) in tests/unit/free-roam.test.ts DELTA:+19/-0 | EXT:ts TEST:19 TESTONLY:unit/free-roam.test.ts
bcdfa9a11f215402bdd9c7373d764aa43eaa4941	gitlab/main@{2026-09-18 19:50:31 +0100}	update by push
bcdfa9a11f215402bdd9c7373d764aa43eaa4941	origin/main@{2026-09-18 19:50:29 +0100}	update by push
bcdfa9a11f215402bdd9c7373d764aa43eaa4941	main@{2026-09-18 19:50:26 +0100}	commit: 1 file(s) in src/sim/commands.ts DELTA:+8/-2 | EXT:ts
bcdfa9a11f215402bdd9c7373d764aa43eaa4941	HEAD@{2026-09-18 19:50:26 +0100}	commit: 1 file(s) in src/sim/commands.ts DELTA:+8/-2 | EXT:ts
dd564a9fb823fe8bbc8edbf73c548d8085118c71	gitlab/main@{2026-09-18 19:23:20 +0100}	update by push
dd564a9fb823fe8bbc8edbf73c548d8085118c71	origin/main@{2026-09-18 19:22:08 +0100}	update by push
dd564a9fb823fe8bbc8edbf73c548d8085118c71	main@{2026-09-18 19:22:04 +0100}	commit: 2 file(s) in design,tests [design/phase-1/NEXT-TASKS.md, tests/unit/free-roam.test.ts] DELTA:+3/-1 | EXT:md,ts TEST:2
dd564a9fb823fe8bbc8edbf73c548d8085118c71	HEAD@{2026-09-18 19:22:04 +0100}	commit: 2 file(s) in design,tests [design/phase-1/NEXT-TASKS.md, tests/unit/free-roam.test.ts] DELTA:+3/-1 | EXT:md,ts TEST:2
afc53fa3f110e7d5dd42385205d87223f8d12817	gitlab/main@{2026-09-18 19:18:42 +0100}	update by push
afc53fa3f110e7d5dd42385205d87223f8d12817	origin/main@{2026-09-18 19:17:27 +0100}	update by push
afc53fa3f110e7d5dd42385205d87223f8d12817	main@{2026-09-18 19:17:23 +0100}	commit: 1 file(s) in src/client/free-roam.ts DELTA:+2/-1 | EXT:ts
afc53fa3f110e7d5dd42385205d87223f8d12817	HEAD@{2026-09-18 19:17:23 +0100}	commit: 1 file(s) in src/client/free-roam.ts DELTA:+2/-1 | EXT:ts
e1665399a47ad2c3fc66e9076177ac693cc9ff5b	gitlab/main@{2026-09-18 19:16:40 +0100}	update by push
e1665399a47ad2c3fc66e9076177ac693cc9ff5b	origin/main@{2026-09-18 19:15:35 +0100}	update by push
e1665399a47ad2c3fc66e9076177ac693cc9ff5b	main@{2026-09-18 19:15:31 +0100}	commit: 2 file(s) in tests [tests/unit/free-roam.test.ts, tests/browser/q6-smoke.ts] DELTA:+14/-0 | EXT:ts TEST:13
e1665399a47ad2c3fc66e9076177ac693cc9ff5b	HEAD@{2026-09-18 19:15:31 +0100}	commit: 2 file(s) in tests [tests/unit/free-roam.test.ts, tests/browser/q6-smoke.ts] DELTA:+14/-0 | EXT:ts TEST:13
e80b3ce56111958f201d7a5dd69ef7be5d951650	gitlab/main@{2026-09-18 19:12:42 +0100}	update by push
e80b3ce56111958f201d7a5dd69ef7be5d951650	origin/main@{2026-09-18 19:11:32 +0100}	update by push
e80b3ce56111958f201d7a5dd69ef7be5d951650	main@{2026-09-18 19:11:29 +0100}	commit: 1 file(s) in tests/browser/q6-smoke.ts DELTA:+28/-0 | EXT:ts
e80b3ce56111958f201d7a5dd69ef7be5d951650	HEAD@{2026-09-18 19:11:29 +0100}	commit: 1 file(s) in tests/browser/q6-smoke.ts DELTA:+28/-0 | EXT:ts
2794c16a6eb6ead807b162b9d3df3a96e0924cbb	gitlab/main@{2026-09-18 18:59:17 +0100}	update by push
2794c16a6eb6ead807b162b9d3df3a96e0924cbb	origin/main@{2026-09-18 18:59:14 +0100}	update by push
2794c16a6eb6ead807b162b9d3df3a96e0924cbb	main@{2026-09-18 18:59:11 +0100}	commit: 1 file(s) in src/routes/play/+page.svelte DELTA:+21/-11 | EXT:svelte
2794c16a6eb6ead807b162b9d3df3a96e0924cbb	HEAD@{2026-09-18 18:59:11 +0100}	commit: 1 file(s) in src/routes/play/+page.svelte DELTA:+21/-11 | EXT:svelte
5e2d4486a8d269605036fe2ee1585a3ddfaa803f	gitlab/main@{2026-09-18 18:52:13 +0100}	update by push
5e2d4486a8d269605036fe2ee1585a3ddfaa803f	origin/main@{2026-09-18 18:52:11 +0100}	update by push
5e2d4486a8d269605036fe2ee1585a3ddfaa803f	main@{2026-09-18 18:52:08 +0100}	commit: 1 file(s) in tests/browser/q6-smoke.ts DELTA:+12/-3 | EXT:ts
5e2d4486a8d269605036fe2ee1585a3ddfaa803f	HEAD@{2026-09-18 18:52:08 +0100}	commit: 1 file(s) in tests/browser/q6-smoke.ts DELTA:+12/-3 | EXT:ts
64862706178a6f6a2faa14f30c06bc9e113f93ff	gitlab/main@{2026-09-18 18:49:05 +0100}	update by push
64862706178a6f6a2faa14f30c06bc9e113f93ff	origin/main@{2026-09-18 18:49:03 +0100}	update by push
64862706178a6f6a2faa14f30c06bc9e113f93ff	main@{2026-09-18 18:48:59 +0100}	commit: 1 file(s) in tests/architecture.test.ts DELTA:+15/-3 | EXT:ts TEST:18 TESTONLY:tests/architecture.test.ts
64862706178a6f6a2faa14f30c06bc9e113f93ff	HEAD@{2026-09-18 18:48:59 +0100}	commit: 1 file(s) in tests/architecture.test.ts DELTA:+15/-3 | EXT:ts TEST:18 TESTONLY:tests/architecture.test.ts
034800c4eb476dca3c8c52cead7a408a2a67c2c8	gitlab/main@{2026-09-18 18:45:48 +0100}	update by push
034800c4eb476dca3c8c52cead7a408a2a67c2c8	origin/main@{2026-09-18 18:45:46 +0100}	update by push
034800c4eb476dca3c8c52cead7a408a2a67c2c8	main@{2026-09-18 18:45:42 +0100}	commit: 3 file(s) in src,tests [src/app.html, src/routes/play/+page.svelte, tests/browser/q6-smoke.ts] DELTA:+22/-3 | EXT:html,svelte,ts
034800c4eb476dca3c8c52cead7a408a2a67c2c8	HEAD@{2026-09-18 18:45:42 +0100}	commit: 3 file(s) in src,tests [src/app.html, src/routes/play/+page.svelte, tests/browser/q6-smoke.ts] DELTA:+22/-3 | EXT:html,svelte,ts
195c0773e642e65ca0d294fb75a12d9fc7d413f5	gitlab/main@{2026-09-18 18:45:27 +0100}	update by push
195c0773e642e65ca0d294fb75a12d9fc7d413f5	origin/main@{2026-09-18 18:45:24 +0100}	update by push
195c0773e642e65ca0d294fb75a12d9fc7d413f5	main@{2026-09-18 18:45:20 +0100}	commit: 1 file(s) in static/favicon.png DELTA:+0/-0 | BIN:1 NEW:static/favicon.png
195c0773e642e65ca0d294fb75a12d9fc7d413f5	HEAD@{2026-09-18 18:45:20 +0100}	commit: 1 file(s) in static/favicon.png DELTA:+0/-0 | BIN:1 NEW:static/favicon.png
fcc844ababb501037364fe71f4ebd4ee3af94257	gitlab/main@{2026-09-18 18:44:31 +0100}	update by push
fcc844ababb501037364fe71f4ebd4ee3af94257	origin/main@{2026-09-18 18:44:29 +0100}	update by push
fcc844ababb501037364fe71f4ebd4ee3af94257	main@{2026-09-18 18:44:26 +0100}	commit: 1 file(s) in src/routes/play/+page.svelte DELTA:+0/-8 | EXT:svelte
fcc844ababb501037364fe71f4ebd4ee3af94257	HEAD@{2026-09-18 18:44:26 +0100}	commit: 1 file(s) in src/routes/play/+page.svelte DELTA:+0/-8 | EXT:svelte
dba99f61c0b8fcde9ec802d909ade911bc39d254	gitlab/main@{2026-09-18 18:44:20 +0100}	update by push
dba99f61c0b8fcde9ec802d909ade911bc39d254	origin/main@{2026-09-18 18:44:18 +0100}	update by push
dba99f61c0b8fcde9ec802d909ade911bc39d254	main@{2026-09-18 18:44:14 +0100}	commit: 1 file(s) in src/routes/play/+page.svelte DELTA:+3/-2 | EXT:svelte
dba99f61c0b8fcde9ec802d909ade911bc39d254	HEAD@{2026-09-18 18:44:14 +0100}	commit: 1 file(s) in src/routes/play/+page.svelte DELTA:+3/-2 | EXT:svelte
e972ed01c8232b44256c9f9fa8604bcadc8ca93d	gitlab/main@{2026-09-18 18:44:07 +0100}	update by push
e972ed01c8232b44256c9f9fa8604bcadc8ca93d	origin/main@{2026-09-18 18:44:04 +0100}	update by push
e972ed01c8232b44256c9f9fa8604bcadc8ca93d	main@{2026-09-18 18:44:01 +0100}	commit: 1 file(s) in src/routes/play/+page.svelte DELTA:+3/-2 | EXT:svelte
e972ed01c8232b44256c9f9fa8604bcadc8ca93d	HEAD@{2026-09-18 18:44:01 +0100}	commit: 1 file(s) in src/routes/play/+page.svelte DELTA:+3/-2 | EXT:svelte
917071ab46ae5bc37e54c357921ff2cc807c2617	gitlab/main@{2026-09-18 18:43:34 +0100}	update by push
917071ab46ae5bc37e54c357921ff2cc807c2617	origin/main@{2026-09-18 18:43:32 +0100}	update by push
917071ab46ae5bc37e54c357921ff2cc807c2617	main@{2026-09-18 18:43:29 +0100}	commit: 1 file(s) in tests/browser/q6-smoke.ts DELTA:+10/-0 | EXT:ts
917071ab46ae5bc37e54c357921ff2cc807c2617	HEAD@{2026-09-18 18:43:29 +0100}	commit: 1 file(s) in tests/browser/q6-smoke.ts DELTA:+10/-0 | EXT:ts
68dcc216fd117a6344ddca5fa6ea000e84dcfefa	gitlab/main@{2026-09-18 18:43:16 +0100}	update by push
68dcc216fd117a6344ddca5fa6ea000e84dcfefa	origin/main@{2026-09-18 18:43:14 +0100}	update by push
68dcc216fd117a6344ddca5fa6ea000e84dcfefa	main@{2026-09-18 18:43:11 +0100}	commit: 2 file(s) in src,tests [src/client/free-roam.ts, tests/unit/free-roam.test.ts] DELTA:+7/-5 | EXT:ts TEST:3
68dcc216fd117a6344ddca5fa6ea000e84dcfefa	HEAD@{2026-09-18 18:43:11 +0100}	commit: 2 file(s) in src,tests [src/client/free-roam.ts, tests/unit/free-roam.test.ts] DELTA:+7/-5 | EXT:ts TEST:3
6e6e9aa97b5afd3d6103b3d5afd2e67e39496576	gitlab/main@{2026-09-18 18:42:00 +0100}	update by push
6e6e9aa97b5afd3d6103b3d5afd2e67e39496576	origin/main@{2026-09-18 18:41:58 +0100}	update by push
6e6e9aa97b5afd3d6103b3d5afd2e67e39496576	main@{2026-09-18 18:41:55 +0100}	commit: 1 file(s) in src/client/free-roam.ts DELTA:+5/-6 | EXT:ts
6e6e9aa97b5afd3d6103b3d5afd2e67e39496576	HEAD@{2026-09-18 18:41:55 +0100}	commit: 1 file(s) in src/client/free-roam.ts DELTA:+5/-6 | EXT:ts
22445f1a4baeb7fb144e979fdff4405cfd2a84a3	gitlab/main@{2026-09-18 18:40:58 +0100}	update by push
22445f1a4baeb7fb144e979fdff4405cfd2a84a3	origin/main@{2026-09-18 18:40:56 +0100}	update by push
22445f1a4baeb7fb144e979fdff4405cfd2a84a3	main@{2026-09-18 18:40:53 +0100}	commit: 1 file(s) in tests/unit/free-roam.test.ts DELTA:+73/-0 | EXT:ts TEST:73 NEW:unit/free-roam.test.ts TESTONLY:unit/free-roam.test.ts
22445f1a4baeb7fb144e979fdff4405cfd2a84a3	HEAD@{2026-09-18 18:40:53 +0100}	commit: 1 file(s) in tests/unit/free-roam.test.ts DELTA:+73/-0 | EXT:ts TEST:73 NEW:unit/free-roam.test.ts TESTONLY:unit/free-roam.test.ts
0fb02f876f46ecf562fe9c6ec868e3bae067212e	gitlab/main@{2026-09-18 18:33:51 +0100}	update by push
0fb02f876f46ecf562fe9c6ec868e3bae067212e	origin/main@{2026-09-18 18:33:49 +0100}	update by push
0fb02f876f46ecf562fe9c6ec868e3bae067212e	main@{2026-09-18 18:33:46 +0100}	commit: 1 file(s) [svelte.config.js] DELTA:+3/-2 | EXT:js
0fb02f876f46ecf562fe9c6ec868e3bae067212e	HEAD@{2026-09-18 18:33:46 +0100}	commit: 1 file(s) [svelte.config.js] DELTA:+3/-2 | EXT:js
12f41a5e72a1ac13117bffd597e24068c67182b3	gitlab/main@{2026-09-18 18:30:30 +0100}	update by push
12f41a5e72a1ac13117bffd597e24068c67182b3	origin/main@{2026-09-18 18:30:28 +0100}	update by push
12f41a5e72a1ac13117bffd597e24068c67182b3	main@{2026-09-18 18:30:24 +0100}	commit: 2 file(s) in src/routes [src/routes/+page.svelte, src/routes/play/+page.svelte] DELTA:+4/-3 | EXT:svelte
12f41a5e72a1ac13117bffd597e24068c67182b3	HEAD@{2026-09-18 18:30:24 +0100}	commit: 2 file(s) in src/routes [src/routes/+page.svelte, src/routes/play/+page.svelte] DELTA:+4/-3 | EXT:svelte
e585f8ba28d55e2b858cea9e3347d260acf0fa64	gitlab/main@{2026-09-18 18:28:12 +0100}	update by push
e585f8ba28d55e2b858cea9e3347d260acf0fa64	origin/main@{2026-09-18 18:28:10 +0100}	update by push
e585f8ba28d55e2b858cea9e3347d260acf0fa64	main@{2026-09-18 18:28:07 +0100}	commit: 2 file(s) in src/routes/play [src/routes/play/+page.svelte, src/routes/play/+page.ts] DELTA:+149/-0 | EXT:svelte,ts NEW:play/+page.svelte,play/+page.ts
e585f8ba28d55e2b858cea9e3347d260acf0fa64	HEAD@{2026-09-18 18:28:07 +0100}	commit: 2 file(s) in src/routes/play [src/routes/play/+page.svelte, src/routes/play/+page.ts] DELTA:+149/-0 | EXT:svelte,ts NEW:play/+page.svelte,play/+page.ts
f4c0e2965fa2a7cd520279b36dd26c78864a36c3	gitlab/main@{2026-09-18 18:27:36 +0100}	update by push
f4c0e2965fa2a7cd520279b36dd26c78864a36c3	origin/main@{2026-09-18 18:27:34 +0100}	update by push
f4c0e2965fa2a7cd520279b36dd26c78864a36c3	main@{2026-09-18 18:27:30 +0100}	commit: 1 file(s) in src/client/play-renderer.ts DELTA:+67/-0 | EXT:ts NEW:client/play-renderer.ts
f4c0e2965fa2a7cd520279b36dd26c78864a36c3	HEAD@{2026-09-18 18:27:30 +0100}	commit: 1 file(s) in src/client/play-renderer.ts DELTA:+67/-0 | EXT:ts NEW:client/play-renderer.ts
dbfa44a9dd3611852b4ad254883f7070d6ef6e19	gitlab/main@{2026-09-18 18:26:40 +0100}	update by push
dbfa44a9dd3611852b4ad254883f7070d6ef6e19	origin/main@{2026-09-18 18:26:38 +0100}	update by push
dbfa44a9dd3611852b4ad254883f7070d6ef6e19	main@{2026-09-18 18:26:34 +0100}	commit: 1 file(s) in src/client/free-roam.ts DELTA:+0/-2 | EXT:ts
dbfa44a9dd3611852b4ad254883f7070d6ef6e19	HEAD@{2026-09-18 18:26:34 +0100}	commit: 1 file(s) in src/client/free-roam.ts DELTA:+0/-2 | EXT:ts
9fcc4176d7ceba481f791ed963205d1f945da17a	gitlab/main@{2026-09-18 18:26:21 +0100}	update by push
9fcc4176d7ceba481f791ed963205d1f945da17a	origin/main@{2026-09-18 18:26:19 +0100}	update by push
9fcc4176d7ceba481f791ed963205d1f945da17a	main@{2026-09-18 18:26:15 +0100}	commit: 1 file(s) in src/client/free-roam.ts DELTA:+140/-0 | EXT:ts NEW:client/free-roam.ts
9fcc4176d7ceba481f791ed963205d1f945da17a	HEAD@{2026-09-18 18:26:15 +0100}	commit: 1 file(s) in src/client/free-roam.ts DELTA:+140/-0 | EXT:ts NEW:client/free-roam.ts
dc4e8bc6c28fbeb996d42479b2f9602292fb2481	gitlab/main@{2026-09-18 18:25:38 +0100}	update by push
dc4e8bc6c28fbeb996d42479b2f9602292fb2481	origin/main@{2026-09-18 18:25:36 +0100}	update by push
dc4e8bc6c28fbeb996d42479b2f9602292fb2481	main@{2026-09-18 18:25:33 +0100}	commit: 1 file(s) in src/sim/vehicle.ts DELTA:+3/-1 | EXT:ts
dc4e8bc6c28fbeb996d42479b2f9602292fb2481	HEAD@{2026-09-18 18:25:33 +0100}	commit: 1 file(s) in src/sim/vehicle.ts DELTA:+3/-1 | EXT:ts
b3443a6c347fe737616a878f96e374584a866f9f	gitlab/main@{2026-09-18 17:53:02 +0100}	update by push
b3443a6c347fe737616a878f96e374584a866f9f	origin/main@{2026-09-18 17:53:00 +0100}	update by push
b3443a6c347fe737616a878f96e374584a866f9f	main@{2026-09-18 17:52:56 +0100}	commit: 4 file(s) in design,src [src/shared/protocol/fixtures.ts, src/shared/protocol/limits.ts, design/phase-1/NEXT-TASKS.md] DELTA:+16/-7 | EXT:md,ts
b3443a6c347fe737616a878f96e374584a866f9f	HEAD@{2026-09-18 17:52:56 +0100}	commit: 4 file(s) in design,src [src/shared/protocol/fixtures.ts, src/shared/protocol/limits.ts, design/phase-1/NEXT-TASKS.md] DELTA:+16/-7 | EXT:md,ts
9b9fc1fa7599e96180f234ae7bfe29babfad87a9	gitlab/main@{2026-09-18 17:42:05 +0100}	update by push
9b9fc1fa7599e96180f234ae7bfe29babfad87a9	origin/main@{2026-09-18 17:42:02 +0100}	update by push
9b9fc1fa7599e96180f234ae7bfe29babfad87a9	main@{2026-09-18 17:41:59 +0100}	commit: 1 file(s) in src/shared/protocol/limits.ts DELTA:+1/-1 | EXT:ts
9b9fc1fa7599e96180f234ae7bfe29babfad87a9	HEAD@{2026-09-18 17:41:59 +0100}	commit: 1 file(s) in src/shared/protocol/limits.ts DELTA:+1/-1 | EXT:ts
5f4d0c7f5cbabe0cb51ce2f808f3e4012dbb616b	gitlab/main@{2026-09-18 17:41:00 +0100}	update by push
5f4d0c7f5cbabe0cb51ce2f808f3e4012dbb616b	origin/main@{2026-09-18 17:40:58 +0100}	update by push
5f4d0c7f5cbabe0cb51ce2f808f3e4012dbb616b	main@{2026-09-18 17:40:54 +0100}	commit: 1 file(s) in tests/unit/reconcile.test.ts DELTA:+80/-0 | EXT:ts TEST:80 NEW:unit/reconcile.test.ts TESTONLY:unit/reconcile.test.ts
5f4d0c7f5cbabe0cb51ce2f808f3e4012dbb616b	HEAD@{2026-09-18 17:40:54 +0100}	commit: 1 file(s) in tests/unit/reconcile.test.ts DELTA:+80/-0 | EXT:ts TEST:80 NEW:unit/reconcile.test.ts TESTONLY:unit/reconcile.test.ts
1b00537ad9ee60c7eef043c8bc78f12692a7db0f	gitlab/main@{2026-09-18 17:39:09 +0100}	update by push
1b00537ad9ee60c7eef043c8bc78f12692a7db0f	origin/main@{2026-09-18 17:39:07 +0100}	update by push
1b00537ad9ee60c7eef043c8bc78f12692a7db0f	main@{2026-09-18 17:39:04 +0100}	commit: 1 file(s) in tests/unit/input-budget.test.ts DELTA:+80/-0 | EXT:ts TEST:80 NEW:unit/input-budget.test.ts TESTONLY:unit/input-budget.test.ts
1b00537ad9ee60c7eef043c8bc78f12692a7db0f	HEAD@{2026-09-18 17:39:04 +0100}	commit: 1 file(s) in tests/unit/input-budget.test.ts DELTA:+80/-0 | EXT:ts TEST:80 NEW:unit/input-budget.test.ts TESTONLY:unit/input-budget.test.ts
b9524c8b518a42542be3f9e0bfaa6fbcf63debd7	gitlab/main@{2026-09-18 17:38:40 +0100}	update by push
b9524c8b518a42542be3f9e0bfaa6fbcf63debd7	origin/main@{2026-09-18 17:38:37 +0100}	update by push
b9524c8b518a42542be3f9e0bfaa6fbcf63debd7	main@{2026-09-18 17:38:34 +0100}	commit: 1 file(s) in tests/unit/protocol.test.ts DELTA:+4/-5 | EXT:ts TEST:9 TESTONLY:unit/protocol.test.ts
b9524c8b518a42542be3f9e0bfaa6fbcf63debd7	HEAD@{2026-09-18 17:38:34 +0100}	commit: 1 file(s) in tests/unit/protocol.test.ts DELTA:+4/-5 | EXT:ts TEST:9 TESTONLY:unit/protocol.test.ts
5d6a9763c167a953b96574a9f7c91567cf0f2631	gitlab/main@{2026-09-18 17:38:05 +0100}	update by push
5d6a9763c167a953b96574a9f7c91567cf0f2631	origin/main@{2026-09-18 17:38:03 +0100}	update by push
5d6a9763c167a953b96574a9f7c91567cf0f2631	main@{2026-09-18 17:37:59 +0100}	commit: 1 file(s) in tests/unit/protocol.test.ts DELTA:+56/-0 | EXT:ts TEST:56 TESTONLY:unit/protocol.test.ts
5d6a9763c167a953b96574a9f7c91567cf0f2631	HEAD@{2026-09-18 17:37:59 +0100}	commit: 1 file(s) in tests/unit/protocol.test.ts DELTA:+56/-0 | EXT:ts TEST:56 TESTONLY:unit/protocol.test.ts
c9a0d7b8edf84c5f06cee7b079f7cbf5690aabad	gitlab/main@{2026-09-18 17:37:37 +0100}	update by push
c9a0d7b8edf84c5f06cee7b079f7cbf5690aabad	origin/main@{2026-09-18 17:37:35 +0100}	update by push
c9a0d7b8edf84c5f06cee7b079f7cbf5690aabad	main@{2026-09-18 17:37:32 +0100}	commit: 1 file(s) in tests/unit/protocol.test.ts DELTA:+2/-1 | EXT:ts TEST:3 TESTONLY:unit/protocol.test.ts
c9a0d7b8edf84c5f06cee7b079f7cbf5690aabad	HEAD@{2026-09-18 17:37:32 +0100}	commit: 1 file(s) in tests/unit/protocol.test.ts DELTA:+2/-1 | EXT:ts TEST:3 TESTONLY:unit/protocol.test.ts
25b9109427a616396eb80b776f686fb378516807	gitlab/main@{2026-09-18 17:36:47 +0100}	update by push
25b9109427a616396eb80b776f686fb378516807	origin/main@{2026-09-18 17:36:45 +0100}	update by push
25b9109427a616396eb80b776f686fb378516807	main@{2026-09-18 17:36:42 +0100}	commit: 1 file(s) in src/client/reconcile.ts DELTA:+90/-0 | EXT:ts NEW:client/reconcile.ts
25b9109427a616396eb80b776f686fb378516807	HEAD@{2026-09-18 17:36:42 +0100}	commit: 1 file(s) in src/client/reconcile.ts DELTA:+90/-0 | EXT:ts NEW:client/reconcile.ts
fb8fabb9d6be3459dd34d037e65037057d351e11	gitlab/main@{2026-09-18 17:35:22 +0100}	update by push
fb8fabb9d6be3459dd34d037e65037057d351e11	origin/main@{2026-09-18 17:35:20 +0100}	update by push
fb8fabb9d6be3459dd34d037e65037057d351e11	main@{2026-09-18 17:35:16 +0100}	commit: 2 file(s) in src/shared/protocol [src/shared/protocol/limits.ts, src/shared/protocol/fixtures.ts] DELTA:+64/-5 | EXT:ts NEW:protocol/limits.ts
fb8fabb9d6be3459dd34d037e65037057d351e11	HEAD@{2026-09-18 17:35:16 +0100}	commit: 2 file(s) in src/shared/protocol [src/shared/protocol/limits.ts, src/shared/protocol/fixtures.ts] DELTA:+64/-5 | EXT:ts NEW:protocol/limits.ts
d1b70d080ab3bb323e5e5363e91899593f41ef28	gitlab/main@{2026-09-18 17:33:57 +0100}	update by push
d1b70d080ab3bb323e5e5363e91899593f41ef28	origin/main@{2026-09-18 17:33:55 +0100}	update by push
d1b70d080ab3bb323e5e5363e91899593f41ef28	main@{2026-09-18 17:33:52 +0100}	commit: 1 file(s) in src/shared/protocol/fixtures.ts DELTA:+84/-14 | EXT:ts
d1b70d080ab3bb323e5e5363e91899593f41ef28	HEAD@{2026-09-18 17:33:52 +0100}	commit: 1 file(s) in src/shared/protocol/fixtures.ts DELTA:+84/-14 | EXT:ts
1714cf9978ca5126ab1a80af638ee3be3a7aa60d	gitlab/main@{2026-09-18 17:30:35 +0100}	update by push
1714cf9978ca5126ab1a80af638ee3be3a7aa60d	origin/main@{2026-09-18 17:30:33 +0100}	update by push
1714cf9978ca5126ab1a80af638ee3be3a7aa60d	main@{2026-09-18 17:27:53 +0100}	commit: 4 file(s) in design [design/phase-1/Q9-CONTRACT.md, design/phase-1/NEXT-TASKS.md, package.json] DELTA:+64/-4 | EXT:md,json NEW:phase-1/Q9-CONTRACT.md DEPS:+verify
1714cf9978ca5126ab1a80af638ee3be3a7aa60d	HEAD@{2026-09-18 17:27:53 +0100}	commit: 4 file(s) in design [design/phase-1/Q9-CONTRACT.md, design/phase-1/NEXT-TASKS.md, package.json] DELTA:+64/-4 | EXT:md,json NEW:phase-1/Q9-CONTRACT.md DEPS:+verify
51f003b2a4e8d23f8e7d02464077dec690d58ffc	gitlab/main@{2026-09-18 17:14:49 +0100}	update by push
51f003b2a4e8d23f8e7d02464077dec690d58ffc	origin/main@{2026-09-18 17:14:46 +0100}	update by push
51f003b2a4e8d23f8e7d02464077dec690d58ffc	main@{2026-09-18 17:14:42 +0100}	commit: 1 file(s) in design/phase-1/NEXT-TASKS.md DELTA:+47/-0 | EXT:md NEW:phase-1/NEXT-TASKS.md DOCSONLY:phase-1/NEXT-TASKS.md
51f003b2a4e8d23f8e7d02464077dec690d58ffc	HEAD@{2026-09-18 17:14:42 +0100}	commit: 1 file(s) in design/phase-1/NEXT-TASKS.md DELTA:+47/-0 | EXT:md NEW:phase-1/NEXT-TASKS.md DOCSONLY:phase-1/NEXT-TASKS.md
4a9757ce8578fece4c93ec0287f993ff8e22fc76	gitlab/main@{2026-09-18 16:59:55 +0100}	update by push
4a9757ce8578fece4c93ec0287f993ff8e22fc76	origin/main@{2026-09-18 16:59:53 +0100}	update by push
4a9757ce8578fece4c93ec0287f993ff8e22fc76	main@{2026-09-18 16:59:49 +0100}	commit: 1 file(s) in design/phase-1/AUDIT-FOLLOWUPS.md DELTA:+1/-3 | EXT:md DOCSONLY:phase-1/AUDIT-FOLLOWUPS.md
4a9757ce8578fece4c93ec0287f993ff8e22fc76	HEAD@{2026-09-18 16:59:49 +0100}	commit: 1 file(s) in design/phase-1/AUDIT-FOLLOWUPS.md DELTA:+1/-3 | EXT:md DOCSONLY:phase-1/AUDIT-FOLLOWUPS.md
357b4fee52b07da7b64c87ae33134a6f63787f29	gitlab/main@{2026-09-18 16:59:37 +0100}	update by push
357b4fee52b07da7b64c87ae33134a6f63787f29	origin/main@{2026-09-18 16:59:35 +0100}	update by push
357b4fee52b07da7b64c87ae33134a6f63787f29	main@{2026-09-18 16:59:31 +0100}	commit: 1 file(s) in design/phase-1/AUDIT-FOLLOWUPS.md DELTA:+6/-6 | EXT:md DOCSONLY:phase-1/AUDIT-FOLLOWUPS.md
357b4fee52b07da7b64c87ae33134a6f63787f29	HEAD@{2026-09-18 16:59:31 +0100}	commit: 1 file(s) in design/phase-1/AUDIT-FOLLOWUPS.md DELTA:+6/-6 | EXT:md DOCSONLY:phase-1/AUDIT-FOLLOWUPS.md
addcfdd1c6442ff71244780ae5b0b82d4f60a5e2	gitlab/main@{2026-09-18 16:59:17 +0100}	update by push
addcfdd1c6442ff71244780ae5b0b82d4f60a5e2	origin/main@{2026-09-18 16:59:14 +0100}	update by push
addcfdd1c6442ff71244780ae5b0b82d4f60a5e2	main@{2026-09-18 16:59:11 +0100}	commit: 1 file(s) in design/phase-1/AUDIT-FOLLOWUPS.md DELTA:+4/-0 | EXT:md DOCSONLY:phase-1/AUDIT-FOLLOWUPS.md
addcfdd1c6442ff71244780ae5b0b82d4f60a5e2	HEAD@{2026-09-18 16:59:11 +0100}	commit: 1 file(s) in design/phase-1/AUDIT-FOLLOWUPS.md DELTA:+4/-0 | EXT:md DOCSONLY:phase-1/AUDIT-FOLLOWUPS.md
4cbda21f8166160ad826ad76b1e7d30b031ad9f9	gitlab/main@{2026-09-18 16:59:01 +0100}	update by push
4cbda21f8166160ad826ad76b1e7d30b031ad9f9	origin/main@{2026-09-18 16:58:59 +0100}	update by push
4cbda21f8166160ad826ad76b1e7d30b031ad9f9	main@{2026-09-18 16:58:56 +0100}	commit: 1 file(s) in design/phase-1/MENU-EVIDENCE.md DELTA:+21/-0 | EXT:md DOCSONLY:phase-1/MENU-EVIDENCE.md
4cbda21f8166160ad826ad76b1e7d30b031ad9f9	HEAD@{2026-09-18 16:58:56 +0100}	commit: 1 file(s) in design/phase-1/MENU-EVIDENCE.md DELTA:+21/-0 | EXT:md DOCSONLY:phase-1/MENU-EVIDENCE.md
24940bec3f6fef7fc1ea08e05179e161b612562e	gitlab/main@{2026-09-18 16:56:29 +0100}	update by push
24940bec3f6fef7fc1ea08e05179e161b612562e	origin/main@{2026-09-18 16:56:26 +0100}	update by push
24940bec3f6fef7fc1ea08e05179e161b612562e	main@{2026-09-18 16:56:23 +0100}	commit: 1 file(s) [package.json] DELTA:+1/-1 | EXT:json DEPS:+description,-description
24940bec3f6fef7fc1ea08e05179e161b612562e	HEAD@{2026-09-18 16:56:23 +0100}	commit: 1 file(s) [package.json] DELTA:+1/-1 | EXT:json DEPS:+description,-description
e8377db8265272555676ceb8e3146db6cdca9fe2	gitlab/main@{2026-09-18 16:56:06 +0100}	update by push
e8377db8265272555676ceb8e3146db6cdca9fe2	origin/main@{2026-09-18 16:56:04 +0100}	update by push
e8377db8265272555676ceb8e3146db6cdca9fe2	main@{2026-09-18 16:56:00 +0100}	commit: 1 file(s) in design/ROADMAP.md DELTA:+2/-0 | EXT:md DOCSONLY:design/ROADMAP.md
e8377db8265272555676ceb8e3146db6cdca9fe2	HEAD@{2026-09-18 16:56:00 +0100}	commit: 1 file(s) in design/ROADMAP.md DELTA:+2/-0 | EXT:md DOCSONLY:design/ROADMAP.md
701fa6437db74e21c4935415590d09ec64c5fbfc	gitlab/main@{2026-09-18 16:55:44 +0100}	update by push
701fa6437db74e21c4935415590d09ec64c5fbfc	origin/main@{2026-09-18 16:55:41 +0100}	update by push
701fa6437db74e21c4935415590d09ec64c5fbfc	main@{2026-09-18 16:55:38 +0100}	commit: CLOSED: Q1, Q2, Q3, Q4, Q5, Q7, Q8 | 1 file(s) in design/ROADMAP.md DELTA:+7/-7 | EXT:md DOCSONLY:design/ROADMAP.md
701fa6437db74e21c4935415590d09ec64c5fbfc	HEAD@{2026-09-18 16:55:38 +0100}	commit: CLOSED: Q1, Q2, Q3, Q4, Q5, Q7, Q8 | 1 file(s) in design/ROADMAP.md DELTA:+7/-7 | EXT:md DOCSONLY:design/ROADMAP.md
99a1285c069a35b37e8176e49cbde75e16a923c0	gitlab/main@{2026-09-18 16:53:08 +0100}	update by push
99a1285c069a35b37e8176e49cbde75e16a923c0	origin/main@{2026-09-18 16:53:06 +0100}	update by push
99a1285c069a35b37e8176e49cbde75e16a923c0	main@{2026-09-18 16:53:02 +0100}	commit: 1 file(s) in src/routes/+page.svelte DELTA:+1/-1 | EXT:svelte
99a1285c069a35b37e8176e49cbde75e16a923c0	HEAD@{2026-09-18 16:53:02 +0100}	commit: 1 file(s) in src/routes/+page.svelte DELTA:+1/-1 | EXT:svelte
79083e5593149e0758fbd06459ddd1f31f450c12	gitlab/main@{2026-09-18 16:52:21 +0100}	update by push
79083e5593149e0758fbd06459ddd1f31f450c12	origin/main@{2026-09-18 16:52:19 +0100}	update by push
79083e5593149e0758fbd06459ddd1f31f450c12	main@{2026-09-18 16:52:15 +0100}	commit: 1 file(s) in src/routes/+page.svelte DELTA:+1/-1 | EXT:svelte
79083e5593149e0758fbd06459ddd1f31f450c12	HEAD@{2026-09-18 16:52:15 +0100}	commit: 1 file(s) in src/routes/+page.svelte DELTA:+1/-1 | EXT:svelte
0a75db04919d9f12c7845a05ac607b222320c30e	gitlab/main@{2026-09-18 16:50:53 +0100}	update by push
0a75db04919d9f12c7845a05ac607b222320c30e	origin/main@{2026-09-18 16:50:51 +0100}	update by push
0a75db04919d9f12c7845a05ac607b222320c30e	main@{2026-09-18 16:50:47 +0100}	commit: 1 file(s) in tests/browser/q6-smoke.ts DELTA:+16/-2 | EXT:ts
0a75db04919d9f12c7845a05ac607b222320c30e	HEAD@{2026-09-18 16:50:47 +0100}	commit: 1 file(s) in tests/browser/q6-smoke.ts DELTA:+16/-2 | EXT:ts
2701043cbd8269693945733b2bf59f300ae2e220	gitlab/main@{2026-09-18 16:48:33 +0100}	update by push
2701043cbd8269693945733b2bf59f300ae2e220	origin/main@{2026-09-18 16:48:31 +0100}	update by push
2701043cbd8269693945733b2bf59f300ae2e220	main@{2026-09-18 16:48:28 +0100}	commit: 1 file(s) in src/routes/+page.svelte DELTA:+13/-4 | EXT:svelte
2701043cbd8269693945733b2bf59f300ae2e220	HEAD@{2026-09-18 16:48:28 +0100}	commit: 1 file(s) in src/routes/+page.svelte DELTA:+13/-4 | EXT:svelte
6717ccaa46d8077890addc74b7885758002f8b7e	gitlab/main@{2026-09-18 16:48:19 +0100}	update by push
6717ccaa46d8077890addc74b7885758002f8b7e	origin/main@{2026-09-18 16:48:17 +0100}	update by push
6717ccaa46d8077890addc74b7885758002f8b7e	main@{2026-09-18 16:48:14 +0100}	commit: 1 file(s) in src/routes/+page.svelte DELTA:+8/-0 | EXT:svelte
6717ccaa46d8077890addc74b7885758002f8b7e	HEAD@{2026-09-18 16:48:14 +0100}	commit: 1 file(s) in src/routes/+page.svelte DELTA:+8/-0 | EXT:svelte
503b0dfe25eec967384f48b5b868893a9a7f7cfb	gitlab/main@{2026-09-18 16:44:33 +0100}	update by push
503b0dfe25eec967384f48b5b868893a9a7f7cfb	origin/main@{2026-09-18 16:44:30 +0100}	update by push
503b0dfe25eec967384f48b5b868893a9a7f7cfb	main@{2026-09-18 16:44:26 +0100}	commit: 1 file(s) in design/phase-1/AUDIT-FOLLOWUPS.md DELTA:+48/-0 | EXT:md NEW:phase-1/AUDIT-FOLLOWUPS.md DOCSONLY:phase-1/AUDIT-FOLLOWUPS.md
503b0dfe25eec967384f48b5b868893a9a7f7cfb	HEAD@{2026-09-18 16:44:26 +0100}	commit: 1 file(s) in design/phase-1/AUDIT-FOLLOWUPS.md DELTA:+48/-0 | EXT:md NEW:phase-1/AUDIT-FOLLOWUPS.md DOCSONLY:phase-1/AUDIT-FOLLOWUPS.md
8d6d8a90953e3a0d1eb08e4f88b6722af8a3bd34	gitlab/main@{2026-09-18 02:36:19 +0100}	update by push
8d6d8a90953e3a0d1eb08e4f88b6722af8a3bd34	origin/main@{2026-09-18 02:36:17 +0100}	update by push
8d6d8a90953e3a0d1eb08e4f88b6722af8a3bd34	main@{2026-09-18 02:35:35 +0100}	commit: feat(freeport): agnes-generated menu hero + lab bg + key-art batch; wired with CSS fallback, manifest, asset-presence smoke
8d6d8a90953e3a0d1eb08e4f88b6722af8a3bd34	HEAD@{2026-09-18 02:35:35 +0100}	commit: feat(freeport): agnes-generated menu hero + lab bg + key-art batch; wired with CSS fallback, manifest, asset-presence smoke
54c43ed8d5f7e6b5449d2962f6c42046bb96b08f	gitlab/main@{2026-09-18 02:22:59 +0100}	update by push
54c43ed8d5f7e6b5449d2962f6c42046bb96b08f	origin/main@{2026-09-18 02:22:56 +0100}	update by push
54c43ed8d5f7e6b5449d2962f6c42046bb96b08f	main@{2026-09-18 02:22:52 +0100}	commit: 7 file(s) in spike,src,static DELTA:+62/-2 | EXT:svelte,json BIN:4 NEW:assets/key-art-freeport-skyline.png,assets/key-art-night-market.png,assets/key-art-port-district.png,assets/key-art-street-vehicle.png,static/generated-manifest.json
54c43ed8d5f7e6b5449d2962f6c42046bb96b08f	HEAD@{2026-09-18 02:22:52 +0100}	commit: 7 file(s) in spike,src,static DELTA:+62/-2 | EXT:svelte,json BIN:4 NEW:assets/key-art-freeport-skyline.png,assets/key-art-night-market.png,assets/key-art-port-district.png,assets/key-art-street-vehicle.png,static/generated-manifest.json
99e9a491e5ce9f49c382cf032ca2e03a3a88703e	gitlab/main@{2026-09-18 02:20:37 +0100}	update by push
99e9a491e5ce9f49c382cf032ca2e03a3a88703e	origin/main@{2026-09-18 02:20:34 +0100}	update by push
99e9a491e5ce9f49c382cf032ca2e03a3a88703e	main@{2026-09-18 02:20:30 +0100}	commit: 2 file(s) in static/assets DELTA:+0/-0 | BIN:2 NEW:assets/freeport-lab-bg.png,assets/freeport-menu-hero.png
99e9a491e5ce9f49c382cf032ca2e03a3a88703e	HEAD@{2026-09-18 02:20:30 +0100}	commit: 2 file(s) in static/assets DELTA:+0/-0 | BIN:2 NEW:assets/freeport-lab-bg.png,assets/freeport-menu-hero.png
679e56e2fbc655a3a2cad4de8fe08eb9fd527c77	gitlab/main@{2026-09-17 23:06:47 +0100}	update by push
679e56e2fbc655a3a2cad4de8fe08eb9fd527c77	origin/main@{2026-09-17 23:06:45 +0100}	update by push
679e56e2fbc655a3a2cad4de8fe08eb9fd527c77	main@{2026-09-17 23:06:40 +0100}	commit: 1 file(s) in design/phase-1/MENU-EVIDENCE.md DELTA:+6/-0 | EXT:md DOCSONLY:phase-1/MENU-EVIDENCE.md
679e56e2fbc655a3a2cad4de8fe08eb9fd527c77	HEAD@{2026-09-17 23:06:40 +0100}	commit: 1 file(s) in design/phase-1/MENU-EVIDENCE.md DELTA:+6/-0 | EXT:md DOCSONLY:phase-1/MENU-EVIDENCE.md
cc9dd42ce4252028a747e2f37eb1bd8fcfd1dee0	gitlab/main@{2026-09-17 23:03:52 +0100}	update by push
cc9dd42ce4252028a747e2f37eb1bd8fcfd1dee0	origin/main@{2026-09-17 23:03:50 +0100}	update by push
cc9dd42ce4252028a747e2f37eb1bd8fcfd1dee0	main@{2026-09-17 23:03:45 +0100}	commit: 1 file(s) in spike/src/App.svelte DELTA:+1/-1 | EXT:svelte
cc9dd42ce4252028a747e2f37eb1bd8fcfd1dee0	HEAD@{2026-09-17 23:03:45 +0100}	commit: 1 file(s) in spike/src/App.svelte DELTA:+1/-1 | EXT:svelte
bc5e72e931dd97f1a1f44464fc7a10051163af91	gitlab/main@{2026-09-17 23:01:31 +0100}	update by push
bc5e72e931dd97f1a1f44464fc7a10051163af91	origin/main@{2026-09-17 23:01:29 +0100}	update by push
bc5e72e931dd97f1a1f44464fc7a10051163af91	main@{2026-09-17 23:01:26 +0100}	commit: 1 file(s) in tests/browser/q6-smoke.ts DELTA:+2/-2 | EXT:ts
bc5e72e931dd97f1a1f44464fc7a10051163af91	HEAD@{2026-09-17 23:01:26 +0100}	commit: 1 file(s) in tests/browser/q6-smoke.ts DELTA:+2/-2 | EXT:ts
a1183de108cf04d4527d646d9d45ef146c4c55fa	gitlab/main@{2026-09-17 22:56:49 +0100}	update by push
a1183de108cf04d4527d646d9d45ef146c4c55fa	origin/main@{2026-09-17 22:56:47 +0100}	update by push
a1183de108cf04d4527d646d9d45ef146c4c55fa	main@{2026-09-17 22:56:42 +0100}	commit: 3 file(s) in spike,src,tests [tests/browser/q6-smoke.ts, spike/src/App.svelte, src/routes/+page.svelte] DELTA:+22/-2 | EXT:svelte,ts
a1183de108cf04d4527d646d9d45ef146c4c55fa	HEAD@{2026-09-17 22:56:42 +0100}	commit: 3 file(s) in spike,src,tests [tests/browser/q6-smoke.ts, spike/src/App.svelte, src/routes/+page.svelte] DELTA:+22/-2 | EXT:svelte,ts
976b059aa15cd953a4566b76cb93eb4dd8f1b58a	gitlab/main@{2026-09-17 22:17:15 +0100}	update by push
976b059aa15cd953a4566b76cb93eb4dd8f1b58a	origin/main@{2026-09-17 22:17:13 +0100}	update by push
976b059aa15cd953a4566b76cb93eb4dd8f1b58a	main@{2026-09-17 22:17:10 +0100}	commit: 1 file(s) in design/phase-1/MENU-EVIDENCE.md DELTA:+31/-0 | EXT:md NEW:phase-1/MENU-EVIDENCE.md DOCSONLY:phase-1/MENU-EVIDENCE.md
976b059aa15cd953a4566b76cb93eb4dd8f1b58a	HEAD@{2026-09-17 22:17:10 +0100}	commit: 1 file(s) in design/phase-1/MENU-EVIDENCE.md DELTA:+31/-0 | EXT:md NEW:phase-1/MENU-EVIDENCE.md DOCSONLY:phase-1/MENU-EVIDENCE.md
2c28c28b39440945a650a9482c9895d30ff2fb83	gitlab/main@{2026-09-17 22:14:29 +0100}	update by push
2c28c28b39440945a650a9482c9895d30ff2fb83	origin/main@{2026-09-17 22:14:27 +0100}	update by push
2c28c28b39440945a650a9482c9895d30ff2fb83	main@{2026-09-17 22:14:23 +0100}	commit: 1 file(s) in tests/browser/q6-smoke.ts DELTA:+7/-1 | EXT:ts
2c28c28b39440945a650a9482c9895d30ff2fb83	HEAD@{2026-09-17 22:14:23 +0100}	commit: 1 file(s) in tests/browser/q6-smoke.ts DELTA:+7/-1 | EXT:ts
73febd05f8483d53e29d30ab7d300c6c64b2c00f	gitlab/main@{2026-09-17 22:13:17 +0100}	update by push
73febd05f8483d53e29d30ab7d300c6c64b2c00f	origin/main@{2026-09-17 22:13:15 +0100}	update by push
73febd05f8483d53e29d30ab7d300c6c64b2c00f	main@{2026-09-17 22:13:12 +0100}	commit: 1 file(s) in tests/browser/q6-smoke.ts DELTA:+1/-1 | EXT:ts
73febd05f8483d53e29d30ab7d300c6c64b2c00f	HEAD@{2026-09-17 22:13:12 +0100}	commit: 1 file(s) in tests/browser/q6-smoke.ts DELTA:+1/-1 | EXT:ts
54d0c8c7be83d13696fa36d160e29207d3ea843c	gitlab/main@{2026-09-17 22:12:55 +0100}	update by push
54d0c8c7be83d13696fa36d160e29207d3ea843c	origin/main@{2026-09-17 22:12:53 +0100}	update by push
54d0c8c7be83d13696fa36d160e29207d3ea843c	main@{2026-09-17 22:12:50 +0100}	commit: 1 file(s) in tests/browser/q6-smoke.ts DELTA:+7/-3 | EXT:ts
54d0c8c7be83d13696fa36d160e29207d3ea843c	HEAD@{2026-09-17 22:12:50 +0100}	commit: 1 file(s) in tests/browser/q6-smoke.ts DELTA:+7/-3 | EXT:ts
fd1de30b3362d9c0c287ba0bba046aa17d9dc62e	gitlab/main@{2026-09-17 22:11:10 +0100}	update by push
fd1de30b3362d9c0c287ba0bba046aa17d9dc62e	origin/main@{2026-09-17 22:11:08 +0100}	update by push
fd1de30b3362d9c0c287ba0bba046aa17d9dc62e	main@{2026-09-17 22:11:05 +0100}	commit: 1 file(s) in tests/browser/q6-smoke.ts DELTA:+2/-1 | EXT:ts
fd1de30b3362d9c0c287ba0bba046aa17d9dc62e	HEAD@{2026-09-17 22:11:05 +0100}	commit: 1 file(s) in tests/browser/q6-smoke.ts DELTA:+2/-1 | EXT:ts
8ed46590f8b61d868913dad24fae872108302222	gitlab/main@{2026-09-17 22:10:49 +0100}	update by push
8ed46590f8b61d868913dad24fae872108302222	origin/main@{2026-09-17 22:10:47 +0100}	update by push
8ed46590f8b61d868913dad24fae872108302222	main@{2026-09-17 22:10:44 +0100}	commit: 1 file(s) [vite.config.ts] DELTA:+2/-2 | EXT:ts
8ed46590f8b61d868913dad24fae872108302222	HEAD@{2026-09-17 22:10:44 +0100}	commit: 1 file(s) [vite.config.ts] DELTA:+2/-2 | EXT:ts
b4519bcc79d58c290a4c2db1ffe1161af8b1fbb7	gitlab/main@{2026-09-17 22:07:43 +0100}	update by push
b4519bcc79d58c290a4c2db1ffe1161af8b1fbb7	origin/main@{2026-09-17 22:07:41 +0100}	update by push
b4519bcc79d58c290a4c2db1ffe1161af8b1fbb7	main@{2026-09-17 22:07:35 +0100}	commit: 3 file(s) in src,tests [tests/browser/q6-smoke.ts, src/routes/+layout.ts, svelte.config.js] DELTA:+29/-3 | EXT:ts,js
b4519bcc79d58c290a4c2db1ffe1161af8b1fbb7	HEAD@{2026-09-17 22:07:35 +0100}	commit: 3 file(s) in src,tests [tests/browser/q6-smoke.ts, src/routes/+layout.ts, svelte.config.js] DELTA:+29/-3 | EXT:ts,js
e0865cb8438472c61dc4b5362a40da4f90b06aec	gitlab/main@{2026-09-17 22:04:21 +0100}	update by push
e0865cb8438472c61dc4b5362a40da4f90b06aec	origin/main@{2026-09-17 22:04:18 +0100}	update by push
e0865cb8438472c61dc4b5362a40da4f90b06aec	main@{2026-09-17 22:04:15 +0100}	commit: 1 file(s) in spike/src/App.svelte DELTA:+2/-1 | EXT:svelte
e0865cb8438472c61dc4b5362a40da4f90b06aec	HEAD@{2026-09-17 22:04:15 +0100}	commit: 1 file(s) in spike/src/App.svelte DELTA:+2/-1 | EXT:svelte
b330c5d7f333bce5bd74c3d6abed50a6aa012fe0	gitlab/main@{2026-09-17 22:04:04 +0100}	update by push
b330c5d7f333bce5bd74c3d6abed50a6aa012fe0	origin/main@{2026-09-17 22:04:02 +0100}	update by push
b330c5d7f333bce5bd74c3d6abed50a6aa012fe0	main@{2026-09-17 22:03:59 +0100}	commit: 1 file(s) [vite.config.ts] DELTA:+21/-2 | EXT:ts
b330c5d7f333bce5bd74c3d6abed50a6aa012fe0	HEAD@{2026-09-17 22:03:59 +0100}	commit: 1 file(s) [vite.config.ts] DELTA:+21/-2 | EXT:ts
9cb7b6c031f440c21179545deb29760d0edf0c99	gitlab/main@{2026-09-17 22:03:33 +0100}	update by push
9cb7b6c031f440c21179545deb29760d0edf0c99	origin/main@{2026-09-17 22:03:31 +0100}	update by push
9cb7b6c031f440c21179545deb29760d0edf0c99	main@{2026-09-17 22:03:28 +0100}	commit: 1 file(s) in src/routes/+page.svelte DELTA:+41/-35 | EXT:svelte
9cb7b6c031f440c21179545deb29760d0edf0c99	HEAD@{2026-09-17 22:03:28 +0100}	commit: 1 file(s) in src/routes/+page.svelte DELTA:+41/-35 | EXT:svelte
51e556dffc4be09d7c6b9277b95565f3becbda8f	gitlab/main@{2026-09-17 22:02:49 +0100}	update by push
51e556dffc4be09d7c6b9277b95565f3becbda8f	origin/main@{2026-09-17 22:02:47 +0100}	update by push
51e556dffc4be09d7c6b9277b95565f3becbda8f	main@{2026-09-17 22:02:44 +0100}	commit: 1 file(s) in src/routes/diagnostics/+page.svelte DELTA:+41/-0 | EXT:svelte NEW:diagnostics/+page.svelte
51e556dffc4be09d7c6b9277b95565f3becbda8f	HEAD@{2026-09-17 22:02:44 +0100}	commit: 1 file(s) in src/routes/diagnostics/+page.svelte DELTA:+41/-0 | EXT:svelte NEW:diagnostics/+page.svelte
b7149b979411f98ce78eff7b3ce61d40e88ed3a1	gitlab/main@{2026-09-17 20:14:55 +0100}	update by push
b7149b979411f98ce78eff7b3ce61d40e88ed3a1	origin/main@{2026-09-17 20:14:51 +0100}	update by push
b7149b979411f98ce78eff7b3ce61d40e88ed3a1	main@{2026-09-17 20:14:46 +0100}	commit: 2 file(s) in design,tests [tests/unit/vehicle-controls.test.ts, design/phase-1/Q8-EVIDENCE.md] DELTA:+33/-31 | EXT:md,ts TEST:39
b7149b979411f98ce78eff7b3ce61d40e88ed3a1	HEAD@{2026-09-17 20:14:46 +0100}	commit: 2 file(s) in design,tests [tests/unit/vehicle-controls.test.ts, design/phase-1/Q8-EVIDENCE.md] DELTA:+33/-31 | EXT:md,ts TEST:39
6033049c0e5f09ae407fccf61b23f2f1d251598c	gitlab/main@{2026-09-17 20:12:07 +0100}	update by push
6033049c0e5f09ae407fccf61b23f2f1d251598c	origin/main@{2026-09-17 20:12:05 +0100}	update by push
6033049c0e5f09ae407fccf61b23f2f1d251598c	main@{2026-09-17 20:11:58 +0100}	commit: 2 file(s) in src,tests [tests/browser/q6-smoke.ts, src/client/q6-renderer.ts] DELTA:+9/-13 | EXT:ts
6033049c0e5f09ae407fccf61b23f2f1d251598c	HEAD@{2026-09-17 20:11:58 +0100}	commit: 2 file(s) in src,tests [tests/browser/q6-smoke.ts, src/client/q6-renderer.ts] DELTA:+9/-13 | EXT:ts
d704cc6ae54fc548c3db80b37cd651130b5225b3	gitlab/main@{2026-09-17 20:09:27 +0100}	update by push
d704cc6ae54fc548c3db80b37cd651130b5225b3	origin/main@{2026-09-17 20:09:24 +0100}	update by push
d704cc6ae54fc548c3db80b37cd651130b5225b3	main@{2026-09-17 20:09:20 +0100}	commit: 3 file(s) in spike,tests [tests/browser/q6-smoke.ts, tests/unit/vehicle-controls.test.ts, spike/src/App.svelte] DELTA:+43/-33 | EXT:ts,svelte TEST:14
d704cc6ae54fc548c3db80b37cd651130b5225b3	HEAD@{2026-09-17 20:09:20 +0100}	commit: 3 file(s) in spike,tests [tests/browser/q6-smoke.ts, tests/unit/vehicle-controls.test.ts, spike/src/App.svelte] DELTA:+43/-33 | EXT:ts,svelte TEST:14
27091e09f66913996cff47c7811c576cd46f2f0b	gitlab/main@{2026-09-17 20:06:55 +0100}	update by push
27091e09f66913996cff47c7811c576cd46f2f0b	origin/main@{2026-09-17 20:06:53 +0100}	update by push
27091e09f66913996cff47c7811c576cd46f2f0b	main@{2026-09-17 20:06:49 +0100}	commit: 2 file(s) in spike,src [spike/src/App.svelte, src/client/vehicle-controls.ts] DELTA:+26/-22 | EXT:svelte,ts
27091e09f66913996cff47c7811c576cd46f2f0b	HEAD@{2026-09-17 20:06:49 +0100}	commit: 2 file(s) in spike,src [spike/src/App.svelte, src/client/vehicle-controls.ts] DELTA:+26/-22 | EXT:svelte,ts
99f14aa30eb905adfdc412b51ef8068cef9ae803	gitlab/main@{2026-09-17 20:03:55 +0100}	update by push
99f14aa30eb905adfdc412b51ef8068cef9ae803	origin/main@{2026-09-17 20:03:54 +0100}	update by push
99f14aa30eb905adfdc412b51ef8068cef9ae803	main@{2026-09-17 20:03:51 +0100}	commit: 1 file(s) in tests/browser/q6-smoke.ts DELTA:+12/-1 | EXT:ts
99f14aa30eb905adfdc412b51ef8068cef9ae803	HEAD@{2026-09-17 20:03:51 +0100}	commit: 1 file(s) in tests/browser/q6-smoke.ts DELTA:+12/-1 | EXT:ts
c7d109408e3f23155c7b0f8101f012dc45a9c0ea	gitlab/main@{2026-09-17 20:03:41 +0100}	update by push
c7d109408e3f23155c7b0f8101f012dc45a9c0ea	origin/main@{2026-09-17 20:03:39 +0100}	update by push
c7d109408e3f23155c7b0f8101f012dc45a9c0ea	main@{2026-09-17 20:03:36 +0100}	commit: 1 file(s) in tests/unit/vehicle-controls.test.ts DELTA:+33/-0 | EXT:ts TEST:33 TESTONLY:unit/vehicle-controls.test.ts
c7d109408e3f23155c7b0f8101f012dc45a9c0ea	HEAD@{2026-09-17 20:03:36 +0100}	commit: 1 file(s) in tests/unit/vehicle-controls.test.ts DELTA:+33/-0 | EXT:ts TEST:33 TESTONLY:unit/vehicle-controls.test.ts
d49f16244a60bbd98c339e9f5aaa44fd83fd639a	gitlab/main@{2026-09-17 20:02:46 +0100}	update by push
d49f16244a60bbd98c339e9f5aaa44fd83fd639a	origin/main@{2026-09-17 20:02:44 +0100}	update by push
d49f16244a60bbd98c339e9f5aaa44fd83fd639a	main@{2026-09-17 20:02:41 +0100}	commit: 1 file(s) in tests/browser/q6-smoke.ts DELTA:+24/-0 | EXT:ts
d49f16244a60bbd98c339e9f5aaa44fd83fd639a	HEAD@{2026-09-17 20:02:41 +0100}	commit: 1 file(s) in tests/browser/q6-smoke.ts DELTA:+24/-0 | EXT:ts
b0527618812fe45ab2007746a4dc7142919ede8f	gitlab/main@{2026-09-17 20:00:09 +0100}	update by push
b0527618812fe45ab2007746a4dc7142919ede8f	origin/main@{2026-09-17 20:00:07 +0100}	update by push
b0527618812fe45ab2007746a4dc7142919ede8f	main@{2026-09-17 20:00:01 +0100}	commit: 1 file(s) in spike/src/App.svelte DELTA:+1/-1 | EXT:svelte
b0527618812fe45ab2007746a4dc7142919ede8f	HEAD@{2026-09-17 20:00:01 +0100}	commit: 1 file(s) in spike/src/App.svelte DELTA:+1/-1 | EXT:svelte
8ab874425fbf7df3810cdb0f156ed0697f3e37fd	gitlab/main@{2026-09-17 19:59:50 +0100}	update by push
8ab874425fbf7df3810cdb0f156ed0697f3e37fd	origin/main@{2026-09-17 19:59:48 +0100}	update by push
8ab874425fbf7df3810cdb0f156ed0697f3e37fd	main@{2026-09-17 19:59:45 +0100}	commit: 2 file(s) in spike,src [src/client/vehicle-controls.ts, spike/src/App.svelte] DELTA:+22/-9 | EXT:svelte,ts
8ab874425fbf7df3810cdb0f156ed0697f3e37fd	HEAD@{2026-09-17 19:59:45 +0100}	commit: 2 file(s) in spike,src [src/client/vehicle-controls.ts, spike/src/App.svelte] DELTA:+22/-9 | EXT:svelte,ts
b2caa0c3288635a65954c793cdc22b9d72cb1939	gitlab/main@{2026-09-17 19:57:14 +0100}	update by push
b2caa0c3288635a65954c793cdc22b9d72cb1939	origin/main@{2026-09-17 19:57:12 +0100}	update by push
b2caa0c3288635a65954c793cdc22b9d72cb1939	main@{2026-09-17 19:57:09 +0100}	commit: 1 file(s) in tests/browser/q6-smoke.ts DELTA:+1/-1 | EXT:ts
b2caa0c3288635a65954c793cdc22b9d72cb1939	HEAD@{2026-09-17 19:57:09 +0100}	commit: 1 file(s) in tests/browser/q6-smoke.ts DELTA:+1/-1 | EXT:ts
3872de07e6d040445e6645cac163bacc37e747f4	gitlab/main@{2026-09-17 19:56:59 +0100}	update by push
3872de07e6d040445e6645cac163bacc37e747f4	origin/main@{2026-09-17 19:56:57 +0100}	update by push
3872de07e6d040445e6645cac163bacc37e747f4	main@{2026-09-17 19:56:54 +0100}	commit: 1 file(s) in tests/browser/q6-smoke.ts DELTA:+23/-2 | EXT:ts
3872de07e6d040445e6645cac163bacc37e747f4	HEAD@{2026-09-17 19:56:54 +0100}	commit: 1 file(s) in tests/browser/q6-smoke.ts DELTA:+23/-2 | EXT:ts
715bf10ec4fcf25fe4af65647a024b43f228f485	gitlab/main@{2026-09-17 19:56:15 +0100}	update by push
715bf10ec4fcf25fe4af65647a024b43f228f485	origin/main@{2026-09-17 19:56:13 +0100}	update by push
715bf10ec4fcf25fe4af65647a024b43f228f485	main@{2026-09-17 19:56:10 +0100}	commit: 2 file(s) in src,tests [src/client/vehicle-controls.ts, tests/unit/vehicle-controls.test.ts] DELTA:+8/-2 | EXT:ts TEST:2
715bf10ec4fcf25fe4af65647a024b43f228f485	HEAD@{2026-09-17 19:56:10 +0100}	commit: 2 file(s) in src,tests [src/client/vehicle-controls.ts, tests/unit/vehicle-controls.test.ts] DELTA:+8/-2 | EXT:ts TEST:2
6d146cbdc8bbb8997431d7de8d9a95f35e96514b	gitlab/main@{2026-09-17 19:54:48 +0100}	update by push
6d146cbdc8bbb8997431d7de8d9a95f35e96514b	origin/main@{2026-09-17 19:54:46 +0100}	update by push
6d146cbdc8bbb8997431d7de8d9a95f35e96514b	main@{2026-09-17 19:54:43 +0100}	commit: 1 file(s) in tests/unit/vehicle-controls.test.ts DELTA:+22/-1 | EXT:ts TEST:23 TESTONLY:unit/vehicle-controls.test.ts
6d146cbdc8bbb8997431d7de8d9a95f35e96514b	HEAD@{2026-09-17 19:54:43 +0100}	commit: 1 file(s) in tests/unit/vehicle-controls.test.ts DELTA:+22/-1 | EXT:ts TEST:23 TESTONLY:unit/vehicle-controls.test.ts
ffb0363cbe4ef9a145cf9c665f4667a5ce89f9ed	gitlab/main@{2026-09-17 19:54:30 +0100}	update by push
ffb0363cbe4ef9a145cf9c665f4667a5ce89f9ed	origin/main@{2026-09-17 19:54:28 +0100}	update by push
ffb0363cbe4ef9a145cf9c665f4667a5ce89f9ed	main@{2026-09-17 19:54:24 +0100}	commit: 1 file(s) in spike/src/App.svelte DELTA:+14/-6 | EXT:svelte
ffb0363cbe4ef9a145cf9c665f4667a5ce89f9ed	HEAD@{2026-09-17 19:54:24 +0100}	commit: 1 file(s) in spike/src/App.svelte DELTA:+14/-6 | EXT:svelte
d23e97ab13f3aae4c499ae885e2f2413735e144f	gitlab/main@{2026-09-17 19:54:14 +0100}	update by push
d23e97ab13f3aae4c499ae885e2f2413735e144f	origin/main@{2026-09-17 19:54:12 +0100}	update by push
d23e97ab13f3aae4c499ae885e2f2413735e144f	main@{2026-09-17 19:54:09 +0100}	commit: 1 file(s) in src/client/vehicle-controls.ts DELTA:+37/-33 | EXT:ts
d23e97ab13f3aae4c499ae885e2f2413735e144f	HEAD@{2026-09-17 19:54:09 +0100}	commit: 1 file(s) in src/client/vehicle-controls.ts DELTA:+37/-33 | EXT:ts
005f6e0e98d253afdafe304a894bc8fc9519ebf3	gitlab/main@{2026-09-17 19:53:16 +0100}	update by push
005f6e0e98d253afdafe304a894bc8fc9519ebf3	origin/main@{2026-09-17 19:53:14 +0100}	update by push
005f6e0e98d253afdafe304a894bc8fc9519ebf3	main@{2026-09-17 19:53:11 +0100}	commit: 1 file(s) in src/client/vehicle-controls.ts DELTA:+73/-49 | EXT:ts
005f6e0e98d253afdafe304a894bc8fc9519ebf3	HEAD@{2026-09-17 19:53:11 +0100}	commit: 1 file(s) in src/client/vehicle-controls.ts DELTA:+73/-49 | EXT:ts
2e301d6aac3f39015f86d0c14fffeff0bfaf729f	gitlab/main@{2026-09-17 19:50:20 +0100}	update by push
2e301d6aac3f39015f86d0c14fffeff0bfaf729f	origin/main@{2026-09-17 19:50:18 +0100}	update by push
2e301d6aac3f39015f86d0c14fffeff0bfaf729f	main@{2026-09-17 19:50:15 +0100}	commit: 1 file(s) in src/client/vehicle-controls.ts DELTA:+45/-1 | EXT:ts
2e301d6aac3f39015f86d0c14fffeff0bfaf729f	HEAD@{2026-09-17 19:50:15 +0100}	commit: 1 file(s) in src/client/vehicle-controls.ts DELTA:+45/-1 | EXT:ts
647a8ed348b2d1c0b26f5092395a066e8d7dd41d	gitlab/main@{2026-09-17 19:41:35 +0100}	update by push
647a8ed348b2d1c0b26f5092395a066e8d7dd41d	origin/main@{2026-09-17 19:41:33 +0100}	update by push
647a8ed348b2d1c0b26f5092395a066e8d7dd41d	main@{2026-09-17 19:41:30 +0100}	commit: 1 file(s) in design/phase-1/Q8-EVIDENCE.md DELTA:+29/-18 | EXT:md DOCSONLY:phase-1/Q8-EVIDENCE.md
647a8ed348b2d1c0b26f5092395a066e8d7dd41d	HEAD@{2026-09-17 19:41:30 +0100}	commit: 1 file(s) in design/phase-1/Q8-EVIDENCE.md DELTA:+29/-18 | EXT:md DOCSONLY:phase-1/Q8-EVIDENCE.md
ac2f6b9eeae98a8eaa010010dff2a221b67ff592	gitlab/main@{2026-09-17 19:40:36 +0100}	update by push
ac2f6b9eeae98a8eaa010010dff2a221b67ff592	origin/main@{2026-09-17 19:40:33 +0100}	update by push
ac2f6b9eeae98a8eaa010010dff2a221b67ff592	main@{2026-09-17 19:40:29 +0100}	commit: 1 file(s) in tests/browser/q6-smoke.ts DELTA:+1/-1 | EXT:ts
ac2f6b9eeae98a8eaa010010dff2a221b67ff592	HEAD@{2026-09-17 19:40:29 +0100}	commit: 1 file(s) in tests/browser/q6-smoke.ts DELTA:+1/-1 | EXT:ts
07e4e632aa1529bb8dc423e6fb88d62fe0688b15	gitlab/main@{2026-09-17 19:38:41 +0100}	update by push
07e4e632aa1529bb8dc423e6fb88d62fe0688b15	origin/main@{2026-09-17 19:38:39 +0100}	update by push
07e4e632aa1529bb8dc423e6fb88d62fe0688b15	main@{2026-09-17 19:38:36 +0100}	commit: 1 file(s) in tests/browser/q6-smoke.ts DELTA:+2/-1 | EXT:ts
07e4e632aa1529bb8dc423e6fb88d62fe0688b15	HEAD@{2026-09-17 19:38:36 +0100}	commit: 1 file(s) in tests/browser/q6-smoke.ts DELTA:+2/-1 | EXT:ts
523cd33b732c8ee9dba95c55de80255bef5f7b5b	gitlab/main@{2026-09-17 19:37:56 +0100}	update by push
523cd33b732c8ee9dba95c55de80255bef5f7b5b	origin/main@{2026-09-17 19:37:53 +0100}	update by push
523cd33b732c8ee9dba95c55de80255bef5f7b5b	main@{2026-09-17 19:37:50 +0100}	commit: 1 file(s) in tests/browser/q6-smoke.ts DELTA:+57/-40 | EXT:ts
523cd33b732c8ee9dba95c55de80255bef5f7b5b	HEAD@{2026-09-17 19:37:50 +0100}	commit: 1 file(s) in tests/browser/q6-smoke.ts DELTA:+57/-40 | EXT:ts
03e142f7aac734c764ec0243fe3744581c2d1451	gitlab/main@{2026-09-17 19:36:46 +0100}	update by push
03e142f7aac734c764ec0243fe3744581c2d1451	origin/main@{2026-09-17 19:36:44 +0100}	update by push
03e142f7aac734c764ec0243fe3744581c2d1451	main@{2026-09-17 19:36:40 +0100}	commit: 1 file(s) in spike/src/App.svelte DELTA:+2/-1 | EXT:svelte
03e142f7aac734c764ec0243fe3744581c2d1451	HEAD@{2026-09-17 19:36:40 +0100}	commit: 1 file(s) in spike/src/App.svelte DELTA:+2/-1 | EXT:svelte
08dee677249de110f69604418e0a08c64492e3f5	gitlab/main@{2026-09-17 19:36:02 +0100}	update by push
08dee677249de110f69604418e0a08c64492e3f5	origin/main@{2026-09-17 19:36:00 +0100}	update by push
08dee677249de110f69604418e0a08c64492e3f5	main@{2026-09-17 19:35:57 +0100}	commit: 1 file(s) in tests/unit/vehicle-controls.test.ts DELTA:+40/-0 | EXT:ts TEST:40 NEW:unit/vehicle-controls.test.ts TESTONLY:unit/vehicle-controls.test.ts
08dee677249de110f69604418e0a08c64492e3f5	HEAD@{2026-09-17 19:35:57 +0100}	commit: 1 file(s) in tests/unit/vehicle-controls.test.ts DELTA:+40/-0 | EXT:ts TEST:40 NEW:unit/vehicle-controls.test.ts TESTONLY:unit/vehicle-controls.test.ts
7006d2894696d432820cbb64a380dd1497861733	gitlab/main@{2026-09-17 19:34:56 +0100}	update by push
7006d2894696d432820cbb64a380dd1497861733	origin/main@{2026-09-17 19:34:54 +0100}	update by push
7006d2894696d432820cbb64a380dd1497861733	main@{2026-09-17 19:34:51 +0100}	commit: 1 file(s) in spike/src/App.svelte DELTA:+3/-3 | EXT:svelte
7006d2894696d432820cbb64a380dd1497861733	HEAD@{2026-09-17 19:34:51 +0100}	commit: 1 file(s) in spike/src/App.svelte DELTA:+3/-3 | EXT:svelte
5cecb44183c4ba01860fb5ad4e1cf705253170fb	gitlab/main@{2026-09-17 19:34:34 +0100}	update by push
5cecb44183c4ba01860fb5ad4e1cf705253170fb	origin/main@{2026-09-17 19:34:32 +0100}	update by push
5cecb44183c4ba01860fb5ad4e1cf705253170fb	main@{2026-09-17 19:34:28 +0100}	commit: 1 file(s) in spike/src/App.svelte DELTA:+37/-46 | EXT:svelte
5cecb44183c4ba01860fb5ad4e1cf705253170fb	HEAD@{2026-09-17 19:34:28 +0100}	commit: 1 file(s) in spike/src/App.svelte DELTA:+37/-46 | EXT:svelte
c570c2e20264a4228b583f243eb9db8ab97f03a0	gitlab/main@{2026-09-17 19:33:56 +0100}	update by push
c570c2e20264a4228b583f243eb9db8ab97f03a0	origin/main@{2026-09-17 19:33:54 +0100}	update by push
c570c2e20264a4228b583f243eb9db8ab97f03a0	main@{2026-09-17 19:33:50 +0100}	commit: 1 file(s) in src/client/vehicle-controls.ts DELTA:+47/-0 | EXT:ts NEW:client/vehicle-controls.ts
c570c2e20264a4228b583f243eb9db8ab97f03a0	HEAD@{2026-09-17 19:33:50 +0100}	commit: 1 file(s) in src/client/vehicle-controls.ts DELTA:+47/-0 | EXT:ts NEW:client/vehicle-controls.ts
65407355c3780355f8c2e11e3d70f45a94a7a03c	gitlab/main@{2026-09-17 19:30:28 +0100}	update by push
65407355c3780355f8c2e11e3d70f45a94a7a03c	origin/main@{2026-09-17 19:30:26 +0100}	update by push
65407355c3780355f8c2e11e3d70f45a94a7a03c	main@{2026-09-17 19:30:23 +0100}	commit: 1 file(s) in src/client/q6-renderer.ts DELTA:+3/-1 | EXT:ts
65407355c3780355f8c2e11e3d70f45a94a7a03c	HEAD@{2026-09-17 19:30:23 +0100}	commit: 1 file(s) in src/client/q6-renderer.ts DELTA:+3/-1 | EXT:ts
d3c36f0d9118700be7013ebd2c34b62b7b0e5a27	gitlab/main@{2026-09-17 19:30:15 +0100}	update by push
d3c36f0d9118700be7013ebd2c34b62b7b0e5a27	origin/main@{2026-09-17 19:30:13 +0100}	update by push
d3c36f0d9118700be7013ebd2c34b62b7b0e5a27	main@{2026-09-17 19:30:10 +0100}	commit: 1 file(s) in spike/src/App.svelte DELTA:+9/-1 | EXT:svelte
d3c36f0d9118700be7013ebd2c34b62b7b0e5a27	HEAD@{2026-09-17 19:30:10 +0100}	commit: 1 file(s) in spike/src/App.svelte DELTA:+9/-1 | EXT:svelte
8ec292378a656e627e164cd673c410884cc2a8f3	gitlab/main@{2026-09-17 19:23:03 +0100}	update by push
8ec292378a656e627e164cd673c410884cc2a8f3	origin/main@{2026-09-17 19:23:01 +0100}	update by push
8ec292378a656e627e164cd673c410884cc2a8f3	main@{2026-09-17 19:22:58 +0100}	commit: 1 file(s) in design/phase-1/Q8-EVIDENCE.md DELTA:+1/-1 | EXT:md DOCSONLY:phase-1/Q8-EVIDENCE.md
8ec292378a656e627e164cd673c410884cc2a8f3	HEAD@{2026-09-17 19:22:58 +0100}	commit: 1 file(s) in design/phase-1/Q8-EVIDENCE.md DELTA:+1/-1 | EXT:md DOCSONLY:phase-1/Q8-EVIDENCE.md
616c04a671d036e52d7e762c2b1a8a19cf073468	gitlab/main@{2026-09-17 19:18:12 +0100}	update by push
616c04a671d036e52d7e762c2b1a8a19cf073468	origin/main@{2026-09-17 19:18:10 +0100}	update by push
616c04a671d036e52d7e762c2b1a8a19cf073468	main@{2026-09-17 19:18:07 +0100}	commit: 1 file(s) in design/phase-1/Q8-EVIDENCE.md DELTA:+8/-6 | EXT:md DOCSONLY:phase-1/Q8-EVIDENCE.md
616c04a671d036e52d7e762c2b1a8a19cf073468	HEAD@{2026-09-17 19:18:07 +0100}	commit: 1 file(s) in design/phase-1/Q8-EVIDENCE.md DELTA:+8/-6 | EXT:md DOCSONLY:phase-1/Q8-EVIDENCE.md
39bd50736822d875982245bfe141ba0293ba3e7a	gitlab/main@{2026-09-17 19:17:59 +0100}	update by push
39bd50736822d875982245bfe141ba0293ba3e7a	origin/main@{2026-09-17 19:17:57 +0100}	update by push
39bd50736822d875982245bfe141ba0293ba3e7a	main@{2026-09-17 19:17:54 +0100}	commit: 1 file(s) in tests/unit/vehicle-driving.test.ts DELTA:+29/-0 | EXT:ts TEST:29 TESTONLY:unit/vehicle-driving.test.ts
39bd50736822d875982245bfe141ba0293ba3e7a	HEAD@{2026-09-17 19:17:54 +0100}	commit: 1 file(s) in tests/unit/vehicle-driving.test.ts DELTA:+29/-0 | EXT:ts TEST:29 TESTONLY:unit/vehicle-driving.test.ts
ecd9b4cdd660d82b10a1c870175fd013a9cd6a29	gitlab/main@{2026-09-17 19:17:47 +0100}	update by push
ecd9b4cdd660d82b10a1c870175fd013a9cd6a29	origin/main@{2026-09-17 19:17:45 +0100}	update by push
ecd9b4cdd660d82b10a1c870175fd013a9cd6a29	main@{2026-09-17 19:17:42 +0100}	commit: 1 file(s) in tests/unit/vehicle-pure.test.ts DELTA:+4/-4 | EXT:ts TEST:8 TESTONLY:unit/vehicle-pure.test.ts
ecd9b4cdd660d82b10a1c870175fd013a9cd6a29	HEAD@{2026-09-17 19:17:42 +0100}	commit: 1 file(s) in tests/unit/vehicle-pure.test.ts DELTA:+4/-4 | EXT:ts TEST:8 TESTONLY:unit/vehicle-pure.test.ts
5a93b417cbefe2a062b7592faaff65d2fc89a10a	gitlab/main@{2026-09-17 19:17:35 +0100}	update by push
5a93b417cbefe2a062b7592faaff65d2fc89a10a	origin/main@{2026-09-17 19:17:34 +0100}	update by push
5a93b417cbefe2a062b7592faaff65d2fc89a10a	main@{2026-09-17 19:17:30 +0100}	commit: 1 file(s) in tests/unit/vehicle-pure.test.ts DELTA:+12/-9 | EXT:ts TEST:21 TESTONLY:unit/vehicle-pure.test.ts
5a93b417cbefe2a062b7592faaff65d2fc89a10a	HEAD@{2026-09-17 19:17:30 +0100}	commit: 1 file(s) in tests/unit/vehicle-pure.test.ts DELTA:+12/-9 | EXT:ts TEST:21 TESTONLY:unit/vehicle-pure.test.ts
332c3f6fc61ce2798ab76748f12cc339f48f4a90	gitlab/main@{2026-09-17 19:16:06 +0100}	update by push
332c3f6fc61ce2798ab76748f12cc339f48f4a90	origin/main@{2026-09-17 19:16:04 +0100}	update by push
332c3f6fc61ce2798ab76748f12cc339f48f4a90	main@{2026-09-17 19:16:01 +0100}	commit: 1 file(s) in tests/unit/vehicle-pure.test.ts DELTA:+11/-3 | EXT:ts TEST:14 TESTONLY:unit/vehicle-pure.test.ts
332c3f6fc61ce2798ab76748f12cc339f48f4a90	HEAD@{2026-09-17 19:16:01 +0100}	commit: 1 file(s) in tests/unit/vehicle-pure.test.ts DELTA:+11/-3 | EXT:ts TEST:14 TESTONLY:unit/vehicle-pure.test.ts
251e6c6cbf2d52c3528d0878e8d17fc7daf9fdb8	gitlab/main@{2026-09-17 19:15:50 +0100}	update by push
251e6c6cbf2d52c3528d0878e8d17fc7daf9fdb8	origin/main@{2026-09-17 19:15:48 +0100}	update by push
251e6c6cbf2d52c3528d0878e8d17fc7daf9fdb8	main@{2026-09-17 19:15:44 +0100}	commit: 1 file(s) in tests/unit/vehicle.test.ts DELTA:+10/-0 | EXT:ts TEST:10 TESTONLY:unit/vehicle.test.ts
251e6c6cbf2d52c3528d0878e8d17fc7daf9fdb8	HEAD@{2026-09-17 19:15:44 +0100}	commit: 1 file(s) in tests/unit/vehicle.test.ts DELTA:+10/-0 | EXT:ts TEST:10 TESTONLY:unit/vehicle.test.ts
86d4b5644606657942ba3fc59ecc36d60e0f3042	gitlab/main@{2026-09-17 19:08:51 +0100}	update by push
86d4b5644606657942ba3fc59ecc36d60e0f3042	origin/main@{2026-09-17 19:08:49 +0100}	update by push
86d4b5644606657942ba3fc59ecc36d60e0f3042	main@{2026-09-17 19:08:42 +0100}	commit: 1 file(s) in tests/unit/vehicle-pure.test.ts DELTA:+4/-2 | EXT:ts TEST:6 TESTONLY:unit/vehicle-pure.test.ts
86d4b5644606657942ba3fc59ecc36d60e0f3042	HEAD@{2026-09-17 19:08:42 +0100}	commit: 1 file(s) in tests/unit/vehicle-pure.test.ts DELTA:+4/-2 | EXT:ts TEST:6 TESTONLY:unit/vehicle-pure.test.ts
c030b0a7cc8bb54e091c3176eca7f88c25e920c5	gitlab/main@{2026-09-17 19:06:41 +0100}	update by push
c030b0a7cc8bb54e091c3176eca7f88c25e920c5	origin/main@{2026-09-17 19:06:39 +0100}	update by push
c030b0a7cc8bb54e091c3176eca7f88c25e920c5	main@{2026-09-17 19:06:36 +0100}	commit: 2 file(s) in src,tests [tests/unit/vehicle-pure.test.ts, src/sim/vehicle.ts] DELTA:+16/-2 | EXT:ts TEST:15
c030b0a7cc8bb54e091c3176eca7f88c25e920c5	HEAD@{2026-09-17 19:06:36 +0100}	commit: 2 file(s) in src,tests [tests/unit/vehicle-pure.test.ts, src/sim/vehicle.ts] DELTA:+16/-2 | EXT:ts TEST:15
543839b3cde0114fd7f78842be5e6cc8c178ec73	gitlab/main@{2026-09-17 19:03:51 +0100}	update by push
543839b3cde0114fd7f78842be5e6cc8c178ec73	origin/main@{2026-09-17 19:03:49 +0100}	update by push
543839b3cde0114fd7f78842be5e6cc8c178ec73	main@{2026-09-17 19:03:45 +0100}	commit: 1 file(s) in design/phase-1/Q8-EVIDENCE.md DELTA:+112/-0 | EXT:md NEW:phase-1/Q8-EVIDENCE.md DOCSONLY:phase-1/Q8-EVIDENCE.md
543839b3cde0114fd7f78842be5e6cc8c178ec73	HEAD@{2026-09-17 19:03:45 +0100}	commit: 1 file(s) in design/phase-1/Q8-EVIDENCE.md DELTA:+112/-0 | EXT:md NEW:phase-1/Q8-EVIDENCE.md DOCSONLY:phase-1/Q8-EVIDENCE.md
58cab1b5a9c0a8e18400289722babf87e09387f0	gitlab/main@{2026-09-17 19:01:59 +0100}	update by push
58cab1b5a9c0a8e18400289722babf87e09387f0	origin/main@{2026-09-17 19:01:57 +0100}	update by push
58cab1b5a9c0a8e18400289722babf87e09387f0	main@{2026-09-17 19:01:54 +0100}	commit: 1 file(s) in tests/browser/q6-smoke.ts DELTA:+13/-6 | EXT:ts
58cab1b5a9c0a8e18400289722babf87e09387f0	HEAD@{2026-09-17 19:01:54 +0100}	commit: 1 file(s) in tests/browser/q6-smoke.ts DELTA:+13/-6 | EXT:ts
65bff6f73c3e1ef14773ce5aff955e1a91b5dff4	gitlab/main@{2026-09-17 19:01:44 +0100}	update by push
65bff6f73c3e1ef14773ce5aff955e1a91b5dff4	origin/main@{2026-09-17 19:01:42 +0100}	update by push
65bff6f73c3e1ef14773ce5aff955e1a91b5dff4	main@{2026-09-17 19:01:38 +0100}	commit: 1 file(s) in spike/src/App.svelte DELTA:+15/-14 | EXT:svelte
65bff6f73c3e1ef14773ce5aff955e1a91b5dff4	HEAD@{2026-09-17 19:01:38 +0100}	commit: 1 file(s) in spike/src/App.svelte DELTA:+15/-14 | EXT:svelte
5750b2eee3db603f804d1efc5646718bc8aac01d	gitlab/main@{2026-09-17 19:00:55 +0100}	update by push
5750b2eee3db603f804d1efc5646718bc8aac01d	origin/main@{2026-09-17 19:00:53 +0100}	update by push
5750b2eee3db603f804d1efc5646718bc8aac01d	main@{2026-09-17 19:00:48 +0100}	commit: 1 file(s) in spike/src/App.svelte DELTA:+11/-2 | EXT:svelte
5750b2eee3db603f804d1efc5646718bc8aac01d	HEAD@{2026-09-17 19:00:48 +0100}	commit: 1 file(s) in spike/src/App.svelte DELTA:+11/-2 | EXT:svelte
932ed9bd87a4b8c9d9e9a2c6e57d9f34b9c65143	gitlab/main@{2026-09-17 19:00:36 +0100}	update by push
932ed9bd87a4b8c9d9e9a2c6e57d9f34b9c65143	origin/main@{2026-09-17 18:58:57 +0100}	update by push
932ed9bd87a4b8c9d9e9a2c6e57d9f34b9c65143	main@{2026-09-17 18:58:53 +0100}	commit: 4 file(s) in spike,src,tests [tests/browser/q6-smoke.ts, tests/unit/input-gate.test.ts, spike/src/App.svelte] DELTA:+57/-8 | EXT:ts,svelte TEST:12
932ed9bd87a4b8c9d9e9a2c6e57d9f34b9c65143	HEAD@{2026-09-17 18:58:53 +0100}	commit: 4 file(s) in spike,src,tests [tests/browser/q6-smoke.ts, tests/unit/input-gate.test.ts, spike/src/App.svelte] DELTA:+57/-8 | EXT:ts,svelte TEST:12
88198febf43f6067b33f6d80087e25c9a20f7b02	gitlab/main@{2026-09-17 18:53:48 +0100}	update by push
88198febf43f6067b33f6d80087e25c9a20f7b02	origin/main@{2026-09-17 18:53:46 +0100}	update by push
88198febf43f6067b33f6d80087e25c9a20f7b02	main@{2026-09-17 18:53:42 +0100}	commit: 1 file(s) in spike/src/App.svelte DELTA:+40/-2 | EXT:svelte
88198febf43f6067b33f6d80087e25c9a20f7b02	HEAD@{2026-09-17 18:53:42 +0100}	commit: 1 file(s) in spike/src/App.svelte DELTA:+40/-2 | EXT:svelte
2e89598dc9cfd6d702ef9eed5b07422df14a7a30	gitlab/main@{2026-09-17 18:51:30 +0100}	update by push
2e89598dc9cfd6d702ef9eed5b07422df14a7a30	origin/main@{2026-09-17 18:51:28 +0100}	update by push
2e89598dc9cfd6d702ef9eed5b07422df14a7a30	main@{2026-09-17 18:49:26 +0100}	commit: 2 file(s) in spike,tests [tests/unit/vehicle-driving.test.ts, spike/src/App.svelte] DELTA:+9/-8 | EXT:svelte,ts TEST:12
2e89598dc9cfd6d702ef9eed5b07422df14a7a30	HEAD@{2026-09-17 18:49:26 +0100}	commit: 2 file(s) in spike,tests [tests/unit/vehicle-driving.test.ts, spike/src/App.svelte] DELTA:+9/-8 | EXT:svelte,ts TEST:12
07469136c35703f55e66b9c0fb4ba10e568f0aee	gitlab/main@{2026-09-17 18:49:08 +0100}	update by push
07469136c35703f55e66b9c0fb4ba10e568f0aee	origin/main@{2026-09-17 18:47:23 +0100}	update by push
07469136c35703f55e66b9c0fb4ba10e568f0aee	main@{2026-09-17 18:47:19 +0100}	commit: 1 file(s) in tests/unit/vehicle-driving.test.ts DELTA:+101/-0 | EXT:ts TEST:101 NEW:unit/vehicle-driving.test.ts TESTONLY:unit/vehicle-driving.test.ts
07469136c35703f55e66b9c0fb4ba10e568f0aee	HEAD@{2026-09-17 18:47:19 +0100}	commit: 1 file(s) in tests/unit/vehicle-driving.test.ts DELTA:+101/-0 | EXT:ts TEST:101 NEW:unit/vehicle-driving.test.ts TESTONLY:unit/vehicle-driving.test.ts
a3226833a28b477a616e6d882ff9718b0b5e919c	gitlab/main@{2026-09-17 18:41:54 +0100}	update by push
a3226833a28b477a616e6d882ff9718b0b5e919c	origin/main@{2026-09-17 18:41:51 +0100}	update by push
a3226833a28b477a616e6d882ff9718b0b5e919c	main@{2026-09-17 18:41:47 +0100}	commit: 8 file(s) in src,tests [src/sim/commands.ts, tests/unit/vehicle.test.ts, tests/unit/vehicle-checkpoint.test.ts] DELTA:+306/-37 | EXT:ts TEST:136 NEW:sim/commands.ts,unit/vehicle-checkpoint.test.ts
a3226833a28b477a616e6d882ff9718b0b5e919c	HEAD@{2026-09-17 18:41:47 +0100}	commit: 8 file(s) in src,tests [src/sim/commands.ts, tests/unit/vehicle.test.ts, tests/unit/vehicle-checkpoint.test.ts] DELTA:+306/-37 | EXT:ts TEST:136 NEW:sim/commands.ts,unit/vehicle-checkpoint.test.ts
2f83746ea8d579fb36a9d616c319f6f1b01b1e55	gitlab/main@{2026-09-17 18:30:10 +0100}	update by push
2f83746ea8d579fb36a9d616c319f6f1b01b1e55	origin/main@{2026-09-17 18:30:08 +0100}	update by push
2f83746ea8d579fb36a9d616c319f6f1b01b1e55	main@{2026-09-17 18:30:03 +0100}	commit: 1 file(s) in src/sim/vehicle.ts DELTA:+15/-4 | EXT:ts
2f83746ea8d579fb36a9d616c319f6f1b01b1e55	HEAD@{2026-09-17 18:30:03 +0100}	commit: 1 file(s) in src/sim/vehicle.ts DELTA:+15/-4 | EXT:ts
80dccde211890008edbab5f713d10ad3d0842454	gitlab/main@{2026-09-17 18:26:37 +0100}	update by push
80dccde211890008edbab5f713d10ad3d0842454	origin/main@{2026-09-17 18:26:34 +0100}	update by push
80dccde211890008edbab5f713d10ad3d0842454	main@{2026-09-17 18:26:31 +0100}	commit: 6 file(s) in src,tests [src/client/bridge.ts, src/shared/protocol/fixtures.ts, tests/unit/checkpoint.test.ts] DELTA:+6/-6 | EXT:ts TEST:8
80dccde211890008edbab5f713d10ad3d0842454	HEAD@{2026-09-17 18:26:31 +0100}	commit: 6 file(s) in src,tests [src/client/bridge.ts, src/shared/protocol/fixtures.ts, tests/unit/checkpoint.test.ts] DELTA:+6/-6 | EXT:ts TEST:8
f31c191b0bbf698418aed7ef64999df289ae069e	gitlab/main@{2026-09-17 18:25:08 +0100}	update by push
f31c191b0bbf698418aed7ef64999df289ae069e	origin/main@{2026-09-17 18:25:06 +0100}	update by push
f31c191b0bbf698418aed7ef64999df289ae069e	main@{2026-09-17 18:25:03 +0100}	commit: 1 file(s) in src/sim/checkpoint.ts DELTA:+12/-3 | EXT:ts
f31c191b0bbf698418aed7ef64999df289ae069e	HEAD@{2026-09-17 18:25:03 +0100}	commit: 1 file(s) in src/sim/checkpoint.ts DELTA:+12/-3 | EXT:ts
406709a3d99c0c560c2b6bf134a7faa5f273756b	gitlab/main@{2026-09-17 18:24:55 +0100}	update by push
406709a3d99c0c560c2b6bf134a7faa5f273756b	origin/main@{2026-09-17 18:24:52 +0100}	update by push
406709a3d99c0c560c2b6bf134a7faa5f273756b	main@{2026-09-17 18:24:48 +0100}	commit: 1 file(s) in src/sim/sim.ts DELTA:+9/-76 | EXT:ts
406709a3d99c0c560c2b6bf134a7faa5f273756b	HEAD@{2026-09-17 18:24:48 +0100}	commit: 1 file(s) in src/sim/sim.ts DELTA:+9/-76 | EXT:ts
730888fd0421ba49b5d85d42b6dd50019bed19c3	gitlab/main@{2026-09-17 18:19:47 +0100}	update by push
730888fd0421ba49b5d85d42b6dd50019bed19c3	origin/main@{2026-09-17 18:19:45 +0100}	update by push
730888fd0421ba49b5d85d42b6dd50019bed19c3	main@{2026-09-17 18:19:42 +0100}	commit: 1 file(s) in src/sim/sim.ts DELTA:+61/-2 | EXT:ts
730888fd0421ba49b5d85d42b6dd50019bed19c3	HEAD@{2026-09-17 18:19:42 +0100}	commit: 1 file(s) in src/sim/sim.ts DELTA:+61/-2 | EXT:ts
d5c5e49cefebdb3240677e9fda77b1f623a61181	gitlab/main@{2026-09-17 18:19:21 +0100}	update by push
d5c5e49cefebdb3240677e9fda77b1f623a61181	origin/main@{2026-09-17 18:19:19 +0100}	update by push
d5c5e49cefebdb3240677e9fda77b1f623a61181	main@{2026-09-17 18:19:16 +0100}	commit: 1 file(s) in src/sim/sim.ts DELTA:+12/-9 | EXT:ts
d5c5e49cefebdb3240677e9fda77b1f623a61181	HEAD@{2026-09-17 18:19:16 +0100}	commit: 1 file(s) in src/sim/sim.ts DELTA:+12/-9 | EXT:ts
6ae7f8ad514ea3e3c7ada4ded91520d3143f86f5	gitlab/main@{2026-09-17 18:19:04 +0100}	update by push
6ae7f8ad514ea3e3c7ada4ded91520d3143f86f5	origin/main@{2026-09-17 18:19:01 +0100}	update by push
6ae7f8ad514ea3e3c7ada4ded91520d3143f86f5	main@{2026-09-17 18:18:57 +0100}	commit: 1 file(s) in src/sim/sim.ts DELTA:+19/-4 | EXT:ts
6ae7f8ad514ea3e3c7ada4ded91520d3143f86f5	HEAD@{2026-09-17 18:18:57 +0100}	commit: 1 file(s) in src/sim/sim.ts DELTA:+19/-4 | EXT:ts
fe2ed8ef7b28faf0c87b8e7732c62c39e314761a	gitlab/main@{2026-09-17 18:17:28 +0100}	update by push
fe2ed8ef7b28faf0c87b8e7732c62c39e314761a	origin/main@{2026-09-17 18:17:26 +0100}	update by push
fe2ed8ef7b28faf0c87b8e7732c62c39e314761a	main@{2026-09-17 18:17:23 +0100}	commit: 1 file(s) in src/sim/sim.ts DELTA:+3/-2 | EXT:ts
fe2ed8ef7b28faf0c87b8e7732c62c39e314761a	HEAD@{2026-09-17 18:17:23 +0100}	commit: 1 file(s) in src/sim/sim.ts DELTA:+3/-2 | EXT:ts
6d14d66963ede92de0a8ce5a43af0910e50253b8	gitlab/main@{2026-09-17 18:17:10 +0100}	update by push
6d14d66963ede92de0a8ce5a43af0910e50253b8	origin/main@{2026-09-17 18:17:06 +0100}	update by push
6d14d66963ede92de0a8ce5a43af0910e50253b8	main@{2026-09-17 18:17:03 +0100}	commit: 1 file(s) in tests/unit/vehicle-pure.test.ts DELTA:+70/-0 | EXT:ts TEST:70 NEW:unit/vehicle-pure.test.ts TESTONLY:unit/vehicle-pure.test.ts
6d14d66963ede92de0a8ce5a43af0910e50253b8	HEAD@{2026-09-17 18:17:03 +0100}	commit: 1 file(s) in tests/unit/vehicle-pure.test.ts DELTA:+70/-0 | EXT:ts TEST:70 NEW:unit/vehicle-pure.test.ts TESTONLY:unit/vehicle-pure.test.ts
145c805419ddb76d8b497e423d34b9da6fa39d1d	gitlab/main@{2026-09-17 18:16:16 +0100}	update by push
145c805419ddb76d8b497e423d34b9da6fa39d1d	origin/main@{2026-09-17 18:16:13 +0100}	update by push
145c805419ddb76d8b497e423d34b9da6fa39d1d	main@{2026-09-17 18:16:10 +0100}	commit: 1 file(s) in src/sim/vehicle.ts DELTA:+15/-9 | EXT:ts
145c805419ddb76d8b497e423d34b9da6fa39d1d	HEAD@{2026-09-17 18:16:10 +0100}	commit: 1 file(s) in src/sim/vehicle.ts DELTA:+15/-9 | EXT:ts
a03ed5340dad5803abbe80ed3c29816f1ea7ad77	gitlab/main@{2026-09-17 18:14:45 +0100}	update by push
a03ed5340dad5803abbe80ed3c29816f1ea7ad77	origin/main@{2026-09-17 18:14:43 +0100}	update by push
a03ed5340dad5803abbe80ed3c29816f1ea7ad77	main@{2026-09-17 18:14:40 +0100}	commit: 1 file(s) in src/sim/vehicle.ts DELTA:+8/-17 | EXT:ts
a03ed5340dad5803abbe80ed3c29816f1ea7ad77	HEAD@{2026-09-17 18:14:40 +0100}	commit: 1 file(s) in src/sim/vehicle.ts DELTA:+8/-17 | EXT:ts
9c5fdd34aa4a3c9594e211d475bc4dfc2bdc7425	gitlab/main@{2026-09-17 18:14:05 +0100}	update by push
9c5fdd34aa4a3c9594e211d475bc4dfc2bdc7425	origin/main@{2026-09-17 18:14:03 +0100}	update by push
9c5fdd34aa4a3c9594e211d475bc4dfc2bdc7425	main@{2026-09-17 18:14:00 +0100}	commit: 1 file(s) in src/sim/vehicle.ts DELTA:+5/-6 | EXT:ts
9c5fdd34aa4a3c9594e211d475bc4dfc2bdc7425	HEAD@{2026-09-17 18:14:00 +0100}	commit: 1 file(s) in src/sim/vehicle.ts DELTA:+5/-6 | EXT:ts
28709ad7592494e58abce68f37bf11fe00904551	gitlab/main@{2026-09-17 18:13:48 +0100}	update by push
28709ad7592494e58abce68f37bf11fe00904551	origin/main@{2026-09-17 18:13:46 +0100}	update by push
28709ad7592494e58abce68f37bf11fe00904551	main@{2026-09-17 18:13:43 +0100}	commit: 1 file(s) in src/sim/vehicle.ts DELTA:+75/-66 | EXT:ts
28709ad7592494e58abce68f37bf11fe00904551	HEAD@{2026-09-17 18:13:43 +0100}	commit: 1 file(s) in src/sim/vehicle.ts DELTA:+75/-66 | EXT:ts
efe7688827edc44866ee7eddc7495eec358bf2d4	gitlab/main@{2026-09-17 18:13:29 +0100}	update by push
efe7688827edc44866ee7eddc7495eec358bf2d4	origin/main@{2026-09-17 18:13:27 +0100}	update by push
efe7688827edc44866ee7eddc7495eec358bf2d4	main@{2026-09-17 18:13:24 +0100}	commit: 1 file(s) in src/sim/vehicle.ts DELTA:+32/-0 | EXT:ts
efe7688827edc44866ee7eddc7495eec358bf2d4	HEAD@{2026-09-17 18:13:24 +0100}	commit: 1 file(s) in src/sim/vehicle.ts DELTA:+32/-0 | EXT:ts
21676028972df1950a624c2254fa49ffb80e5bff	gitlab/main@{2026-09-17 18:13:14 +0100}	update by push
21676028972df1950a624c2254fa49ffb80e5bff	origin/main@{2026-09-17 18:13:12 +0100}	update by push
21676028972df1950a624c2254fa49ffb80e5bff	main@{2026-09-17 18:13:09 +0100}	commit: 1 file(s) in src/sim/vehicle.ts DELTA:+44/-0 | EXT:ts
21676028972df1950a624c2254fa49ffb80e5bff	HEAD@{2026-09-17 18:13:09 +0100}	commit: 1 file(s) in src/sim/vehicle.ts DELTA:+44/-0 | EXT:ts
19688c011af22b4beab3f81f6cbf1b890135420d	gitlab/main@{2026-09-17 18:12:59 +0100}	update by push
19688c011af22b4beab3f81f6cbf1b890135420d	origin/main@{2026-09-17 18:12:57 +0100}	update by push
19688c011af22b4beab3f81f6cbf1b890135420d	main@{2026-09-17 18:12:54 +0100}	commit: 1 file(s) in src/sim/vehicle.ts DELTA:+37/-44 | EXT:ts
19688c011af22b4beab3f81f6cbf1b890135420d	HEAD@{2026-09-17 18:12:54 +0100}	commit: 1 file(s) in src/sim/vehicle.ts DELTA:+37/-44 | EXT:ts
418591681b69c0873e48156db985660483ea5ee5	gitlab/main@{2026-09-17 18:12:27 +0100}	update by push
418591681b69c0873e48156db985660483ea5ee5	origin/main@{2026-09-17 18:12:25 +0100}	update by push
418591681b69c0873e48156db985660483ea5ee5	main@{2026-09-17 18:12:22 +0100}	commit: 1 file(s) in src/sim/vehicle.ts DELTA:+66/-0 | EXT:ts NEW:sim/vehicle.ts
418591681b69c0873e48156db985660483ea5ee5	HEAD@{2026-09-17 18:12:22 +0100}	commit: 1 file(s) in src/sim/vehicle.ts DELTA:+66/-0 | EXT:ts NEW:sim/vehicle.ts
0583d423a43e8d4fa2a5f3d9989af0c53d51fd99	gitlab/main@{2026-09-17 18:12:11 +0100}	update by push
0583d423a43e8d4fa2a5f3d9989af0c53d51fd99	origin/main@{2026-09-17 18:12:09 +0100}	update by push
0583d423a43e8d4fa2a5f3d9989af0c53d51fd99	main@{2026-09-17 18:12:06 +0100}	commit: 1 file(s) in tests/unit/vehicle.test.ts DELTA:+37/-0 | EXT:ts TEST:37 NEW:unit/vehicle.test.ts TESTONLY:unit/vehicle.test.ts
0583d423a43e8d4fa2a5f3d9989af0c53d51fd99	HEAD@{2026-09-17 18:12:06 +0100}	commit: 1 file(s) in tests/unit/vehicle.test.ts DELTA:+37/-0 | EXT:ts TEST:37 NEW:unit/vehicle.test.ts TESTONLY:unit/vehicle.test.ts
959afeeb735ae4922b9e263d3dcc64c04d1c95a8	gitlab/main@{2026-09-17 17:56:19 +0100}	update by push
959afeeb735ae4922b9e263d3dcc64c04d1c95a8	origin/main@{2026-09-17 17:56:17 +0100}	update by push
959afeeb735ae4922b9e263d3dcc64c04d1c95a8	main@{2026-09-17 17:56:14 +0100}	commit: 1 file(s) in design/phase-1/Q6-EVIDENCE.md DELTA:+12/-8 | EXT:md DOCSONLY:phase-1/Q6-EVIDENCE.md
959afeeb735ae4922b9e263d3dcc64c04d1c95a8	HEAD@{2026-09-17 17:56:14 +0100}	commit: 1 file(s) in design/phase-1/Q6-EVIDENCE.md DELTA:+12/-8 | EXT:md DOCSONLY:phase-1/Q6-EVIDENCE.md
5b21a67c9f63e110084ccb39b792ccdc3fe9d1e9	gitlab/main@{2026-09-17 17:56:05 +0100}	update by push
5b21a67c9f63e110084ccb39b792ccdc3fe9d1e9	origin/main@{2026-09-17 17:56:03 +0100}	update by push
5b21a67c9f63e110084ccb39b792ccdc3fe9d1e9	main@{2026-09-17 17:55:59 +0100}	commit: 1 file(s) in spike/src/App.svelte DELTA:+3/-2 | EXT:svelte
5b21a67c9f63e110084ccb39b792ccdc3fe9d1e9	HEAD@{2026-09-17 17:55:59 +0100}	commit: 1 file(s) in spike/src/App.svelte DELTA:+3/-2 | EXT:svelte
c135756801539eb35a1c9b91779a763abc5bc98d	gitlab/main@{2026-09-17 17:49:18 +0100}	update by push
c135756801539eb35a1c9b91779a763abc5bc98d	origin/main@{2026-09-17 17:49:16 +0100}	update by push
c135756801539eb35a1c9b91779a763abc5bc98d	main@{2026-09-17 17:49:13 +0100}	commit: 1 file(s) in design/phase-1/Q6-EVIDENCE.md DELTA:+41/-11 | EXT:md DOCSONLY:phase-1/Q6-EVIDENCE.md
c135756801539eb35a1c9b91779a763abc5bc98d	HEAD@{2026-09-17 17:49:13 +0100}	commit: 1 file(s) in design/phase-1/Q6-EVIDENCE.md DELTA:+41/-11 | EXT:md DOCSONLY:phase-1/Q6-EVIDENCE.md
73a9a5cf1c056dfa9edd532d3913d453cb8e810e	gitlab/main@{2026-09-17 17:46:37 +0100}	update by push
73a9a5cf1c056dfa9edd532d3913d453cb8e810e	origin/main@{2026-09-17 17:46:35 +0100}	update by push
73a9a5cf1c056dfa9edd532d3913d453cb8e810e	main@{2026-09-17 17:46:32 +0100}	commit: 3 file(s) in spike,src,tests [src/client/q6-fixture.ts, tests/browser/q6-smoke.ts, spike/src/App.svelte] DELTA:+19/-6 | EXT:ts,svelte
73a9a5cf1c056dfa9edd532d3913d453cb8e810e	HEAD@{2026-09-17 17:46:32 +0100}	commit: 3 file(s) in spike,src,tests [src/client/q6-fixture.ts, tests/browser/q6-smoke.ts, spike/src/App.svelte] DELTA:+19/-6 | EXT:ts,svelte
5766f13e155105a01b5be6b978362916d9a07cfc	gitlab/main@{2026-09-17 17:46:18 +0100}	update by push
5766f13e155105a01b5be6b978362916d9a07cfc	origin/main@{2026-09-17 17:46:16 +0100}	update by push
5766f13e155105a01b5be6b978362916d9a07cfc	main@{2026-09-17 17:46:13 +0100}	commit: 1 file(s) in src/sim/rotated-box.ts DELTA:+12/-0 | EXT:ts
5766f13e155105a01b5be6b978362916d9a07cfc	HEAD@{2026-09-17 17:46:13 +0100}	commit: 1 file(s) in src/sim/rotated-box.ts DELTA:+12/-0 | EXT:ts
e064b25c9b00ac1ca9b65235f468a63a65f71294	gitlab/main@{2026-09-17 17:45:58 +0100}	update by push
e064b25c9b00ac1ca9b65235f468a63a65f71294	origin/main@{2026-09-17 17:45:56 +0100}	update by push
e064b25c9b00ac1ca9b65235f468a63a65f71294	main@{2026-09-17 17:45:52 +0100}	commit: 1 file(s) in tests/unit/rotated-box.test.ts DELTA:+16/-13 | EXT:ts TEST:29 TESTONLY:unit/rotated-box.test.ts
e064b25c9b00ac1ca9b65235f468a63a65f71294	HEAD@{2026-09-17 17:45:52 +0100}	commit: 1 file(s) in tests/unit/rotated-box.test.ts DELTA:+16/-13 | EXT:ts TEST:29 TESTONLY:unit/rotated-box.test.ts
92b9175060a02b2efb2959e55a658202a97402ee	gitlab/main@{2026-09-17 17:45:02 +0100}	update by push
92b9175060a02b2efb2959e55a658202a97402ee	origin/main@{2026-09-17 17:45:00 +0100}	update by push
92b9175060a02b2efb2959e55a658202a97402ee	main@{2026-09-17 17:44:57 +0100}	commit: 1 file(s) in spike/src/App.svelte DELTA:+11/-5 | EXT:svelte
92b9175060a02b2efb2959e55a658202a97402ee	HEAD@{2026-09-17 17:44:57 +0100}	commit: 1 file(s) in spike/src/App.svelte DELTA:+11/-5 | EXT:svelte
34ef7ee9ff5cf6cfc9399a88f823cc06f1e4ff28	gitlab/main@{2026-09-17 17:44:39 +0100}	update by push
34ef7ee9ff5cf6cfc9399a88f823cc06f1e4ff28	origin/main@{2026-09-17 17:44:37 +0100}	update by push
34ef7ee9ff5cf6cfc9399a88f823cc06f1e4ff28	main@{2026-09-17 17:44:34 +0100}	commit: 1 file(s) in tests/browser/q6-smoke.ts DELTA:+35/-1 | EXT:ts
34ef7ee9ff5cf6cfc9399a88f823cc06f1e4ff28	HEAD@{2026-09-17 17:44:34 +0100}	commit: 1 file(s) in tests/browser/q6-smoke.ts DELTA:+35/-1 | EXT:ts
a7faf777889c0efd40282269384d2083c391d13b	gitlab/main@{2026-09-17 17:32:23 +0100}	update by push
a7faf777889c0efd40282269384d2083c391d13b	origin/main@{2026-09-17 17:32:20 +0100}	update by push
a7faf777889c0efd40282269384d2083c391d13b	main@{2026-09-17 17:32:17 +0100}	commit: 1 file(s) in design/phase-1/Q6-EVIDENCE.md DELTA:+1/-4 | EXT:md DOCSONLY:phase-1/Q6-EVIDENCE.md
a7faf777889c0efd40282269384d2083c391d13b	HEAD@{2026-09-17 17:32:17 +0100}	commit: 1 file(s) in design/phase-1/Q6-EVIDENCE.md DELTA:+1/-4 | EXT:md DOCSONLY:phase-1/Q6-EVIDENCE.md
bca979630104eb9c2b89c0cc011c022846bb2043	gitlab/main@{2026-09-17 17:32:04 +0100}	update by push
bca979630104eb9c2b89c0cc011c022846bb2043	origin/main@{2026-09-17 17:31:58 +0100}	update by push
bca979630104eb9c2b89c0cc011c022846bb2043	main@{2026-09-17 17:31:55 +0100}	commit: 1 file(s) in design/phase-1/Q6-EVIDENCE.md DELTA:+8/-4 | EXT:md DOCSONLY:phase-1/Q6-EVIDENCE.md
bca979630104eb9c2b89c0cc011c022846bb2043	HEAD@{2026-09-17 17:31:55 +0100}	commit: 1 file(s) in design/phase-1/Q6-EVIDENCE.md DELTA:+8/-4 | EXT:md DOCSONLY:phase-1/Q6-EVIDENCE.md
264d58591cbd514aca4724b22c998c27154bbc9b	gitlab/main@{2026-09-17 17:28:11 +0100}	update by push
264d58591cbd514aca4724b22c998c27154bbc9b	origin/main@{2026-09-17 17:28:09 +0100}	update by push
264d58591cbd514aca4724b22c998c27154bbc9b	main@{2026-09-17 17:28:06 +0100}	commit: CLOSED: Q6 | 2 file(s) in design [design/phase-1/Q6-EVIDENCE.md, design/ROADMAP.md] DELTA:+5/-2 | EXT:md DOCSONLY:phase-1/Q6-EVIDENCE.md,design/ROADMAP.md
264d58591cbd514aca4724b22c998c27154bbc9b	HEAD@{2026-09-17 17:28:06 +0100}	commit: CLOSED: Q6 | 2 file(s) in design [design/phase-1/Q6-EVIDENCE.md, design/ROADMAP.md] DELTA:+5/-2 | EXT:md DOCSONLY:phase-1/Q6-EVIDENCE.md,design/ROADMAP.md
2ff1b3676d7014c5769994410c42c0cacd3dd433	gitlab/main@{2026-09-17 17:27:48 +0100}	update by push
2ff1b3676d7014c5769994410c42c0cacd3dd433	origin/main@{2026-09-17 17:27:46 +0100}	update by push
2ff1b3676d7014c5769994410c42c0cacd3dd433	main@{2026-09-17 17:27:42 +0100}	commit: 1 file(s) in design/phase-1/Q6-EVIDENCE.md DELTA:+13/-10 | EXT:md DOCSONLY:phase-1/Q6-EVIDENCE.md
2ff1b3676d7014c5769994410c42c0cacd3dd433	HEAD@{2026-09-17 17:27:42 +0100}	commit: 1 file(s) in design/phase-1/Q6-EVIDENCE.md DELTA:+13/-10 | EXT:md DOCSONLY:phase-1/Q6-EVIDENCE.md
90f8a40492228128ddeadd657fb11e689f929461	gitlab/main@{2026-09-17 17:03:42 +0100}	update by push
90f8a40492228128ddeadd657fb11e689f929461	origin/main@{2026-09-17 17:03:40 +0100}	update by push
90f8a40492228128ddeadd657fb11e689f929461	main@{2026-09-17 17:03:37 +0100}	commit: 1 file(s) in tests/browser/q6-smoke.ts DELTA:+3/-1 | EXT:ts
90f8a40492228128ddeadd657fb11e689f929461	HEAD@{2026-09-17 17:03:37 +0100}	commit: 1 file(s) in tests/browser/q6-smoke.ts DELTA:+3/-1 | EXT:ts
de7f39d8dd41404f65fa307680844d71003ac837	gitlab/main@{2026-09-17 17:03:21 +0100}	update by push
de7f39d8dd41404f65fa307680844d71003ac837	origin/main@{2026-09-17 17:03:19 +0100}	update by push
de7f39d8dd41404f65fa307680844d71003ac837	main@{2026-09-17 17:03:16 +0100}	commit: 1 file(s) in tests/browser/q6-smoke.ts DELTA:+3/-2 | EXT:ts
de7f39d8dd41404f65fa307680844d71003ac837	HEAD@{2026-09-17 17:03:16 +0100}	commit: 1 file(s) in tests/browser/q6-smoke.ts DELTA:+3/-2 | EXT:ts
cdf7aee4cbfa101de10509299165bc4e9fd93f75	gitlab/main@{2026-09-17 17:02:44 +0100}	update by push
cdf7aee4cbfa101de10509299165bc4e9fd93f75	origin/main@{2026-09-17 17:02:42 +0100}	update by push
cdf7aee4cbfa101de10509299165bc4e9fd93f75	main@{2026-09-17 17:02:39 +0100}	commit: 1 file(s) in tests/browser/q6-smoke.ts DELTA:+4/-5 | EXT:ts
cdf7aee4cbfa101de10509299165bc4e9fd93f75	HEAD@{2026-09-17 17:02:39 +0100}	commit: 1 file(s) in tests/browser/q6-smoke.ts DELTA:+4/-5 | EXT:ts
0ccbaf2227b7898d8d0965c8950ee0361eb9626c	gitlab/main@{2026-09-17 16:44:48 +0100}	update by push
0ccbaf2227b7898d8d0965c8950ee0361eb9626c	origin/main@{2026-09-17 16:44:45 +0100}	update by push
0ccbaf2227b7898d8d0965c8950ee0361eb9626c	main@{2026-09-17 16:44:42 +0100}	commit: 6 file(s) in design,tests [design/phase-1/Q6-EVIDENCE.md, tests/unit/rotated-box.test.ts, tests/browser/q6-smoke.ts] DELTA:+58/-12 | EXT:ts,json,md TEST:17
0ccbaf2227b7898d8d0965c8950ee0361eb9626c	HEAD@{2026-09-17 16:44:42 +0100}	commit: 6 file(s) in design,tests [design/phase-1/Q6-EVIDENCE.md, tests/unit/rotated-box.test.ts, tests/browser/q6-smoke.ts] DELTA:+58/-12 | EXT:ts,json,md TEST:17
dede37dfc5073aaf6d3b5701069d6a7f56474d4a	HEAD@{2026-09-17 16:43:04 +0100}	reset: moving to HEAD
dede37dfc5073aaf6d3b5701069d6a7f56474d4a	gitlab/main@{2026-09-17 16:37:13 +0100}	update by push
dede37dfc5073aaf6d3b5701069d6a7f56474d4a	origin/main@{2026-09-17 16:37:10 +0100}	update by push
dede37dfc5073aaf6d3b5701069d6a7f56474d4a	main@{2026-09-17 16:37:07 +0100}	commit: 1 file(s) in tests/browser/q6-smoke.ts DELTA:+1/-1 | EXT:ts
dede37dfc5073aaf6d3b5701069d6a7f56474d4a	HEAD@{2026-09-17 16:37:07 +0100}	commit: 1 file(s) in tests/browser/q6-smoke.ts DELTA:+1/-1 | EXT:ts
a2fd533fee4b2eb33257caf207562fddab186ff6	gitlab/main@{2026-09-17 16:35:04 +0100}	update by push
a2fd533fee4b2eb33257caf207562fddab186ff6	origin/main@{2026-09-17 16:35:02 +0100}	update by push
a2fd533fee4b2eb33257caf207562fddab186ff6	main@{2026-09-17 16:34:59 +0100}	commit: 1 file(s) in tests/browser/q6-smoke.ts DELTA:+5/-0 | EXT:ts
a2fd533fee4b2eb33257caf207562fddab186ff6	HEAD@{2026-09-17 16:34:59 +0100}	commit: 1 file(s) in tests/browser/q6-smoke.ts DELTA:+5/-0 | EXT:ts
009bfc906ec54d3ecc87b37dea9a29ed20b71f5a	gitlab/main@{2026-09-17 16:32:10 +0100}	update by push
009bfc906ec54d3ecc87b37dea9a29ed20b71f5a	origin/main@{2026-09-17 16:32:08 +0100}	update by push
009bfc906ec54d3ecc87b37dea9a29ed20b71f5a	main@{2026-09-17 16:32:04 +0100}	commit: 1 file(s) in tests/browser/q6-smoke.ts DELTA:+2/-2 | EXT:ts
009bfc906ec54d3ecc87b37dea9a29ed20b71f5a	HEAD@{2026-09-17 16:32:04 +0100}	commit: 1 file(s) in tests/browser/q6-smoke.ts DELTA:+2/-2 | EXT:ts
7166ab0b70be0a0c68ab5506b5e679b1f19f15ae	gitlab/main@{2026-09-17 16:31:40 +0100}	update by push
7166ab0b70be0a0c68ab5506b5e679b1f19f15ae	origin/main@{2026-09-17 16:31:37 +0100}	update by push
7166ab0b70be0a0c68ab5506b5e679b1f19f15ae	main@{2026-09-17 16:31:34 +0100}	commit: 1 file(s) in tests/browser/q6-smoke.ts DELTA:+1/-1 | EXT:ts
7166ab0b70be0a0c68ab5506b5e679b1f19f15ae	HEAD@{2026-09-17 16:31:34 +0100}	commit: 1 file(s) in tests/browser/q6-smoke.ts DELTA:+1/-1 | EXT:ts
8d6fc712a523c9d4c05499b413f2bf0c6e47a911	gitlab/main@{2026-09-17 16:30:38 +0100}	update by push
8d6fc712a523c9d4c05499b413f2bf0c6e47a911	origin/main@{2026-09-17 16:30:36 +0100}	update by push
8d6fc712a523c9d4c05499b413f2bf0c6e47a911	main@{2026-09-17 16:30:33 +0100}	commit: 1 file(s) in tests/browser/q6-smoke.ts DELTA:+1/-1 | EXT:ts
8d6fc712a523c9d4c05499b413f2bf0c6e47a911	HEAD@{2026-09-17 16:30:33 +0100}	commit: 1 file(s) in tests/browser/q6-smoke.ts DELTA:+1/-1 | EXT:ts
4b619b056d79e3a6aa1c8ec25d56cae16335c4fe	gitlab/main@{2026-09-17 16:30:16 +0100}	update by push
4b619b056d79e3a6aa1c8ec25d56cae16335c4fe	origin/main@{2026-09-17 16:30:14 +0100}	update by push
4b619b056d79e3a6aa1c8ec25d56cae16335c4fe	main@{2026-09-17 16:30:11 +0100}	commit: 1 file(s) in tests/browser/q6-smoke.ts DELTA:+13/-1 | EXT:ts
4b619b056d79e3a6aa1c8ec25d56cae16335c4fe	HEAD@{2026-09-17 16:30:11 +0100}	commit: 1 file(s) in tests/browser/q6-smoke.ts DELTA:+13/-1 | EXT:ts
3b2c4df5ed52b55eca421791b76abc222b0398f5	gitlab/main@{2026-09-17 16:29:13 +0100}	update by push
3b2c4df5ed52b55eca421791b76abc222b0398f5	origin/main@{2026-09-17 16:29:11 +0100}	update by push
3b2c4df5ed52b55eca421791b76abc222b0398f5	main@{2026-09-17 16:29:08 +0100}	commit: 1 file(s) in tests/browser/q6-smoke.ts DELTA:+13/-3 | EXT:ts
3b2c4df5ed52b55eca421791b76abc222b0398f5	HEAD@{2026-09-17 16:29:08 +0100}	commit: 1 file(s) in tests/browser/q6-smoke.ts DELTA:+13/-3 | EXT:ts
a4a25069b3f96df93620d8cf4076a0f866ed6a0e	gitlab/main@{2026-09-17 16:26:07 +0100}	update by push
a4a25069b3f96df93620d8cf4076a0f866ed6a0e	origin/main@{2026-09-17 16:26:04 +0100}	update by push
a4a25069b3f96df93620d8cf4076a0f866ed6a0e	main@{2026-09-17 16:26:01 +0100}	commit: 1 file(s) in tests/browser/q6-smoke.ts DELTA:+73/-0 | EXT:ts
a4a25069b3f96df93620d8cf4076a0f866ed6a0e	HEAD@{2026-09-17 16:26:01 +0100}	commit: 1 file(s) in tests/browser/q6-smoke.ts DELTA:+73/-0 | EXT:ts
87b28c71b8f1a27598bfa3f48a780f3f381603fe	gitlab/main@{2026-09-17 16:25:53 +0100}	update by push
87b28c71b8f1a27598bfa3f48a780f3f381603fe	origin/main@{2026-09-17 16:25:50 +0100}	update by push
87b28c71b8f1a27598bfa3f48a780f3f381603fe	main@{2026-09-17 16:25:47 +0100}	commit: 1 file(s) in tests/browser/q6-smoke.ts DELTA:+1/-1 | EXT:ts
87b28c71b8f1a27598bfa3f48a780f3f381603fe	HEAD@{2026-09-17 16:25:47 +0100}	commit: 1 file(s) in tests/browser/q6-smoke.ts DELTA:+1/-1 | EXT:ts
3b0117bee640e866644c9653b2be7d14ec78cb0b	gitlab/main@{2026-09-17 16:25:40 +0100}	update by push
3b0117bee640e866644c9653b2be7d14ec78cb0b	origin/main@{2026-09-17 16:25:38 +0100}	update by push
3b0117bee640e866644c9653b2be7d14ec78cb0b	main@{2026-09-17 16:25:35 +0100}	commit: 1 file(s) in tests/browser/q6-smoke.ts DELTA:+28/-0 | EXT:ts
3b0117bee640e866644c9653b2be7d14ec78cb0b	HEAD@{2026-09-17 16:25:35 +0100}	commit: 1 file(s) in tests/browser/q6-smoke.ts DELTA:+28/-0 | EXT:ts
97a5245112cd424d78efca34c137107bf4bb3e90	gitlab/main@{2026-09-17 16:25:28 +0100}	update by push
97a5245112cd424d78efca34c137107bf4bb3e90	origin/main@{2026-09-17 16:25:26 +0100}	update by push
97a5245112cd424d78efca34c137107bf4bb3e90	main@{2026-09-17 16:25:22 +0100}	commit: 1 file(s) in tests/browser/q6-smoke.ts DELTA:+41/-4 | EXT:ts
97a5245112cd424d78efca34c137107bf4bb3e90	HEAD@{2026-09-17 16:25:22 +0100}	commit: 1 file(s) in tests/browser/q6-smoke.ts DELTA:+41/-4 | EXT:ts
84e429f684214c9b9c739619386590bbbe25a118	gitlab/main@{2026-09-17 16:25:09 +0100}	update by push
84e429f684214c9b9c739619386590bbbe25a118	origin/main@{2026-09-17 16:25:06 +0100}	update by push
84e429f684214c9b9c739619386590bbbe25a118	main@{2026-09-17 16:25:03 +0100}	commit: 1 file(s) in tests/browser/q6-smoke.ts DELTA:+48/-0 | EXT:ts NEW:browser/q6-smoke.ts
84e429f684214c9b9c739619386590bbbe25a118	HEAD@{2026-09-17 16:25:03 +0100}	commit: 1 file(s) in tests/browser/q6-smoke.ts DELTA:+48/-0 | EXT:ts NEW:browser/q6-smoke.ts
65cf96b793ecf32b9a4999d9f8f1c30a8bda27ce	gitlab/main@{2026-09-17 16:18:07 +0100}	update by push
65cf96b793ecf32b9a4999d9f8f1c30a8bda27ce	origin/main@{2026-09-17 16:18:05 +0100}	update by push
65cf96b793ecf32b9a4999d9f8f1c30a8bda27ce	main@{2026-09-17 16:18:02 +0100}	commit: 1 file(s) in design/phase-1/Q6-EVIDENCE.md DELTA:+6/-3 | EXT:md DOCSONLY:phase-1/Q6-EVIDENCE.md
65cf96b793ecf32b9a4999d9f8f1c30a8bda27ce	HEAD@{2026-09-17 16:18:02 +0100}	commit: 1 file(s) in design/phase-1/Q6-EVIDENCE.md DELTA:+6/-3 | EXT:md DOCSONLY:phase-1/Q6-EVIDENCE.md
e9d99d6038fe5981eeb238c58878a2f1e5e80157	gitlab/main@{2026-09-17 16:17:18 +0100}	update by push
e9d99d6038fe5981eeb238c58878a2f1e5e80157	origin/main@{2026-09-17 16:17:15 +0100}	update by push
e9d99d6038fe5981eeb238c58878a2f1e5e80157	main@{2026-09-17 16:17:12 +0100}	commit: 1 file(s) in tests/unit/input-gate.test.ts DELTA:+31/-0 | EXT:ts TEST:31 NEW:unit/input-gate.test.ts TESTONLY:unit/input-gate.test.ts
e9d99d6038fe5981eeb238c58878a2f1e5e80157	HEAD@{2026-09-17 16:17:12 +0100}	commit: 1 file(s) in tests/unit/input-gate.test.ts DELTA:+31/-0 | EXT:ts TEST:31 NEW:unit/input-gate.test.ts TESTONLY:unit/input-gate.test.ts
c310d78b1c084d2cb9aa5ea45e3603b87038e934	gitlab/main@{2026-09-17 16:16:54 +0100}	update by push
c310d78b1c084d2cb9aa5ea45e3603b87038e934	origin/main@{2026-09-17 16:16:52 +0100}	update by push
c310d78b1c084d2cb9aa5ea45e3603b87038e934	main@{2026-09-17 16:16:49 +0100}	commit: 1 file(s) in spike/src/App.svelte DELTA:+5/-5 | EXT:svelte
c310d78b1c084d2cb9aa5ea45e3603b87038e934	HEAD@{2026-09-17 16:16:49 +0100}	commit: 1 file(s) in spike/src/App.svelte DELTA:+5/-5 | EXT:svelte
9014717c3b81b68f327082f8ac0088ecc1fd0e3d	gitlab/main@{2026-09-17 16:16:33 +0100}	update by push
9014717c3b81b68f327082f8ac0088ecc1fd0e3d	origin/main@{2026-09-17 16:16:31 +0100}	update by push
9014717c3b81b68f327082f8ac0088ecc1fd0e3d	main@{2026-09-17 16:16:28 +0100}	commit: 2 file(s) in design,src [src/client/input-gate.ts, design/phase-1/FOUNDATION-CONTRACT.md] DELTA:+23/-1 | EXT:md,ts NEW:client/input-gate.ts
9014717c3b81b68f327082f8ac0088ecc1fd0e3d	HEAD@{2026-09-17 16:16:28 +0100}	commit: 2 file(s) in design,src [src/client/input-gate.ts, design/phase-1/FOUNDATION-CONTRACT.md] DELTA:+23/-1 | EXT:md,ts NEW:client/input-gate.ts
c0a67eebb348a692436285e3837c3e9b6b4588eb	gitlab/main@{2026-09-17 16:15:57 +0100}	update by push
c0a67eebb348a692436285e3837c3e9b6b4588eb	origin/main@{2026-09-17 16:15:54 +0100}	update by push
c0a67eebb348a692436285e3837c3e9b6b4588eb	main@{2026-09-17 16:15:51 +0100}	commit: 2 file(s) in design/phase-1 [design/phase-1/Q6-EVIDENCE.md, design/phase-1/FOUNDATION-CONTRACT.md] DELTA:+133/-0 | EXT:md NEW:phase-1/Q6-EVIDENCE.md DOCSONLY:phase-1/Q6-EVIDENCE.md,phase-1/FOUNDATION-CONTRACT.md
c0a67eebb348a692436285e3837c3e9b6b4588eb	HEAD@{2026-09-17 16:15:51 +0100}	commit: 2 file(s) in design/phase-1 [design/phase-1/Q6-EVIDENCE.md, design/phase-1/FOUNDATION-CONTRACT.md] DELTA:+133/-0 | EXT:md NEW:phase-1/Q6-EVIDENCE.md DOCSONLY:phase-1/Q6-EVIDENCE.md,phase-1/FOUNDATION-CONTRACT.md
8096e90f24c74e675491d29719ad2b1a9528bcbb	gitlab/main@{2026-09-17 16:09:41 +0100}	update by push
8096e90f24c74e675491d29719ad2b1a9528bcbb	origin/main@{2026-09-17 16:09:36 +0100}	update by push
8096e90f24c74e675491d29719ad2b1a9528bcbb	main@{2026-09-17 16:09:31 +0100}	commit: 1 file(s) in src/client/listener-capture.ts DELTA:+2/-2 | EXT:ts
8096e90f24c74e675491d29719ad2b1a9528bcbb	HEAD@{2026-09-17 16:09:31 +0100}	commit: 1 file(s) in src/client/listener-capture.ts DELTA:+2/-2 | EXT:ts
ae31c9aac534c53e840b9499169eab7cbcbab524	gitlab/main@{2026-09-17 16:08:58 +0100}	update by push
ae31c9aac534c53e840b9499169eab7cbcbab524	origin/main@{2026-09-17 16:08:56 +0100}	update by push
ae31c9aac534c53e840b9499169eab7cbcbab524	main@{2026-09-17 16:08:52 +0100}	commit: 1 file(s) in tests/unit/listener-capture.test.ts DELTA:+1/-1 | EXT:ts TEST:2 TESTONLY:unit/listener-capture.test.ts
ae31c9aac534c53e840b9499169eab7cbcbab524	HEAD@{2026-09-17 16:08:52 +0100}	commit: 1 file(s) in tests/unit/listener-capture.test.ts DELTA:+1/-1 | EXT:ts TEST:2 TESTONLY:unit/listener-capture.test.ts
87b74818499b9e6b0720d476e6e2c19f307d4b9b	gitlab/main@{2026-09-17 16:08:41 +0100}	update by push
87b74818499b9e6b0720d476e6e2c19f307d4b9b	origin/main@{2026-09-17 16:08:38 +0100}	update by push
87b74818499b9e6b0720d476e6e2c19f307d4b9b	main@{2026-09-17 16:08:35 +0100}	commit: 1 file(s) in tests/unit/listener-capture.test.ts DELTA:+89/-0 | EXT:ts TEST:89 NEW:unit/listener-capture.test.ts TESTONLY:unit/listener-capture.test.ts
87b74818499b9e6b0720d476e6e2c19f307d4b9b	HEAD@{2026-09-17 16:08:35 +0100}	commit: 1 file(s) in tests/unit/listener-capture.test.ts DELTA:+89/-0 | EXT:ts TEST:89 NEW:unit/listener-capture.test.ts TESTONLY:unit/listener-capture.test.ts
a3782b3ea7aa949175d2797dda4c9ac8de41faba	gitlab/main@{2026-09-17 16:07:42 +0100}	update by push
a3782b3ea7aa949175d2797dda4c9ac8de41faba	origin/main@{2026-09-17 16:07:40 +0100}	update by push
a3782b3ea7aa949175d2797dda4c9ac8de41faba	main@{2026-09-17 16:07:36 +0100}	commit: 1 file(s) in spike/src/App.svelte DELTA:+8/-26 | EXT:svelte
a3782b3ea7aa949175d2797dda4c9ac8de41faba	HEAD@{2026-09-17 16:07:36 +0100}	commit: 1 file(s) in spike/src/App.svelte DELTA:+8/-26 | EXT:svelte
6cac39f16b49eeb0b6863c788f13fc380e53ff0b	gitlab/main@{2026-09-17 16:07:15 +0100}	update by push
6cac39f16b49eeb0b6863c788f13fc380e53ff0b	origin/main@{2026-09-17 16:07:13 +0100}	update by push
6cac39f16b49eeb0b6863c788f13fc380e53ff0b	main@{2026-09-17 16:07:09 +0100}	commit: 1 file(s) in src/client/listener-capture.ts DELTA:+56/-0 | EXT:ts NEW:client/listener-capture.ts
6cac39f16b49eeb0b6863c788f13fc380e53ff0b	HEAD@{2026-09-17 16:07:09 +0100}	commit: 1 file(s) in src/client/listener-capture.ts DELTA:+56/-0 | EXT:ts NEW:client/listener-capture.ts
48ccfd5629c2f7baac68bf97c2c01814c8fde541	gitlab/main@{2026-09-17 16:02:49 +0100}	update by push
48ccfd5629c2f7baac68bf97c2c01814c8fde541	origin/main@{2026-09-17 16:02:47 +0100}	update by push
48ccfd5629c2f7baac68bf97c2c01814c8fde541	main@{2026-09-17 16:02:43 +0100}	commit: 1 file(s) in src/client/q6-renderer.ts DELTA:+5/-2 | EXT:ts
48ccfd5629c2f7baac68bf97c2c01814c8fde541	HEAD@{2026-09-17 16:02:43 +0100}	commit: 1 file(s) in src/client/q6-renderer.ts DELTA:+5/-2 | EXT:ts
e4bc5feca4a543a9f5988a1ba6e8a5007d64e189	gitlab/main@{2026-09-17 16:00:22 +0100}	update by push
e4bc5feca4a543a9f5988a1ba6e8a5007d64e189	origin/main@{2026-09-17 16:00:20 +0100}	update by push
e4bc5feca4a543a9f5988a1ba6e8a5007d64e189	main@{2026-09-17 16:00:15 +0100}	commit: 1 file(s) in spike/src/App.svelte DELTA:+1/-1 | EXT:svelte
e4bc5feca4a543a9f5988a1ba6e8a5007d64e189	HEAD@{2026-09-17 16:00:15 +0100}	commit: 1 file(s) in spike/src/App.svelte DELTA:+1/-1 | EXT:svelte
7f48330d83799415a8ea9e9f662b2cceecbc72f4	gitlab/main@{2026-09-17 16:00:07 +0100}	update by push
7f48330d83799415a8ea9e9f662b2cceecbc72f4	origin/main@{2026-09-17 16:00:04 +0100}	update by push
7f48330d83799415a8ea9e9f662b2cceecbc72f4	main@{2026-09-17 16:00:01 +0100}	commit: 1 file(s) in tests/unit/rotated-box.test.ts DELTA:+2/-1 | EXT:ts TEST:3 TESTONLY:unit/rotated-box.test.ts
7f48330d83799415a8ea9e9f662b2cceecbc72f4	HEAD@{2026-09-17 16:00:01 +0100}	commit: 1 file(s) in tests/unit/rotated-box.test.ts DELTA:+2/-1 | EXT:ts TEST:3 TESTONLY:unit/rotated-box.test.ts
4cda1e6349a0b3c4de45405c6c49574793c76e3c	gitlab/main@{2026-09-17 15:58:22 +0100}	update by push
4cda1e6349a0b3c4de45405c6c49574793c76e3c	origin/main@{2026-09-17 15:58:20 +0100}	update by push
4cda1e6349a0b3c4de45405c6c49574793c76e3c	main@{2026-09-17 15:58:16 +0100}	commit: 1 file(s) in tests/unit/rotated-box.test.ts DELTA:+7/-0 | EXT:ts TEST:7 TESTONLY:unit/rotated-box.test.ts
4cda1e6349a0b3c4de45405c6c49574793c76e3c	HEAD@{2026-09-17 15:58:16 +0100}	commit: 1 file(s) in tests/unit/rotated-box.test.ts DELTA:+7/-0 | EXT:ts TEST:7 TESTONLY:unit/rotated-box.test.ts
d8fbbb3e3c135518cb76cc88b392fca465ed197e	gitlab/main@{2026-09-17 15:57:53 +0100}	update by push
d8fbbb3e3c135518cb76cc88b392fca465ed197e	origin/main@{2026-09-17 15:57:51 +0100}	update by push
d8fbbb3e3c135518cb76cc88b392fca465ed197e	main@{2026-09-17 15:57:48 +0100}	commit: 1 file(s) in src/client/q6-fixture.ts DELTA:+4/-1 | EXT:ts
d8fbbb3e3c135518cb76cc88b392fca465ed197e	HEAD@{2026-09-17 15:57:48 +0100}	commit: 1 file(s) in src/client/q6-fixture.ts DELTA:+4/-1 | EXT:ts
df37a3a2eaa0df1576bc77120edcbf20887c4759	gitlab/main@{2026-09-17 15:57:39 +0100}	update by push
df37a3a2eaa0df1576bc77120edcbf20887c4759	origin/main@{2026-09-17 15:57:37 +0100}	update by push
df37a3a2eaa0df1576bc77120edcbf20887c4759	main@{2026-09-17 15:57:34 +0100}	commit: 1 file(s) in spike/src/App.svelte DELTA:+21/-3 | EXT:svelte
df37a3a2eaa0df1576bc77120edcbf20887c4759	HEAD@{2026-09-17 15:57:34 +0100}	commit: 1 file(s) in spike/src/App.svelte DELTA:+21/-3 | EXT:svelte
c24cbfe8498093b700a77de20d3ae71c4fe2ddd1	gitlab/main@{2026-09-17 15:56:01 +0100}	update by push
c24cbfe8498093b700a77de20d3ae71c4fe2ddd1	origin/main@{2026-09-17 15:55:59 +0100}	update by push
c24cbfe8498093b700a77de20d3ae71c4fe2ddd1	main@{2026-09-17 15:55:56 +0100}	commit: 1 file(s) in spike/src/App.svelte DELTA:+20/-0 | EXT:svelte
c24cbfe8498093b700a77de20d3ae71c4fe2ddd1	HEAD@{2026-09-17 15:55:56 +0100}	commit: 1 file(s) in spike/src/App.svelte DELTA:+20/-0 | EXT:svelte
d38f267f5c96e2a6e608299fc85616fce64dbacc	gitlab/main@{2026-09-17 15:55:41 +0100}	update by push
d38f267f5c96e2a6e608299fc85616fce64dbacc	origin/main@{2026-09-17 15:55:39 +0100}	update by push
d38f267f5c96e2a6e608299fc85616fce64dbacc	main@{2026-09-17 15:55:35 +0100}	commit: 1 file(s) [vite.spike.config.ts] DELTA:+1/-21 | EXT:ts
d38f267f5c96e2a6e608299fc85616fce64dbacc	HEAD@{2026-09-17 15:55:35 +0100}	commit: 1 file(s) [vite.spike.config.ts] DELTA:+1/-21 | EXT:ts
3f36e504fe3f50233f0708f2874d284d68a2aec9	gitlab/main@{2026-09-17 15:54:42 +0100}	update by push
3f36e504fe3f50233f0708f2874d284d68a2aec9	origin/main@{2026-09-17 15:54:38 +0100}	update by push
3f36e504fe3f50233f0708f2874d284d68a2aec9	main@{2026-09-17 15:54:35 +0100}	commit: 1 file(s) in src/client/q6-renderer.ts DELTA:+11/-1 | EXT:ts
3f36e504fe3f50233f0708f2874d284d68a2aec9	HEAD@{2026-09-17 15:54:35 +0100}	commit: 1 file(s) in src/client/q6-renderer.ts DELTA:+11/-1 | EXT:ts
4a0b4a0606845353b4ab551afa9510e9847ef515	gitlab/main@{2026-09-17 15:54:19 +0100}	update by push
4a0b4a0606845353b4ab551afa9510e9847ef515	origin/main@{2026-09-17 15:54:16 +0100}	update by push
4a0b4a0606845353b4ab551afa9510e9847ef515	main@{2026-09-17 15:54:13 +0100}	commit: 1 file(s) in spike/src/App.svelte DELTA:+3/-3 | EXT:svelte
4a0b4a0606845353b4ab551afa9510e9847ef515	HEAD@{2026-09-17 15:54:13 +0100}	commit: 1 file(s) in spike/src/App.svelte DELTA:+3/-3 | EXT:svelte
22470647e478c2f2e1b43fa1b25e294e21422467	gitlab/main@{2026-09-17 15:53:58 +0100}	update by push
22470647e478c2f2e1b43fa1b25e294e21422467	origin/main@{2026-09-17 15:53:56 +0100}	update by push
22470647e478c2f2e1b43fa1b25e294e21422467	main@{2026-09-17 15:53:53 +0100}	commit: 1 file(s) [vite.spike.config.ts] DELTA:+2/-2 | EXT:ts
22470647e478c2f2e1b43fa1b25e294e21422467	HEAD@{2026-09-17 15:53:53 +0100}	commit: 1 file(s) [vite.spike.config.ts] DELTA:+2/-2 | EXT:ts
cce1c39e6227cdcca781eb99592b3c6dcc4fddbe	gitlab/main@{2026-09-17 15:51:38 +0100}	update by push
cce1c39e6227cdcca781eb99592b3c6dcc4fddbe	origin/main@{2026-09-17 15:51:36 +0100}	update by push
cce1c39e6227cdcca781eb99592b3c6dcc4fddbe	main@{2026-09-17 15:51:31 +0100}	commit: 1 file(s) in spike/src/App.svelte DELTA:+1/-0 | EXT:svelte
cce1c39e6227cdcca781eb99592b3c6dcc4fddbe	HEAD@{2026-09-17 15:51:31 +0100}	commit: 1 file(s) in spike/src/App.svelte DELTA:+1/-0 | EXT:svelte
5857f396b6f5c46a5a7f1d01c51447deb4be07aa	gitlab/main@{2026-09-17 15:51:12 +0100}	update by push
5857f396b6f5c46a5a7f1d01c51447deb4be07aa	origin/main@{2026-09-17 15:51:10 +0100}	update by push
5857f396b6f5c46a5a7f1d01c51447deb4be07aa	main@{2026-09-17 15:51:06 +0100}	commit: 1 file(s) [vite.spike.config.ts] DELTA:+22/-1 | EXT:ts
5857f396b6f5c46a5a7f1d01c51447deb4be07aa	HEAD@{2026-09-17 15:51:06 +0100}	commit: 1 file(s) [vite.spike.config.ts] DELTA:+22/-1 | EXT:ts
70ee97c176f1aecdb6a96856d8b39787166a1a5b	gitlab/main@{2026-09-17 15:35:30 +0100}	update by push
70ee97c176f1aecdb6a96856d8b39787166a1a5b	origin/main@{2026-09-17 15:35:27 +0100}	update by push
70ee97c176f1aecdb6a96856d8b39787166a1a5b	main@{2026-09-17 15:35:24 +0100}	commit: 1 file(s) in tests/architecture.test.ts DELTA:+2/-2 | EXT:ts TEST:4 TESTONLY:tests/architecture.test.ts
70ee97c176f1aecdb6a96856d8b39787166a1a5b	HEAD@{2026-09-17 15:35:24 +0100}	commit: 1 file(s) in tests/architecture.test.ts DELTA:+2/-2 | EXT:ts TEST:4 TESTONLY:tests/architecture.test.ts
271296100beb7f68a24e371195b4eb24140ca854	gitlab/main@{2026-09-17 15:35:05 +0100}	update by push
271296100beb7f68a24e371195b4eb24140ca854	origin/main@{2026-09-17 15:35:03 +0100}	update by push
271296100beb7f68a24e371195b4eb24140ca854	main@{2026-09-17 15:35:00 +0100}	commit: 1 file(s) in spike/src/App.svelte DELTA:+1/-1 | EXT:svelte
271296100beb7f68a24e371195b4eb24140ca854	HEAD@{2026-09-17 15:35:00 +0100}	commit: 1 file(s) in spike/src/App.svelte DELTA:+1/-1 | EXT:svelte
5d094da6d2300c9af0781ec4d77fdf7b438756be	gitlab/main@{2026-09-17 15:34:52 +0100}	update by push
5d094da6d2300c9af0781ec4d77fdf7b438756be	origin/main@{2026-09-17 15:34:50 +0100}	update by push
5d094da6d2300c9af0781ec4d77fdf7b438756be	main@{2026-09-17 15:34:47 +0100}	commit: 1 file(s) [vite.spike.config.ts] DELTA:+3/-1 | EXT:ts
5d094da6d2300c9af0781ec4d77fdf7b438756be	HEAD@{2026-09-17 15:34:47 +0100}	commit: 1 file(s) [vite.spike.config.ts] DELTA:+3/-1 | EXT:ts
faa330150781fd0541a9554ec543f983273c2878	gitlab/main@{2026-09-17 15:34:02 +0100}	update by push
faa330150781fd0541a9554ec543f983273c2878	origin/main@{2026-09-17 15:34:00 +0100}	update by push
faa330150781fd0541a9554ec543f983273c2878	main@{2026-09-17 15:33:56 +0100}	commit: 1 file(s) [tsconfig.json] DELTA:+1/-0 | EXT:json
faa330150781fd0541a9554ec543f983273c2878	HEAD@{2026-09-17 15:33:56 +0100}	commit: 1 file(s) [tsconfig.json] DELTA:+1/-0 | EXT:json
75bd525d72484ec7790f6c45af7bd77a85c86be6	gitlab/main@{2026-09-17 15:33:23 +0100}	update by push
75bd525d72484ec7790f6c45af7bd77a85c86be6	origin/main@{2026-09-17 15:33:20 +0100}	update by push
75bd525d72484ec7790f6c45af7bd77a85c86be6	main@{2026-09-17 15:33:17 +0100}	commit: 1 file(s) in src/client/q6-renderer.ts DELTA:+10/-1 | EXT:ts
75bd525d72484ec7790f6c45af7bd77a85c86be6	HEAD@{2026-09-17 15:33:17 +0100}	commit: 1 file(s) in src/client/q6-renderer.ts DELTA:+10/-1 | EXT:ts
4d751fc7f6757ba3ed4362337c0bd7d39c10d962	gitlab/main@{2026-09-17 15:24:44 +0100}	update by push
4d751fc7f6757ba3ed4362337c0bd7d39c10d962	origin/main@{2026-09-17 15:24:41 +0100}	update by push
4d751fc7f6757ba3ed4362337c0bd7d39c10d962	main@{2026-09-17 15:24:38 +0100}	commit: 1 file(s) in spike/src/App.svelte DELTA:+2/-2 | EXT:svelte
4d751fc7f6757ba3ed4362337c0bd7d39c10d962	HEAD@{2026-09-17 15:24:38 +0100}	commit: 1 file(s) in spike/src/App.svelte DELTA:+2/-2 | EXT:svelte
4cad4d8fbde16b3de7513fa82bcb289be1db939f	gitlab/main@{2026-09-17 15:23:53 +0100}	update by push
4cad4d8fbde16b3de7513fa82bcb289be1db939f	origin/main@{2026-09-17 15:23:51 +0100}	update by push
4cad4d8fbde16b3de7513fa82bcb289be1db939f	main@{2026-09-17 15:23:47 +0100}	commit: 1 file(s) in src/client/q6-renderer.ts DELTA:+1/-1 | EXT:ts
4cad4d8fbde16b3de7513fa82bcb289be1db939f	HEAD@{2026-09-17 15:23:47 +0100}	commit: 1 file(s) in src/client/q6-renderer.ts DELTA:+1/-1 | EXT:ts
86aa31ef0739ae3547d8f6fc535d310d378a255f	gitlab/main@{2026-09-17 15:23:37 +0100}	update by push
86aa31ef0739ae3547d8f6fc535d310d378a255f	origin/main@{2026-09-17 15:23:35 +0100}	update by push
86aa31ef0739ae3547d8f6fc535d310d378a255f	main@{2026-09-17 15:23:32 +0100}	commit: 1 file(s) [vite.spike.config.ts] DELTA:+2/-2 | EXT:ts
86aa31ef0739ae3547d8f6fc535d310d378a255f	HEAD@{2026-09-17 15:23:32 +0100}	commit: 1 file(s) [vite.spike.config.ts] DELTA:+2/-2 | EXT:ts
2a9822785bd1469e971175e8ea30c7eba5ef729f	gitlab/main@{2026-09-17 15:20:57 +0100}	update by push
2a9822785bd1469e971175e8ea30c7eba5ef729f	origin/main@{2026-09-17 15:20:55 +0100}	update by push
2a9822785bd1469e971175e8ea30c7eba5ef729f	main@{2026-09-17 15:20:51 +0100}	commit: 1 file(s) in spike/src/App.svelte DELTA:+50/-0 | EXT:svelte NEW:src/App.svelte
2a9822785bd1469e971175e8ea30c7eba5ef729f	HEAD@{2026-09-17 15:20:51 +0100}	commit: 1 file(s) in spike/src/App.svelte DELTA:+50/-0 | EXT:svelte NEW:src/App.svelte
fabb49129fbf64c16357fc3215e264d4a4ce8aee	gitlab/main@{2026-09-17 15:20:08 +0100}	update by push
fabb49129fbf64c16357fc3215e264d4a4ce8aee	origin/main@{2026-09-17 15:20:05 +0100}	update by push
fabb49129fbf64c16357fc3215e264d4a4ce8aee	main@{2026-09-17 15:20:01 +0100}	commit: 1 file(s) in src/client/q6-renderer.ts DELTA:+35/-0 | EXT:ts NEW:client/q6-renderer.ts
fabb49129fbf64c16357fc3215e264d4a4ce8aee	HEAD@{2026-09-17 15:20:01 +0100}	commit: 1 file(s) in src/client/q6-renderer.ts DELTA:+35/-0 | EXT:ts NEW:client/q6-renderer.ts
610815b3d3b3bb7e2953e5246ab38d37c55f13ff	gitlab/main@{2026-09-17 15:19:21 +0100}	update by push
610815b3d3b3bb7e2953e5246ab38d37c55f13ff	origin/main@{2026-09-17 15:19:18 +0100}	update by push
610815b3d3b3bb7e2953e5246ab38d37c55f13ff	main@{2026-09-17 15:19:13 +0100}	commit: 1 file(s) in src/client/q6-fixture.ts DELTA:+14/-0 | EXT:ts NEW:client/q6-fixture.ts
610815b3d3b3bb7e2953e5246ab38d37c55f13ff	HEAD@{2026-09-17 15:19:13 +0100}	commit: 1 file(s) in src/client/q6-fixture.ts DELTA:+14/-0 | EXT:ts NEW:client/q6-fixture.ts
047572eb6c4f8215e0d1467bd34a98207eb2ccd0	gitlab/main@{2026-09-17 15:18:37 +0100}	update by push
047572eb6c4f8215e0d1467bd34a98207eb2ccd0	origin/main@{2026-09-17 15:18:35 +0100}	update by push
047572eb6c4f8215e0d1467bd34a98207eb2ccd0	main@{2026-09-17 15:18:31 +0100}	commit: 2 file(s) in spike [spike/src/main.ts, spike/index.html] DELTA:+7/-0 | EXT:html,ts NEW:spike/index.html,src/main.ts
047572eb6c4f8215e0d1467bd34a98207eb2ccd0	HEAD@{2026-09-17 15:18:31 +0100}	commit: 2 file(s) in spike [spike/src/main.ts, spike/index.html] DELTA:+7/-0 | EXT:html,ts NEW:spike/index.html,src/main.ts
d3802b32b23a48795bedb6ee28a327e2c61cf32c	gitlab/main@{2026-09-17 15:18:16 +0100}	update by push
d3802b32b23a48795bedb6ee28a327e2c61cf32c	origin/main@{2026-09-17 15:18:14 +0100}	update by push
d3802b32b23a48795bedb6ee28a327e2c61cf32c	main@{2026-09-17 15:18:08 +0100}	commit: 1 file(s) [vite.spike.config.ts] DELTA:+24/-0 | EXT:ts NEW:vite.spike.config.ts
d3802b32b23a48795bedb6ee28a327e2c61cf32c	HEAD@{2026-09-17 15:18:08 +0100}	commit: 1 file(s) [vite.spike.config.ts] DELTA:+24/-0 | EXT:ts NEW:vite.spike.config.ts
0e434b6812ba3314156c6b61da014260d1024d78	gitlab/main@{2026-09-17 15:17:55 +0100}	update by push
0e434b6812ba3314156c6b61da014260d1024d78	origin/main@{2026-09-17 15:17:53 +0100}	update by push
0e434b6812ba3314156c6b61da014260d1024d78	main@{2026-09-17 15:17:47 +0100}	commit: 1 file(s) in tests/unit/rotated-box.test.ts DELTA:+30/-0 | EXT:ts TEST:30 NEW:unit/rotated-box.test.ts TESTONLY:unit/rotated-box.test.ts
0e434b6812ba3314156c6b61da014260d1024d78	HEAD@{2026-09-17 15:17:47 +0100}	commit: 1 file(s) in tests/unit/rotated-box.test.ts DELTA:+30/-0 | EXT:ts TEST:30 NEW:unit/rotated-box.test.ts TESTONLY:unit/rotated-box.test.ts
2188f41fc10044048dbce301e6ecf6abbeb96c5d	gitlab/main@{2026-09-17 15:17:31 +0100}	update by push
2188f41fc10044048dbce301e6ecf6abbeb96c5d	origin/main@{2026-09-17 15:17:29 +0100}	update by push
2188f41fc10044048dbce301e6ecf6abbeb96c5d	main@{2026-09-17 15:17:22 +0100}	commit: 2 file(s) in src [src/sim/rotated-box.ts, bun.lock] DELTA:+115/-0 | EXT:lock,ts NEW:sim/rotated-box.ts
2188f41fc10044048dbce301e6ecf6abbeb96c5d	HEAD@{2026-09-17 15:17:22 +0100}	commit: 2 file(s) in src [src/sim/rotated-box.ts, bun.lock] DELTA:+115/-0 | EXT:lock,ts NEW:sim/rotated-box.ts
d893bcc9225b4ca733bdd07285cba03053e4fd7a	gitlab/main@{2026-09-17 15:17:02 +0100}	update by push
d893bcc9225b4ca733bdd07285cba03053e4fd7a	origin/main@{2026-09-17 15:16:58 +0100}	update by push
d893bcc9225b4ca733bdd07285cba03053e4fd7a	main@{2026-09-17 15:16:53 +0100}	commit: 1 file(s) [package.json] DELTA:+6/-1 | EXT:json DEPS:+build,+dependencies,+@dracon/world-phaser,+phaser,-build
d893bcc9225b4ca733bdd07285cba03053e4fd7a	HEAD@{2026-09-17 15:16:53 +0100}	commit: 1 file(s) [package.json] DELTA:+6/-1 | EXT:json DEPS:+build,+dependencies,+@dracon/world-phaser,+phaser,-build
ece7e8a69316009009aca91c04ad4c3365226d64	gitlab/main@{2026-09-17 13:48:01 +0100}	update by push
ece7e8a69316009009aca91c04ad4c3365226d64	origin/main@{2026-09-17 13:47:58 +0100}	update by push
ece7e8a69316009009aca91c04ad4c3365226d64	main@{2026-09-17 13:47:56 +0100}	commit: q7: record mirror/gitlink closure at 763291b
ece7e8a69316009009aca91c04ad4c3365226d64	HEAD@{2026-09-17 13:47:56 +0100}	commit: q7: record mirror/gitlink closure at 763291b
763291b8fa04e4dccbd5a96f2f8e0bf7effdf57d	gitlab/main@{2026-09-17 13:47:34 +0100}	update by push
763291b8fa04e4dccbd5a96f2f8e0bf7effdf57d	origin/main@{2026-09-17 13:47:30 +0100}	update by push
763291b8fa04e4dccbd5a96f2f8e0bf7effdf57d	main@{2026-09-17 13:47:18 +0100}	commit: q7: round-2 review approved; assert max-map displacement at real 2**20 magnitude per coverage note
763291b8fa04e4dccbd5a96f2f8e0bf7effdf57d	HEAD@{2026-09-17 13:47:18 +0100}	commit: q7: round-2 review approved; assert max-map displacement at real 2**20 magnitude per coverage note
9b6db2db89b77ad288a984442d0d33c53ab805ff	main@{2026-09-17 13:36:08 +0100}	commit: q7: bounded actor movement reducer + T09/T10 replay fixtures; review repairs (sparse-array and coordinate-magnitude validation, spawn-case isolation)
9b6db2db89b77ad288a984442d0d33c53ab805ff	HEAD@{2026-09-17 13:36:08 +0100}	commit: q7: bounded actor movement reducer + T09/T10 replay fixtures; review repairs (sparse-array and coordinate-magnitude validation, spawn-case isolation)
6660aeacaffe6b78a36240bbde33691463920686	gitlab/main@{2026-09-17 13:03:01 +0100}	update by push
6660aeacaffe6b78a36240bbde33691463920686	origin/main@{2026-09-17 13:02:58 +0100}	update by push
6660aeacaffe6b78a36240bbde33691463920686	main@{2026-09-17 13:02:52 +0100}	commit: 1 file(s) in src/sim/sim.ts DELTA:+21/-38 | EXT:ts
6660aeacaffe6b78a36240bbde33691463920686	HEAD@{2026-09-17 13:02:52 +0100}	commit: 1 file(s) in src/sim/sim.ts DELTA:+21/-38 | EXT:ts
5379048e8bd64558ec7ab2cea78a6c1d6b9fbf52	gitlab/main@{2026-09-17 12:56:57 +0100}	update by push
5379048e8bd64558ec7ab2cea78a6c1d6b9fbf52	origin/main@{2026-09-17 12:56:55 +0100}	update by push
5379048e8bd64558ec7ab2cea78a6c1d6b9fbf52	main@{2026-09-17 12:56:49 +0100}	commit: 1 file(s) in src/sim/movement.ts DELTA:+129/-0 | EXT:ts NEW:sim/movement.ts
5379048e8bd64558ec7ab2cea78a6c1d6b9fbf52	HEAD@{2026-09-17 12:56:49 +0100}	commit: 1 file(s) in src/sim/movement.ts DELTA:+129/-0 | EXT:ts NEW:sim/movement.ts
3fbade0614ff2276c19f1a389ccb587abd97f021	gitlab/main@{2026-09-17 12:54:13 +0100}	update by push
3fbade0614ff2276c19f1a389ccb587abd97f021	origin/main@{2026-09-17 12:54:10 +0100}	update by push
3fbade0614ff2276c19f1a389ccb587abd97f021	main@{2026-09-17 12:54:04 +0100}	commit: 1 file(s) in tests/unit/movement.test.ts DELTA:+167/-1052 | EXT:ts TEST:1219 TESTONLY:unit/movement.test.ts
3fbade0614ff2276c19f1a389ccb587abd97f021	HEAD@{2026-09-17 12:54:04 +0100}	commit: 1 file(s) in tests/unit/movement.test.ts DELTA:+167/-1052 | EXT:ts TEST:1219 TESTONLY:unit/movement.test.ts
491ca160c2f62a746449eda67a79614787cc74d8	gitlab/main@{2026-09-17 12:50:02 +0100}	update by push
491ca160c2f62a746449eda67a79614787cc74d8	origin/main@{2026-09-17 12:49:57 +0100}	update by push
491ca160c2f62a746449eda67a79614787cc74d8	main@{2026-09-17 12:49:47 +0100}	commit: 1 file(s) in tests/unit/movement.test.ts DELTA:+1080/-0 | EXT:ts TEST:1080 NEW:unit/movement.test.ts TESTONLY:unit/movement.test.ts
491ca160c2f62a746449eda67a79614787cc74d8	HEAD@{2026-09-17 12:49:47 +0100}	commit: 1 file(s) in tests/unit/movement.test.ts DELTA:+1080/-0 | EXT:ts TEST:1080 NEW:unit/movement.test.ts TESTONLY:unit/movement.test.ts
030402b78695f6b67b44333ab0ae43931d6ff02d	gitlab/main@{2026-09-17 12:22:04 +0100}	update by push
030402b78695f6b67b44333ab0ae43931d6ff02d	origin/main@{2026-09-17 12:22:00 +0100}	update by push
030402b78695f6b67b44333ab0ae43931d6ff02d	main@{2026-09-17 12:21:57 +0100}	commit: 1 file(s) in design/phase-1/Q5-EVIDENCE.md DELTA:+1/-1 | EXT:md DOCSONLY:phase-1/Q5-EVIDENCE.md
030402b78695f6b67b44333ab0ae43931d6ff02d	HEAD@{2026-09-17 12:21:57 +0100}	commit: 1 file(s) in design/phase-1/Q5-EVIDENCE.md DELTA:+1/-1 | EXT:md DOCSONLY:phase-1/Q5-EVIDENCE.md
c3c1db7f696c963f8dc725e0dfdf6eda226944b2	gitlab/main@{2026-09-17 12:20:43 +0100}	update by push
c3c1db7f696c963f8dc725e0dfdf6eda226944b2	origin/main@{2026-09-17 12:20:37 +0100}	update by push
c3c1db7f696c963f8dc725e0dfdf6eda226944b2	main@{2026-09-17 12:20:34 +0100}	commit: 1 file(s) in design/phase-1/Q5-EVIDENCE.md DELTA:+10/-3 | EXT:md DOCSONLY:phase-1/Q5-EVIDENCE.md
c3c1db7f696c963f8dc725e0dfdf6eda226944b2	HEAD@{2026-09-17 12:20:34 +0100}	commit: 1 file(s) in design/phase-1/Q5-EVIDENCE.md DELTA:+10/-3 | EXT:md DOCSONLY:phase-1/Q5-EVIDENCE.md
5ed57e7faaa969e53294c52c7b028baa74dceaaa	gitlab/main@{2026-09-17 12:18:52 +0100}	update by push
5ed57e7faaa969e53294c52c7b028baa74dceaaa	origin/main@{2026-09-17 12:18:49 +0100}	update by push
5ed57e7faaa969e53294c52c7b028baa74dceaaa	main@{2026-09-17 12:18:41 +0100}	commit: 2 file(s) in src,tests [tests/architecture.test.ts, src/routes/+layout.ts] DELTA:+21/-2 | EXT:ts TEST:19
5ed57e7faaa969e53294c52c7b028baa74dceaaa	HEAD@{2026-09-17 12:18:41 +0100}	commit: 2 file(s) in src,tests [tests/architecture.test.ts, src/routes/+layout.ts] DELTA:+21/-2 | EXT:ts TEST:19
c63a97be67c8fe7b248b79d3ba227b2eb3b788be	gitlab/main@{2026-09-17 12:09:20 +0100}	update by push
c63a97be67c8fe7b248b79d3ba227b2eb3b788be	origin/main@{2026-09-17 12:09:17 +0100}	update by push
c63a97be67c8fe7b248b79d3ba227b2eb3b788be	main@{2026-09-17 12:09:11 +0100}	commit: 1 file(s) in src/routes/+layout.ts DELTA:+3/-1 | EXT:ts
c63a97be67c8fe7b248b79d3ba227b2eb3b788be	HEAD@{2026-09-17 12:09:11 +0100}	commit: 1 file(s) in src/routes/+layout.ts DELTA:+3/-1 | EXT:ts
031d5f5ac0e46d3f4d6885663595a28b6ebdc00d	gitlab/main@{2026-09-17 11:57:57 +0100}	update by push
031d5f5ac0e46d3f4d6885663595a28b6ebdc00d	origin/main@{2026-09-17 11:57:53 +0100}	update by push
031d5f5ac0e46d3f4d6885663595a28b6ebdc00d	HEAD@{2026-09-17 11:57:53 +0100}	reset: moving to HEAD
031d5f5ac0e46d3f4d6885663595a28b6ebdc00d	main@{2026-09-17 11:57:50 +0100}	commit: 7 file(s) in design,src,tests [design/phase-1/Q5-EVIDENCE.md, src/shared/model/validation.ts, tests/unit/protocol.test.ts] DELTA:+84/-11 | EXT:ts,md TEST:14 NEW:phase-1/Q5-EVIDENCE.md
031d5f5ac0e46d3f4d6885663595a28b6ebdc00d	HEAD@{2026-09-17 11:57:50 +0100}	commit: 7 file(s) in design,src,tests [design/phase-1/Q5-EVIDENCE.md, src/shared/model/validation.ts, tests/unit/protocol.test.ts] DELTA:+84/-11 | EXT:ts,md TEST:14 NEW:phase-1/Q5-EVIDENCE.md
57c5a0018f3111b221ea8f1b681abc020a036986	gitlab/main@{2026-09-17 11:47:01 +0100}	update by push
57c5a0018f3111b221ea8f1b681abc020a036986	origin/main@{2026-09-17 11:46:58 +0100}	update by push
57c5a0018f3111b221ea8f1b681abc020a036986	main@{2026-09-17 11:46:53 +0100}	commit: 2 file(s) [package.json, svelte.config.js] DELTA:+2/-2 | EXT:js,json DEPS:+license,-license
57c5a0018f3111b221ea8f1b681abc020a036986	HEAD@{2026-09-17 11:46:53 +0100}	commit: 2 file(s) [package.json, svelte.config.js] DELTA:+2/-2 | EXT:js,json DEPS:+license,-license
92cfb07a14d28c813eb3eee5a9ca567a3202ebeb	HEAD@{2026-09-17 11:40:42 +0100}	reset: moving to HEAD
92cfb07a14d28c813eb3eee5a9ca567a3202ebeb	gitlab/main@{2026-09-17 11:39:10 +0100}	update by push
92cfb07a14d28c813eb3eee5a9ca567a3202ebeb	origin/main@{2026-09-17 11:39:07 +0100}	update by push
92cfb07a14d28c813eb3eee5a9ca567a3202ebeb	main@{2026-09-17 11:39:02 +0100}	commit: 18 file(s) in src,tests DELTA:+468/-545 | EXT:ts,html,svelte TEST:496 NEW:client/bridge.ts,client/ports.ts,routes/+layout.ts,model/validation.ts,protocol/fixtures.ts,sim/checkpoint.ts,helpers/architecture.ts
92cfb07a14d28c813eb3eee5a9ca567a3202ebeb	HEAD@{2026-09-17 11:39:02 +0100}	commit: 18 file(s) in src,tests DELTA:+468/-545 | EXT:ts,html,svelte TEST:496 NEW:client/bridge.ts,client/ports.ts,routes/+layout.ts,model/validation.ts,protocol/fixtures.ts,sim/checkpoint.ts,helpers/architecture.ts
e2297176a9d9374cb7449e51f4b9607fdd3bbe23	gitlab/main@{2026-09-17 11:29:30 +0100}	update by push
e2297176a9d9374cb7449e51f4b9607fdd3bbe23	origin/main@{2026-09-17 11:29:27 +0100}	update by push
e2297176a9d9374cb7449e51f4b9607fdd3bbe23	main@{2026-09-17 11:29:22 +0100}	commit: 7 file(s) in src,tests [tests/architecture.test.ts, src/routes/+page.svelte, tests/unit/checkpoint.test.ts] DELTA:+106/-79 | EXT:ts,json,svelte TEST:131 NEW:routes/+page.svelte
e2297176a9d9374cb7449e51f4b9607fdd3bbe23	HEAD@{2026-09-17 11:29:22 +0100}	commit: 7 file(s) in src,tests [tests/architecture.test.ts, src/routes/+page.svelte, tests/unit/checkpoint.test.ts] DELTA:+106/-79 | EXT:ts,json,svelte TEST:131 NEW:routes/+page.svelte
d22fa2431e3a133bf3288ce28ab0870efbcdf0e2	gitlab/main@{2026-09-17 11:19:11 +0100}	update by push
d22fa2431e3a133bf3288ce28ab0870efbcdf0e2	origin/main@{2026-09-17 11:19:08 +0100}	update by push
d22fa2431e3a133bf3288ce28ab0870efbcdf0e2	main@{2026-09-17 11:19:03 +0100}	commit: 11 file(s) in src,tests DELTA:+797/-0 | EXT:ts,json TEST:525
d22fa2431e3a133bf3288ce28ab0870efbcdf0e2	HEAD@{2026-09-17 11:19:03 +0100}	commit: 11 file(s) in src,tests DELTA:+797/-0 | EXT:ts,json TEST:525
76f0b047d4f705748804072ac3796e3c4a2a543d	gitlab/main@{2026-09-17 11:10:31 +0100}	update by push
76f0b047d4f705748804072ac3796e3c4a2a543d	origin/main@{2026-09-17 11:10:28 +0100}	update by push
76f0b047d4f705748804072ac3796e3c4a2a543d	main@{2026-09-17 11:10:21 +0100}	commit: 8 file(s) in design,src DELTA:+342/-3 | EXT:json,html,js NEW:package.json,src/app.html,svelte.config.js,tsconfig.json,tsconfig.sim.json,vite.config.ts DEPS:+description,+type,+packageManager,+private,+license+15more
76f0b047d4f705748804072ac3796e3c4a2a543d	HEAD@{2026-09-17 11:10:21 +0100}	commit: 8 file(s) in design,src DELTA:+342/-3 | EXT:json,html,js NEW:package.json,src/app.html,svelte.config.js,tsconfig.json,tsconfig.sim.json,vite.config.ts DEPS:+description,+type,+packageManager,+private,+license+15more
720f36182e1e5c9ce078b6b43f7622ff78329a68	origin/main@{2026-09-17 10:52:47 +0100}	update by push
720f36182e1e5c9ce078b6b43f7622ff78329a68	gitlab/main@{2026-09-17 10:48:37 +0100}	update by push
720f36182e1e5c9ce078b6b43f7622ff78329a68	main@{2026-09-17 10:48:33 +0100}	commit: docs: record authorized Freeport two-mirror registration
720f36182e1e5c9ce078b6b43f7622ff78329a68	HEAD@{2026-09-17 10:48:33 +0100}	commit: docs: record authorized Freeport two-mirror registration
c191f86884b603574660e19ba0af5186ce81a388	gitlab/main@{2026-09-17 03:21:04 +0100}	update by push
c191f86884b603574660e19ba0af5186ce81a388	origin/main@{2026-09-17 03:21:01 +0100}	update by push
c191f86884b603574660e19ba0af5186ce81a388	main@{2026-09-17 03:20:54 +0100}	commit: 1 file(s) in design/phase-1/WORLD-STORE-CONTRACT.md DELTA:+2/-2 | EXT:md DOCSONLY:phase-1/WORLD-STORE-CONTRACT.md
c191f86884b603574660e19ba0af5186ce81a388	HEAD@{2026-09-17 03:20:54 +0100}	commit: 1 file(s) in design/phase-1/WORLD-STORE-CONTRACT.md DELTA:+2/-2 | EXT:md DOCSONLY:phase-1/WORLD-STORE-CONTRACT.md
775bdeb5184b5e5efd7bf41d2a7c71098602725e	gitlab/main@{2026-09-17 03:17:45 +0100}	update by push
775bdeb5184b5e5efd7bf41d2a7c71098602725e	origin/main@{2026-09-17 03:17:42 +0100}	update by push
775bdeb5184b5e5efd7bf41d2a7c71098602725e	main@{2026-09-17 03:17:35 +0100}	commit: 1 file(s) in design/phase-1/WORLD-STORE-CONTRACT.md DELTA:+35/-17 | EXT:md DOCSONLY:phase-1/WORLD-STORE-CONTRACT.md
775bdeb5184b5e5efd7bf41d2a7c71098602725e	HEAD@{2026-09-17 03:17:35 +0100}	commit: 1 file(s) in design/phase-1/WORLD-STORE-CONTRACT.md DELTA:+35/-17 | EXT:md DOCSONLY:phase-1/WORLD-STORE-CONTRACT.md
f31699575c84cb7a94c4c5d084c97a006e135a2f	gitlab/main@{2026-09-17 03:14:27 +0100}	update by push
f31699575c84cb7a94c4c5d084c97a006e135a2f	origin/main@{2026-09-17 03:14:24 +0100}	update by push
f31699575c84cb7a94c4c5d084c97a006e135a2f	main@{2026-09-17 03:14:18 +0100}	commit: 1 file(s) in design/phase-1/WORLD-STORE-CONTRACT.md DELTA:+11/-11 | EXT:md DOCSONLY:phase-1/WORLD-STORE-CONTRACT.md
f31699575c84cb7a94c4c5d084c97a006e135a2f	HEAD@{2026-09-17 03:14:18 +0100}	commit: 1 file(s) in design/phase-1/WORLD-STORE-CONTRACT.md DELTA:+11/-11 | EXT:md DOCSONLY:phase-1/WORLD-STORE-CONTRACT.md
c362b697f917efc6f30154065195b1883ab53174	gitlab/main@{2026-09-17 03:10:36 +0100}	update by push
c362b697f917efc6f30154065195b1883ab53174	origin/main@{2026-09-17 03:10:34 +0100}	update by push
c362b697f917efc6f30154065195b1883ab53174	main@{2026-09-17 03:10:30 +0100}	commit: 1 file(s) in design/phase-1/WORLD-STORE-CONTRACT.md DELTA:+7/-6 | EXT:md DOCSONLY:phase-1/WORLD-STORE-CONTRACT.md
c362b697f917efc6f30154065195b1883ab53174	HEAD@{2026-09-17 03:10:30 +0100}	commit: 1 file(s) in design/phase-1/WORLD-STORE-CONTRACT.md DELTA:+7/-6 | EXT:md DOCSONLY:phase-1/WORLD-STORE-CONTRACT.md
5da0422e6b1e404379751b4623a9c98fc626fc30	gitlab/main@{2026-09-17 02:30:18 +0100}	update by push
5da0422e6b1e404379751b4623a9c98fc626fc30	origin/main@{2026-09-17 02:30:16 +0100}	update by push
5da0422e6b1e404379751b4623a9c98fc626fc30	main@{2026-09-17 02:30:10 +0100}	commit: 1 file(s) in design/phase-1/WORLD-STORE-CONTRACT.md DELTA:+2/-0 | EXT:md DOCSONLY:phase-1/WORLD-STORE-CONTRACT.md
5da0422e6b1e404379751b4623a9c98fc626fc30	HEAD@{2026-09-17 02:30:10 +0100}	commit: 1 file(s) in design/phase-1/WORLD-STORE-CONTRACT.md DELTA:+2/-0 | EXT:md DOCSONLY:phase-1/WORLD-STORE-CONTRACT.md
0f12b3b19a10458a6f5c4eeb2e9d316b956df31a	gitlab/main@{2026-09-17 02:05:26 +0100}	update by push
0f12b3b19a10458a6f5c4eeb2e9d316b956df31a	origin/main@{2026-09-17 02:05:24 +0100}	update by push
0f12b3b19a10458a6f5c4eeb2e9d316b956df31a	main@{2026-09-17 02:05:19 +0100}	commit: 1 file(s) in design/phase-1/WORLD-STORE-CONTRACT.md DELTA:+171/-89 | EXT:md DOCSONLY:phase-1/WORLD-STORE-CONTRACT.md
0f12b3b19a10458a6f5c4eeb2e9d316b956df31a	HEAD@{2026-09-17 02:05:19 +0100}	commit: 1 file(s) in design/phase-1/WORLD-STORE-CONTRACT.md DELTA:+171/-89 | EXT:md DOCSONLY:phase-1/WORLD-STORE-CONTRACT.md
788c5ea9fc55aef2eda41cb3fc50cd4166a09b33	gitlab/main@{2026-09-17 01:54:11 +0100}	update by push
788c5ea9fc55aef2eda41cb3fc50cd4166a09b33	origin/main@{2026-09-17 01:54:07 +0100}	update by push
788c5ea9fc55aef2eda41cb3fc50cd4166a09b33	main@{2026-09-17 01:53:58 +0100}	commit: 1 file(s) in design/phase-1/WORLD-STORE-CONTRACT.md DELTA:+7/-5 | EXT:md DOCSONLY:phase-1/WORLD-STORE-CONTRACT.md
788c5ea9fc55aef2eda41cb3fc50cd4166a09b33	HEAD@{2026-09-17 01:53:58 +0100}	commit: 1 file(s) in design/phase-1/WORLD-STORE-CONTRACT.md DELTA:+7/-5 | EXT:md DOCSONLY:phase-1/WORLD-STORE-CONTRACT.md
aaef00b4a17fe5ac1c26f46e0a6a64e1b30a18b1	gitlab/main@{2026-09-17 01:47:44 +0100}	update by push
aaef00b4a17fe5ac1c26f46e0a6a64e1b30a18b1	origin/main@{2026-09-17 01:47:40 +0100}	update by push
aaef00b4a17fe5ac1c26f46e0a6a64e1b30a18b1	main@{2026-09-17 01:47:32 +0100}	commit: 7 file(s) in .dracon,.github,design [LICENSE, .gitignore, design/phase-1/WORLD-STORE-CONTRACT.md] DELTA:+1010/-4 | EXT:md,pub,yml NEW:keys/owner_nixos.pub,.gitattributes,.github/FUNDING.yml,.gitignore,LICENSE,phase-1/WORLD-STORE-CONTRACT.md
aaef00b4a17fe5ac1c26f46e0a6a64e1b30a18b1	HEAD@{2026-09-17 01:47:32 +0100}	commit: 7 file(s) in .dracon,.github,design [LICENSE, .gitignore, design/phase-1/WORLD-STORE-CONTRACT.md] DELTA:+1010/-4 | EXT:md,pub,yml NEW:keys/owner_nixos.pub,.gitattributes,.github/FUNDING.yml,.gitignore,LICENSE,phase-1/WORLD-STORE-CONTRACT.md
06c5b90607f3349e57ccbbb0f215ff3844be3a6b	main@{2026-09-17 01:33:10 +0100}	commit (initial): auto: initial commit (6 files)
06c5b90607f3349e57ccbbb0f215ff3844be3a6b	HEAD@{2026-09-17 01:33:10 +0100}	commit (initial): auto: initial commit (6 files)

### Junk-Runner ancestry
snapshot=674864967ac32f2eee4f4e7ae734ef0da6b392d2
current=bf06016e5d24d35eee34b1ec178b29521475d8a4
snapshot_is_ancestor=false
snapshot_object_present=false
current bf06016e5d24d35eee34b1ec178b29521475d8a4
parents 6bef261a81780fbf788061c35316497fbc814fec
date 2026-09-25T14:50:51+01:00
subject 16 file(s) in .pi-glla,docs [docs/premium/evidence/junk-runner-premium-polish/raw/performance.json, .pi-glla/goals/20260924220858-ez3hxq.md, .pi-glla/owner.json] DELTA:+194/-191 | EXT:json,md BIN:13

### Junk-Runner recent graph
* bf06016e5 (HEAD -> main, origin/main, origin/HEAD, gitlab/main, gitlab/HEAD) 16 file(s) in .pi-glla,docs [docs/premium/evidence/junk-runner-premium-polish/raw/performance.json, .pi-glla/goals/20260924220858-ez3hxq.md, .pi-glla/owner.json] DELTA:+194/-191 | EXT:json,md BIN:13
* 6bef261a8 0 file(s) DELTA:+0/-0
* 25a63eeca evidence: record verified purge and remote tips
* b1482af79 evidence: record final post-purge scope
* 313d784f1 evidence: bind report to post-purge revision
* d59fcd545 evidence: record post-purge verification gates
* a54ad9d93 chore: restore current audit ledger after history purge
* ff0a9c92f ops: document authorized second history purge
* b94f740e3 premium: finalize media performance evidence
* 280f654a0 ops: document authorized one-time history purge
* 8a347ae66 evidence: bind final artifacts to audited source revision
* 21bb1ccdb audio: keep generation provenance out of runtime bundle
* fe9e154a9 evidence: pin scope and performance to current head
* fa8d1480b evidence: refresh final performance and scope revisions
* b349ea48d test: align renderer and audio hook contracts
* e983c0b8f perf: stabilize map cadence and prove audio fallback
* 793f2d644 evidence: bind scope inventory to final audited head
* 574c2de98 docs: attach zero-retry neighbor evidence
* dc511a9c7 evidence: refresh post-rehearsal range inventory
* 644580c57 test: stabilize zero-retry audio neighbor checks
* 623d2f7d5 evidence: refresh final range scope inventory
* 37157235f test: stabilize repeated tutorial and event browser coverage
* 2a2651dda 5 file(s) in docs,tests [tests/e2e/premium-tutorial-event-audio.e2e.ts] DELTA:+11/-10 | EXT:ts BIN:4
* 4a3fbe945 perf: assert current route budget evidence
* f7fbf9231 docs: record passing deterministic performance budget
* 23774a43a perf: gate deterministic route cadence and neutral interaction
* a7d862221 1 file(s) in docs/premium/evidence/junk-runner-premium-polish/raw/performance.json DELTA:+265/-275 | EXT:json
* 6a2a9b347 2 file(s) in docs,tests [docs/premium/evidence/junk-runner-premium-polish/raw/performance.json, tests/e2e/desktop-performance-budget.e2e.ts] DELTA:+328/-340 | EXT:json,ts
* 4e5ad33b4 2 file(s) in docs,tests [docs/premium/evidence/junk-runner-premium-polish/raw/performance.json, tests/e2e/desktop-performance-budget.e2e.ts] DELTA:+222/-219 | EXT:json,ts
* 7018917e8 1 file(s) in src/lib/styles/premium-tokens.css DELTA:+11/-0 | EXT:css
